{"stats":{"minecraft:crafted":{"minecraft:cooked_beef":2,"minecraft:oak_planks":24,"minecraft:crafting_table":1,"minecraft:stick":8,"minecraft:wooden_pickaxe":1,"minecraft:stone_pickaxe":1,"minecraft:furnace":1,"minecraft:stone_axe":1},"minecraft:used":{"minecraft:stone_pickaxe":7,"minecraft:wooden_pickaxe":25,"minecraft:stone_axe":35,"minecraft:crafting_table":2,"minecraft:furnace":1,"minecraft:cooked_beef":1,"minecraft:granite":2},"minecraft:custom":{"minecraft:time_since_rest":13725,"minecraft:interact_with_furnace":3,"minecraft:sprint_one_cm":31834,"minecraft:damage_taken":135,"minecraft:walk_one_cm":35857,"minecraft:mob_kills":6,"minecraft:drop":1,"minecraft:damage_dealt":329,"minecraft:swim_one_cm":9141,"minecraft:interact_with_crafting_table":3,"minecraft:fly_one_cm":12097,"minecraft:play_time":13725,"minecraft:sneak_time":16,"minecraft:walk_under_water_one_cm":2776,"minecraft:jump":152,"minecraft:time_since_death":13725,"minecraft:walk_on_water_one_cm":1268,"minecraft:total_world_time":13725,"minecraft:fall_one_cm":2367},"minecraft:dropped":{"minecraft:dirt":1},"minecraft:killed":{"minecraft:salmon":4,"minecraft:cow":2},"minecraft:picked_up":{"minecraft:stick":1,"minecraft:crafting_table":2,"minecraft:cooked_beef":1,"minecraft:salmon":3,"minecraft:oak_log":28,"minecraft:dirt":3,"minecraft:rotten_flesh":1,"minecraft:beef":7,"minecraft:granite":4,"minecraft:coal":3,"minecraft:cobblestone":22,"minecraft:furnace":1},"minecraft:mined":{"minecraft:furnace":1,"minecraft:crafting_table":2,"minecraft:granite":5,"minecraft:short_grass":3,"minecraft:coal_ore":2,"minecraft:grass_block":2,"minecraft:oak_log":28,"minecraft:tall_grass":1,"minecraft:stone":22,"minecraft:oak_leaves":1}},"DataVersion":3953}