{"stats":{"minecraft:crafted":{"minecraft:cooked_beef":7,"minecraft:oak_planks":44,"minecraft:emerald":1,"minecraft:crafting_table":2,"minecraft:wooden_pickaxe":1,"minecraft:furnace":2,"minecraft:cooked_salmon":3,"minecraft:stone_axe":1,"minecraft:bread":21,"minecraft:iron_chestplate":1,"minecraft:diamond_pickaxe":1,"minecraft:iron_axe":1,"minecraft:stick":40,"minecraft:iron_ingot":18,"minecraft:iron_pickaxe":1,"minecraft:stone_pickaxe":1,"minecraft:torch":68,"minecraft:wheat":63},"minecraft:used":{"minecraft:stone_pickaxe":142,"minecraft:wooden_pickaxe":25,"minecraft:cooked_salmon":3,"minecraft:iron_chestplate":1,"minecraft:torch":43,"minecraft:dirt":2,"minecraft:crafting_table":6,"minecraft:granite":2,"minecraft:diamond_pickaxe":3,"minecraft:iron_axe":12,"minecraft:grass_block":1,"minecraft:bread":4,"minecraft:iron_pickaxe":195,"minecraft:stone_axe":45,"minecraft:cobblestone":2,"minecraft:furnace":4,"minecraft:andesite":2,"minecraft:cooked_beef":5},"minecraft:custom":{"minecraft:interact_with_furnace":21,"minecraft:mob_kills":13,"minecraft:traded_with_villager":1,"minecraft:interact_with_crafting_table":10,"minecraft:time_since_death":35263,"minecraft:time_since_rest":35345,"minecraft:sprint_one_cm":116496,"minecraft:damage_taken":1019,"minecraft:walk_one_cm":128134,"minecraft:drop":13,"minecraft:damage_dealt":1385,"minecraft:swim_one_cm":30111,"minecraft:talked_to_villager":2,"minecraft:fly_one_cm":67584,"minecraft:open_chest":3,"minecraft:crouch_one_cm":2004,"minecraft:play_time":49725,"minecraft:deaths":1,"minecraft:sneak_time":2835,"minecraft:walk_under_water_one_cm":5493,"minecraft:jump":557,"minecraft:interact_with_brewingstand":1,"minecraft:walk_on_water_one_cm":5835,"minecraft:total_world_time":49725,"minecraft:fall_one_cm":16428},"minecraft:broken":{"minecraft:stone_pickaxe":1},"minecraft:dropped":{"minecraft:cobbled_deepslate":68,"minecraft:cobblestone":126,"minecraft:rotten_flesh":1,"minecraft:clay_ball":6,"minecraft:granite":4,"minecraft:dirt":7,"minecraft:andesite":18},"minecraft:killed_by":{"minecraft:skeleton":1},"minecraft:killed":{"minecraft:salmon":4,"minecraft:zombie":3,"minecraft:cow":6},"minecraft:picked_up":{"minecraft:crafting_table":6,"minecraft:cooked_beef":3,"minecraft:salmon":6,"minecraft:clay_ball":16,"minecraft:andesite":20,"minecraft:leather":2,"minecraft:wooden_pickaxe":1,"minecraft:golden_shovel":1,"minecraft:flint":1,"minecraft:tuff":2,"minecraft:oak_log":50,"minecraft:lapis_lazuli":16,"minecraft:dirt":13,"minecraft:raw_copper":25,"minecraft:cobbled_deepslate":137,"minecraft:iron_ingot":2,"minecraft:beef":17,"minecraft:stone_pickaxe":1,"minecraft:oak_planks":19,"minecraft:furnace":4,"minecraft:stick":4,"minecraft:raw_iron":30,"minecraft:torch":30,"minecraft:dripstone_block":1,"minecraft:gravel":3,"minecraft:diorite":25,"minecraft:white_bed":1,"minecraft:grass_block":1,"minecraft:stone_sword":1,"minecraft:rotten_flesh":2,"minecraft:diamond":10,"minecraft:stone_axe":1,"minecraft:hay_block":9,"minecraft:granite":8,"minecraft:coal":29,"minecraft:cobblestone":227},"minecraft:mined":{"minecraft:diamond_ore":4,"minecraft:white_bed":1,"minecraft:deepslate_diamond_ore":8,"minecraft:clay":4,"minecraft:crafting_table":5,"minecraft:torch":2,"minecraft:granite":7,"minecraft:short_grass":7,"minecraft:grass_block":3,"minecraft:tall_grass":1,"minecraft:copper_ore":8,"minecraft:lapis_ore":3,"minecraft:diorite":25,"minecraft:wall_torch":28,"minecraft:hay_block":9,"minecraft:furnace":3,"minecraft:iron_ore":9,"minecraft:andesite":20,"minecraft:oak_log":28,"minecraft:coal_ore":3,"minecraft:deepslate_iron_ore":20,"minecraft:gravel":3,"minecraft:dirt":3,"minecraft:stone":150,"minecraft:oak_leaves":1,"minecraft:deepslate":69}},"DataVersion":3953}