{"stats":{"minecraft:crafted":{"minecraft:cooked_beef":7,"minecraft:oak_planks":44,"minecraft:emerald":1,"minecraft:crafting_table":2,"minecraft:wooden_pickaxe":1,"minecraft:furnace":2,"minecraft:cooked_salmon":3,"minecraft:stone_axe":1,"minecraft:bread":21,"minecraft:iron_chestplate":1,"minecraft:diamond_pickaxe":1,"minecraft:iron_axe":1,"minecraft:stick":40,"minecraft:iron_ingot":18,"minecraft:iron_pickaxe":1,"minecraft:stone_pickaxe":1,"minecraft:torch":68,"minecraft:wheat":63},"minecraft:used":{"minecraft:stone_pickaxe":142,"minecraft:wooden_pickaxe":25,"minecraft:cooked_salmon":3,"minecraft:iron_chestplate":1,"minecraft:torch":84,"minecraft:dirt":2,"minecraft:crafting_table":6,"minecraft:tuff":6,"minecraft:granite":2,"minecraft:oak_log":3,"minecraft:diamond_pickaxe":27,"minecraft:iron_axe":17,"minecraft:grass_block":1,"minecraft:bread":8,"minecraft:iron_pickaxe":240,"minecraft:gravel":1,"minecraft:stone_axe":47,"minecraft:cobblestone":3,"minecraft:furnace":4,"minecraft:andesite":2,"minecraft:cooked_beef":5,"minecraft:cobbled_deepslate":11},"minecraft:custom":{"minecraft:interact_with_furnace":21,"minecraft:mob_kills":15,"minecraft:traded_with_villager":1,"minecraft:interact_with_crafting_table":10,"minecraft:time_since_death":47263,"minecraft:time_since_rest":47345,"minecraft:sprint_one_cm":150537,"minecraft:damage_taken":1236,"minecraft:walk_one_cm":179606,"minecraft:drop":26,"minecraft:damage_dealt":1746,"minecraft:swim_one_cm":30111,"minecraft:talked_to_villager":2,"minecraft:fly_one_cm":74579,"minecraft:open_chest":3,"minecraft:crouch_one_cm":4788,"minecraft:play_time":61725,"minecraft:deaths":1,"minecraft:sneak_time":3583,"minecraft:walk_under_water_one_cm":5493,"minecraft:jump":689,"minecraft:interact_with_brewingstand":1,"minecraft:walk_on_water_one_cm":5835,"minecraft:total_world_time":61725,"minecraft:fall_one_cm":17537},"minecraft:broken":{"minecraft:stone_pickaxe":1},"minecraft:dropped":{"minecraft:gravel":3,"minecraft:cooked_beef":3,"minecraft:stone_sword":1,"minecraft:cobbled_deepslate":137,"minecraft:tuff":2,"minecraft:dripstone_block":1,"minecraft:cobblestone":323,"minecraft:rotten_flesh":1,"minecraft:clay_ball":6,"minecraft:granite":4,"minecraft:golden_shovel":1,"minecraft:dirt":7,"minecraft:diorite":25,"minecraft:andesite":18},"minecraft:killed_by":{"minecraft:skeleton":1},"minecraft:killed":{"minecraft:salmon":4,"minecraft:spider":1,"minecraft:zombie":4,"minecraft:cow":6},"minecraft:picked_up":{"minecraft:crafting_table":6,"minecraft:cooked_beef":3,"minecraft:salmon":6,"minecraft:clay_ball":16,"minecraft:andesite":20,"minecraft:leather":2,"minecraft:wooden_pickaxe":1,"minecraft:golden_shovel":1,"minecraft:flint":1,"minecraft:tuff":16,"minecraft:oak_log":51,"minecraft:lapis_lazuli":16,"minecraft:dirt":13,"minecraft:raw_copper":34,"minecraft:cobbled_deepslate":164,"minecraft:raw_gold":5,"minecraft:iron_ingot":2,"minecraft:beef":17,"minecraft:stone_pickaxe":1,"minecraft:oak_planks":19,"minecraft:furnace":4,"minecraft:stick":4,"minecraft:raw_iron":45,"minecraft:torch":37,"minecraft:dripstone_block":1,"minecraft:gravel":5,"minecraft:diorite":25,"minecraft:white_bed":1,"minecraft:grass_block":1,"minecraft:stone_sword":1,"minecraft:rotten_flesh":11,"minecraft:diamond":10,"minecraft:stone_axe":1,"minecraft:hay_block":9,"minecraft:granite":8,"minecraft:coal":29,"minecraft:cobblestone":357},"minecraft:mined":{"minecraft:diamond_ore":4,"minecraft:tuff":12,"minecraft:white_bed":1,"minecraft:deepslate_diamond_ore":8,"minecraft:clay":4,"minecraft:crafting_table":5,"minecraft:torch":3,"minecraft:granite":7,"minecraft:short_grass":7,"minecraft:grass_block":3,"minecraft:cobblestone":1,"minecraft:tall_grass":1,"minecraft:copper_ore":8,"minecraft:deepslate_gold_ore":5,"minecraft:lapis_ore":3,"minecraft:diorite":25,"minecraft:wall_torch":34,"minecraft:hay_block":9,"minecraft:furnace":3,"minecraft:iron_ore":9,"minecraft:cobbled_deepslate":4,"minecraft:andesite":20,"minecraft:oak_log":29,"minecraft:coal_ore":3,"minecraft:deepslate_iron_ore":35,"minecraft:gravel":5,"minecraft:dirt":3,"minecraft:stone":151,"minecraft:oak_leaves":1,"minecraft:deepslate":94}},"DataVersion":3953}