{"stats":{"minecraft:crafted":{"minecraft:oak_planks":24},"minecraft:custom":{"minecraft:jump":18,"minecraft:time_since_rest":1725,"minecraft:sprint_one_cm":2859,"minecraft:play_time":1725,"minecraft:damage_taken":10,"minecraft:time_since_death":1725,"minecraft:walk_one_cm":1892,"minecraft:sneak_time":7,"minecraft:total_world_time":1725,"minecraft:fall_one_cm":478,"minecraft:fly_one_cm":1809},"minecraft:picked_up":{"minecraft:oak_log":6},"minecraft:mined":{"minecraft:short_grass":2,"minecraft:oak_log":6}},"DataVersion":3953}