{"stats":{"minecraft:crafted":{"minecraft:cooked_beef":7,"minecraft:oak_planks":52,"minecraft:emerald":1,"minecraft:crafting_table":2,"minecraft:wooden_pickaxe":1,"minecraft:furnace":2,"minecraft:cooked_salmon":3,"minecraft:stone_axe":1,"minecraft:bread":21,"minecraft:iron_boots":1,"minecraft:iron_chestplate":1,"minecraft:diamond_pickaxe":1,"minecraft:iron_axe":1,"minecraft:stick":40,"minecraft:iron_ingot":18,"minecraft:iron_pickaxe":1,"minecraft:stone_pickaxe":1,"minecraft:torch":68,"minecraft:wheat":63},"minecraft:used":{"minecraft:stone_pickaxe":142,"minecraft:wooden_pickaxe":25,"minecraft:cooked_salmon":3,"minecraft:iron_chestplate":1,"minecraft:torch":100,"minecraft:dirt":2,"minecraft:crafting_table":7,"minecraft:tuff":14,"minecraft:granite":2,"minecraft:oak_log":4,"minecraft:diamond_pickaxe":191,"minecraft:wind_charge":2,"minecraft:iron_axe":37,"minecraft:grass_block":1,"minecraft:bread":12,"minecraft:iron_pickaxe":268,"minecraft:iron_boots":1,"minecraft:gravel":1,"minecraft:stone_axe":48,"minecraft:cobblestone":3,"minecraft:furnace":5,"minecraft:andesite":2,"minecraft:cooked_beef":5,"minecraft:cobbled_deepslate":51},"minecraft:custom":{"minecraft:interact_with_furnace":23,"minecraft:mob_kills":20,"minecraft:traded_with_villager":1,"minecraft:interact_with_crafting_table":11,"minecraft:time_since_death":59263,"minecraft:climb_one_cm":1831,"minecraft:time_since_rest":59345,"minecraft:sprint_one_cm":164623,"minecraft:damage_taken":1411,"minecraft:walk_one_cm":223091,"minecraft:drop":27,"minecraft:damage_dealt":2678,"minecraft:swim_one_cm":33161,"minecraft:talked_to_villager":2,"minecraft:fly_one_cm":81598,"minecraft:open_chest":7,"minecraft:crouch_one_cm":5151,"minecraft:play_time":73725,"minecraft:deaths":1,"minecraft:sneak_time":4178,"minecraft:walk_under_water_one_cm":7245,"minecraft:jump":727,"minecraft:interact_with_brewingstand":1,"minecraft:walk_on_water_one_cm":9142,"minecraft:total_world_time":73725,"minecraft:fall_one_cm":19264},"minecraft:broken":{"minecraft:stone_pickaxe":1,"minecraft:iron_pickaxe":1},"minecraft:dropped":{"minecraft:gravel":3,"minecraft:cooked_beef":3,"minecraft:stone_sword":1,"minecraft:cobbled_deepslate":137,"minecraft:tuff":2,"minecraft:dripstone_block":1,"minecraft:cobblestone":323,"minecraft:rotten_flesh":1,"minecraft:clay_ball":6,"minecraft:granite":4,"minecraft:golden_shovel":1,"minecraft:dirt":7,"minecraft:hay_block":2,"minecraft:diorite":25,"minecraft:andesite":18},"minecraft:killed_by":{"minecraft:skeleton":1},"minecraft:killed":{"minecraft:salmon":4,"minecraft:spider":4,"minecraft:zombie":6,"minecraft:cow":6},"minecraft:picked_up":{"minecraft:crafting_table":7,"minecraft:cooked_beef":3,"minecraft:salmon":6,"minecraft:clay_ball":16,"minecraft:andesite":20,"minecraft:leather":2,"minecraft:wooden_pickaxe":1,"minecraft:golden_shovel":1,"minecraft:flint":1,"minecraft:tuff":16,"minecraft:oak_log":52,"minecraft:string":1,"minecraft:lapis_lazuli":79,"minecraft:dirt":13,"minecraft:raw_copper":34,"minecraft:cobbled_deepslate":334,"minecraft:raw_gold":10,"minecraft:iron_ingot":4,"minecraft:beef":17,"minecraft:stone_pickaxe":1,"minecraft:oak_planks":25,"minecraft:furnace":5,"minecraft:stick":4,"minecraft:raw_iron":68,"minecraft:torch":38,"minecraft:dripstone_block":1,"minecraft:gravel":6,"minecraft:diorite":25,"minecraft:white_bed":1,"minecraft:grass_block":1,"minecraft:stone_sword":1,"minecraft:rotten_flesh":12,"minecraft:diamond":10,"minecraft:stone_axe":1,"minecraft:hay_block":9,"minecraft:granite":8,"minecraft:coal":29,"minecraft:cobblestone":357},"minecraft:mined":{"minecraft:diamond_ore":4,"minecraft:tuff":12,"minecraft:white_bed":1,"minecraft:deepslate_diamond_ore":8,"minecraft:clay":4,"minecraft:crafting_table":6,"minecraft:torch":3,"minecraft:granite":7,"minecraft:short_grass":7,"minecraft:grass_block":3,"minecraft:cobblestone":1,"minecraft:tall_grass":1,"minecraft:copper_ore":8,"minecraft:deepslate_gold_ore":10,"minecraft:lapis_ore":3,"minecraft:diorite":25,"minecraft:wall_torch":35,"minecraft:hay_block":9,"minecraft:furnace":4,"minecraft:iron_ore":9,"minecraft:cobbled_deepslate":7,"minecraft:andesite":20,"minecraft:deepslate_lapis_ore":9,"minecraft:oak_log":30,"minecraft:coal_ore":3,"minecraft:deepslate_iron_ore":35,"minecraft:gravel":6,"minecraft:dirt":3,"minecraft:stone":151,"minecraft:oak_leaves":1,"minecraft:deepslate":266}},"DataVersion":3953}