{"stats":{"minecraft:crafted":{"minecraft:oak_planks":52,"minecraft:wind_charge":8,"minecraft:furnace":2,"minecraft:iron_boots":1,"minecraft:iron_axe":2,"minecraft:stone_pickaxe":1,"minecraft:wheat":63,"minecraft:cooked_beef":8,"minecraft:emerald":10,"minecraft:crafting_table":2,"minecraft:wooden_pickaxe":1,"minecraft:iron_helmet":1,"minecraft:cooked_salmon":3,"minecraft:stone_axe":1,"minecraft:bread":21,"minecraft:iron_chestplate":1,"minecraft:diamond_pickaxe":1,"minecraft:stick":40,"minecraft:iron_ingot":33,"minecraft:iron_pickaxe":1,"minecraft:iron_leggings":1,"minecraft:torch":68},"minecraft:used":{"minecraft:cooked_salmon":3,"minecraft:trial_key":1,"minecraft:iron_chestplate":1,"minecraft:torch":104,"minecraft:dirt":2,"minecraft:tuff":14,"minecraft:granite":2,"minecraft:grass_block":1,"minecraft:iron_axe":157,"minecraft:iron_helmet":1,"minecraft:iron_boots":1,"minecraft:furnace":7,"minecraft:potato":1,"minecraft:cooked_beef":6,"minecraft:cobbled_deepslate":52,"minecraft:iron_leggings":1,"minecraft:stone_pickaxe":142,"minecraft:baked_potato":6,"minecraft:wooden_pickaxe":25,"minecraft:crafting_table":9,"minecraft:white_bed":1,"minecraft:oak_log":7,"minecraft:diamond_pickaxe":195,"minecraft:apple":2,"minecraft:ominous_trial_key":1,"minecraft:wind_charge":11,"minecraft:bread":25,"minecraft:iron_pickaxe":268,"minecraft:gravel":2,"minecraft:chiseled_tuff_bricks":2,"minecraft:stone_axe":49,"minecraft:potion":1,"minecraft:cobblestone":3,"minecraft:andesite":2},"minecraft:custom":{"minecraft:mob_kills":92,"minecraft:interact_with_crafting_table":18,"minecraft:open_barrel":1,"minecraft:eat_cake_slice":3,"minecraft:time_since_death":4764,"minecraft:climb_one_cm":5241,"minecraft:sprint_one_cm":265029,"minecraft:walk_one_cm":374177,"minecraft:drop":37,"minecraft:talked_to_villager":2,"minecraft:play_time":109725,"minecraft:deaths":3,"minecraft:sneak_time":5052,"minecraft:walk_under_water_one_cm":10038,"minecraft:interact_with_brewingstand":1,"minecraft:jump":1085,"minecraft:walk_on_water_one_cm":26216,"minecraft:total_world_time":109725,"minecraft:interact_with_furnace":42,"minecraft:traded_with_villager":1,"minecraft:sleep_in_bed":5,"minecraft:time_since_rest":4800,"minecraft:damage_taken":3168,"minecraft:damage_dealt":6069,"minecraft:fly_one_cm":116908,"minecraft:swim_one_cm":40153,"minecraft:open_chest":11,"minecraft:crouch_one_cm":7764,"minecraft:fall_one_cm":28501},"minecraft:broken":{"minecraft:stone_pickaxe":1,"minecraft:iron_axe":1,"minecraft:iron_pickaxe":1},"minecraft:dropped":{"minecraft:cooked_beef":3,"minecraft:oak_log":1,"minecraft:glass_bottle":2,"minecraft:dripstone_block":1,"minecraft:decorated_pot":1,"minecraft:cobblestone":323,"minecraft:granite":4,"minecraft:dirt":7,"minecraft:diorite":25,"minecraft:gravel":3,"minecraft:stone_axe":1,"minecraft:chiseled_tuff_bricks":4,"minecraft:stone_sword":1,"minecraft:cobbled_deepslate":201,"minecraft:tuff":2,"minecraft:rotten_flesh":1,"minecraft:clay_ball":6,"minecraft:oak_planks":1,"minecraft:golden_shovel":1,"minecraft:hay_block":2,"minecraft:tipped_arrow":1,"minecraft:shield":1,"minecraft:andesite":18},"minecraft:killed":{"minecraft:spider":15,"minecraft:slime":56,"minecraft:salmon":4,"minecraft:zombie":6,"minecraft:breeze":4,"minecraft:cow":6},"minecraft:killed_by":{"minecraft:player":1,"minecraft:skeleton":1,"minecraft:zombie":1},"minecraft:picked_up":{"minecraft:iron_chestplate":2,"minecraft:crafting_table":9,"minecraft:ominous_bottle":1,"minecraft:clay_ball":16,"minecraft:wooden_pickaxe":1,"minecraft:potion":1,"minecraft:enchanted_book":3,"minecraft:golden_shovel":1,"minecraft:brick":10,"minecraft:shield":1,"minecraft:wind_charge":1,"minecraft:string":50,"minecraft:raw_copper":102,"minecraft:iron_axe":5,"minecraft:iron_leggings":2,"minecraft:cobbled_deepslate":334,"minecraft:bucket":3,"minecraft:beef":17,"minecraft:trial_key":1,"minecraft:iron_boots":2,"minecraft:furnace":9,"minecraft:tipped_arrow":14,"minecraft:stick":10,"minecraft:raw_iron":68,"minecraft:torch":51,"minecraft:diorite":25,"minecraft:stone_sword":1,"minecraft:arrow":14,"minecraft:rotten_flesh":14,"minecraft:decorated_pot":3,"minecraft:hay_block":9,"minecraft:flow_armor_trim_smithing_template":1,"minecraft:cobblestone":357,"minecraft:cooked_beef":3,"minecraft:andesite":20,"minecraft:salmon":6,"minecraft:leather":4,"minecraft:potato":7,"minecraft:flint":3,"minecraft:waxed_copper_bulb":1,"minecraft:tuff":16,"minecraft:oak_log":68,"minecraft:lapis_lazuli":109,"minecraft:dirt":13,"minecraft:apple":8,"minecraft:raw_gold":10,"minecraft:stone_pickaxe":1,"minecraft:iron_ingot":30,"minecraft:glass_bottle":5,"minecraft:oak_planks":25,"minecraft:emerald_block":1,"minecraft:gravel":6,"minecraft:dripstone_block":1,"minecraft:white_bed":1,"minecraft:grass_block":1,"minecraft:spider_eye":8,"minecraft:slime_ball":84,"minecraft:diamond":17,"minecraft:stone_axe":4,"minecraft:iron_helmet":2,"minecraft:granite":8,"minecraft:breeze_rod":11,"minecraft:bread":2,"minecraft:emerald":9,"minecraft:baked_potato":8,"minecraft:ominous_trial_key":1,"minecraft:coal":59,"minecraft:chiseled_tuff_bricks":6,"minecraft:diamond_pickaxe":2},"minecraft:mined":{"minecraft:diamond_ore":4,"minecraft:tuff":12,"minecraft:white_bed":1,"minecraft:deepslate_diamond_ore":8,"minecraft:granite":7,"minecraft:grass_block":3,"minecraft:decorated_pot":2,"minecraft:hay_block":9,"minecraft:furnace":6,"minecraft:iron_ore":9,"minecraft:cobbled_deepslate":7,"minecraft:andesite":20,"minecraft:deepslate_lapis_ore":9,"minecraft:deepslate_iron_ore":35,"minecraft:stone":151,"minecraft:crafting_table":9,"minecraft:clay":4,"minecraft:torch":4,"minecraft:short_grass":7,"minecraft:copper_ore":8,"minecraft:tall_grass":1,"minecraft:cobblestone":1,"minecraft:lapis_ore":3,"minecraft:deepslate_gold_ore":10,"minecraft:diorite":25,"minecraft:wall_torch":37,"minecraft:waxed_copper_bulb":1,"minecraft:coal_ore":3,"minecraft:oak_log":30,"minecraft:gravel":6,"minecraft:dirt":3,"minecraft:oak_leaves":1,"minecraft:deepslate":266}},"DataVersion":3953}