{"stats":{"minecraft:crafted":{"minecraft:cooked_beef":8,"minecraft:oak_planks":52,"minecraft:emerald":1,"minecraft:crafting_table":2,"minecraft:iron_helmet":1,"minecraft:wooden_pickaxe":1,"minecraft:furnace":2,"minecraft:cooked_salmon":3,"minecraft:stone_axe":1,"minecraft:bread":21,"minecraft:iron_boots":1,"minecraft:iron_chestplate":1,"minecraft:diamond_pickaxe":1,"minecraft:iron_axe":1,"minecraft:stick":40,"minecraft:iron_ingot":33,"minecraft:iron_pickaxe":1,"minecraft:stone_pickaxe":1,"minecraft:iron_leggings":1,"minecraft:torch":68,"minecraft:wheat":63},"minecraft:used":{"minecraft:stone_pickaxe":142,"minecraft:wooden_pickaxe":25,"minecraft:trial_key":1,"minecraft:cooked_salmon":3,"minecraft:iron_chestplate":1,"minecraft:torch":104,"minecraft:dirt":2,"minecraft:crafting_table":8,"minecraft:white_bed":1,"minecraft:tuff":14,"minecraft:granite":2,"minecraft:oak_log":7,"minecraft:diamond_pickaxe":193,"minecraft:wind_charge":3,"minecraft:iron_axe":56,"minecraft:grass_block":1,"minecraft:bread":17,"minecraft:iron_pickaxe":268,"minecraft:iron_helmet":1,"minecraft:iron_boots":1,"minecraft:gravel":2,"minecraft:stone_axe":49,"minecraft:cobblestone":3,"minecraft:furnace":6,"minecraft:andesite":2,"minecraft:cooked_beef":5,"minecraft:cobbled_deepslate":52,"minecraft:iron_leggings":1},"minecraft:custom":{"minecraft:interact_with_furnace":40,"minecraft:mob_kills":27,"minecraft:traded_with_villager":1,"minecraft:interact_with_crafting_table":16,"minecraft:time_since_death":71263,"minecraft:sleep_in_bed":2,"minecraft:climb_one_cm":1831,"minecraft:time_since_rest":16,"minecraft:sprint_one_cm":185917,"minecraft:damage_taken":1594,"minecraft:walk_one_cm":251772,"minecraft:drop":31,"minecraft:damage_dealt":3516,"minecraft:swim_one_cm":33161,"minecraft:talked_to_villager":2,"minecraft:fly_one_cm":87124,"minecraft:open_chest":8,"minecraft:crouch_one_cm":5230,"minecraft:play_time":85725,"minecraft:deaths":1,"minecraft:sneak_time":4406,"minecraft:walk_under_water_one_cm":7245,"minecraft:jump":805,"minecraft:interact_with_brewingstand":1,"minecraft:walk_on_water_one_cm":20282,"minecraft:total_world_time":85725,"minecraft:fall_one_cm":19533},"minecraft:broken":{"minecraft:stone_pickaxe":1,"minecraft:iron_pickaxe":1},"minecraft:dropped":{"minecraft:gravel":3,"minecraft:stone_axe":1,"minecraft:cooked_beef":3,"minecraft:oak_log":1,"minecraft:stone_sword":1,"minecraft:cobbled_deepslate":137,"minecraft:tuff":2,"minecraft:dripstone_block":1,"minecraft:cobblestone":323,"minecraft:rotten_flesh":1,"minecraft:oak_planks":1,"minecraft:clay_ball":6,"minecraft:granite":4,"minecraft:golden_shovel":1,"minecraft:dirt":7,"minecraft:hay_block":2,"minecraft:shield":1,"minecraft:diorite":25,"minecraft:andesite":18},"minecraft:killed_by":{"minecraft:skeleton":1},"minecraft:killed":{"minecraft:salmon":4,"minecraft:spider":8,"minecraft:zombie":6,"minecraft:breeze":3,"minecraft:cow":6},"minecraft:picked_up":{"minecraft:crafting_table":8,"minecraft:cooked_beef":3,"minecraft:salmon":6,"minecraft:clay_ball":16,"minecraft:andesite":20,"minecraft:leather":2,"minecraft:wooden_pickaxe":1,"minecraft:enchanted_book":1,"minecraft:waxed_copper_bulb":1,"minecraft:golden_shovel":1,"minecraft:flint":1,"minecraft:tuff":16,"minecraft:oak_log":52,"minecraft:shield":1,"minecraft:brick":1,"minecraft:wind_charge":1,"minecraft:string":3,"minecraft:lapis_lazuli":79,"minecraft:dirt":13,"minecraft:raw_copper":34,"minecraft:cobbled_deepslate":334,"minecraft:raw_gold":10,"minecraft:trial_key":1,"minecraft:iron_ingot":6,"minecraft:beef":17,"minecraft:stone_pickaxe":1,"minecraft:oak_planks":25,"minecraft:furnace":6,"minecraft:stick":4,"minecraft:raw_iron":68,"minecraft:torch":41,"minecraft:dripstone_block":1,"minecraft:gravel":6,"minecraft:diorite":25,"minecraft:white_bed":1,"minecraft:grass_block":1,"minecraft:spider_eye":1,"minecraft:stone_sword":1,"minecraft:arrow":7,"minecraft:rotten_flesh":12,"minecraft:diamond":10,"minecraft:stone_axe":2,"minecraft:hay_block":9,"minecraft:breeze_rod":3,"minecraft:granite":8,"minecraft:coal":29,"minecraft:cobblestone":357},"minecraft:mined":{"minecraft:diamond_ore":4,"minecraft:tuff":12,"minecraft:white_bed":1,"minecraft:deepslate_diamond_ore":8,"minecraft:clay":4,"minecraft:crafting_table":8,"minecraft:torch":4,"minecraft:granite":7,"minecraft:short_grass":7,"minecraft:grass_block":3,"minecraft:cobblestone":1,"minecraft:tall_grass":1,"minecraft:copper_ore":8,"minecraft:deepslate_gold_ore":10,"minecraft:lapis_ore":3,"minecraft:diorite":25,"minecraft:wall_torch":37,"minecraft:hay_block":9,"minecraft:waxed_copper_bulb":1,"minecraft:furnace":5,"minecraft:iron_ore":9,"minecraft:cobbled_deepslate":7,"minecraft:andesite":20,"minecraft:deepslate_lapis_ore":9,"minecraft:oak_log":30,"minecraft:coal_ore":3,"minecraft:deepslate_iron_ore":35,"minecraft:gravel":6,"minecraft:dirt":3,"minecraft:stone":151,"minecraft:oak_leaves":1,"minecraft:deepslate":266}},"DataVersion":3953}