{"stats":{"minecraft:crafted":{"minecraft:cooked_beef":7,"minecraft:oak_planks":32,"minecraft:emerald":1,"minecraft:crafting_table":2,"minecraft:wooden_pickaxe":1,"minecraft:furnace":2,"minecraft:cooked_salmon":3,"minecraft:stone_axe":1,"minecraft:iron_axe":1,"minecraft:stick":16,"minecraft:iron_ingot":6,"minecraft:iron_pickaxe":1,"minecraft:stone_pickaxe":1,"minecraft:torch":4},"minecraft:used":{"minecraft:stone_pickaxe":142,"minecraft:wooden_pickaxe":25,"minecraft:torch":27,"minecraft:dirt":2,"minecraft:crafting_table":4,"minecraft:granite":2,"minecraft:iron_axe":1,"minecraft:grass_block":1,"minecraft:bread":3,"minecraft:iron_pickaxe":100,"minecraft:stone_axe":45,"minecraft:furnace":3,"minecraft:andesite":2,"minecraft:cooked_beef":5},"minecraft:custom":{"minecraft:interact_with_furnace":13,"minecraft:mob_kills":10,"minecraft:traded_with_villager":1,"minecraft:interact_with_crafting_table":6,"minecraft:time_since_death":23263,"minecraft:time_since_rest":23345,"minecraft:sprint_one_cm":92839,"minecraft:damage_taken":755,"minecraft:walk_one_cm":89833,"minecraft:drop":7,"minecraft:damage_dealt":755,"minecraft:swim_one_cm":30111,"minecraft:talked_to_villager":2,"minecraft:fly_one_cm":55152,"minecraft:open_chest":3,"minecraft:crouch_one_cm":1490,"minecraft:play_time":37725,"minecraft:deaths":1,"minecraft:sneak_time":2351,"minecraft:walk_under_water_one_cm":5493,"minecraft:jump":401,"minecraft:interact_with_brewingstand":1,"minecraft:walk_on_water_one_cm":5835,"minecraft:total_world_time":37725,"minecraft:fall_one_cm":12605},"minecraft:broken":{"minecraft:stone_pickaxe":1},"minecraft:dropped":{"minecraft:rotten_flesh":1,"minecraft:clay_ball":6,"minecraft:granite":2,"minecraft:dirt":7},"minecraft:killed_by":{"minecraft:skeleton":1},"minecraft:killed":{"minecraft:salmon":4,"minecraft:cow":6},"minecraft:picked_up":{"minecraft:crafting_table":4,"minecraft:cooked_beef":3,"minecraft:salmon":6,"minecraft:clay_ball":16,"minecraft:andesite":20,"minecraft:leather":2,"minecraft:wooden_pickaxe":1,"minecraft:oak_log":50,"minecraft:dirt":11,"minecraft:raw_copper":25,"minecraft:cobbled_deepslate":52,"minecraft:iron_ingot":2,"minecraft:beef":17,"minecraft:stone_pickaxe":1,"minecraft:oak_planks":19,"minecraft:furnace":3,"minecraft:stick":4,"minecraft:raw_iron":14,"minecraft:torch":24,"minecraft:white_bed":1,"minecraft:grass_block":1,"minecraft:rotten_flesh":2,"minecraft:stone_axe":1,"minecraft:hay_block":9,"minecraft:granite":8,"minecraft:coal":5,"minecraft:cobblestone":144},"minecraft:mined":{"minecraft:white_bed":1,"minecraft:clay":4,"minecraft:crafting_table":3,"minecraft:torch":1,"minecraft:granite":7,"minecraft:short_grass":7,"minecraft:grass_block":3,"minecraft:tall_grass":1,"minecraft:copper_ore":8,"minecraft:wall_torch":24,"minecraft:hay_block":9,"minecraft:furnace":2,"minecraft:iron_ore":9,"minecraft:andesite":20,"minecraft:oak_log":28,"minecraft:coal_ore":3,"minecraft:deepslate_iron_ore":5,"minecraft:dirt":1,"minecraft:stone":136,"minecraft:oak_leaves":1,"minecraft:deepslate":52}},"DataVersion":3953}