{"stats":{"minecraft:crafted":{"minecraft:cooked_beef":7,"minecraft:oak_planks":24,"minecraft:emerald":1,"minecraft:crafting_table":1,"minecraft:stick":8,"minecraft:wooden_pickaxe":1,"minecraft:stone_pickaxe":1,"minecraft:furnace":1,"minecraft:cooked_salmon":3,"minecraft:torch":4,"minecraft:stone_axe":1},"minecraft:used":{"minecraft:grass_block":1,"minecraft:bread":2,"minecraft:stone_pickaxe":10,"minecraft:wooden_pickaxe":25,"minecraft:torch":2,"minecraft:stone_axe":45,"minecraft:dirt":2,"minecraft:crafting_table":2,"minecraft:furnace":2,"minecraft:cooked_beef":4,"minecraft:granite":2},"minecraft:custom":{"minecraft:time_since_rest":11345,"minecraft:interact_with_furnace":9,"minecraft:sprint_one_cm":89219,"minecraft:damage_taken":665,"minecraft:walk_one_cm":75381,"minecraft:mob_kills":10,"minecraft:drop":7,"minecraft:damage_dealt":755,"minecraft:traded_with_villager":1,"minecraft:talked_to_villager":2,"minecraft:swim_one_cm":29931,"minecraft:interact_with_crafting_table":3,"minecraft:fly_one_cm":55031,"minecraft:open_chest":3,"minecraft:play_time":25725,"minecraft:deaths":1,"minecraft:sneak_time":23,"minecraft:walk_under_water_one_cm":3953,"minecraft:interact_with_brewingstand":1,"minecraft:jump":386,"minecraft:time_since_death":11263,"minecraft:walk_on_water_one_cm":3891,"minecraft:total_world_time":25725,"minecraft:fall_one_cm":7976},"minecraft:dropped":{"minecraft:dirt":7,"minecraft:rotten_flesh":1,"minecraft:clay_ball":6,"minecraft:granite":2},"minecraft:killed_by":{"minecraft:skeleton":1},"minecraft:killed":{"minecraft:salmon":4,"minecraft:cow":6},"minecraft:picked_up":{"minecraft:stick":4,"minecraft:crafting_table":3,"minecraft:cooked_beef":3,"minecraft:clay_ball":16,"minecraft:salmon":6,"minecraft:leather":2,"minecraft:torch":2,"minecraft:wooden_pickaxe":1,"minecraft:oak_log":50,"minecraft:white_bed":1,"minecraft:grass_block":1,"minecraft:dirt":11,"minecraft:rotten_flesh":2,"minecraft:stone_axe":1,"minecraft:hay_block":9,"minecraft:beef":17,"minecraft:granite":6,"minecraft:stone_pickaxe":1,"minecraft:oak_planks":13,"minecraft:coal":5,"minecraft:cobblestone":31,"minecraft:furnace":2},"minecraft:mined":{"minecraft:hay_block":9,"minecraft:white_bed":1,"minecraft:furnace":1,"minecraft:torch":1,"minecraft:clay":4,"minecraft:crafting_table":2,"minecraft:granite":5,"minecraft:short_grass":7,"minecraft:coal_ore":3,"minecraft:grass_block":3,"minecraft:oak_log":28,"minecraft:dirt":1,"minecraft:tall_grass":1,"minecraft:stone":24,"minecraft:wall_torch":1,"minecraft:oak_leaves":1}},"DataVersion":3953}