{"stats":{"minecraft:crafted":{"minecraft:cooked_beef":4,"minecraft:oak_planks":48,"minecraft:cooked_porkchop":9,"minecraft:crafting_table":3,"minecraft:wooden_pickaxe":1,"minecraft:furnace":1,"minecraft:stone_axe":1,"minecraft:iron_chestplate":1,"minecraft:stick":44,"minecraft:iron_ingot":27,"minecraft:iron_pickaxe":1,"minecraft:stone_pickaxe":3,"minecraft:stone_sword":1,"minecraft:iron_leggings":1,"minecraft:torch":114},"minecraft:used":{"minecraft:water_bucket":1,"minecraft:stone_sword":49,"minecraft:stone_pickaxe":343,"minecraft:wooden_pickaxe":45,"minecraft:torch":58,"minecraft:crafting_table":4,"minecraft:iron_pickaxe":24,"minecraft:stone_axe":57,"minecraft:beef":4,"minecraft:furnace":2,"minecraft:bucket":1,"minecraft:egg":1,"minecraft:cooked_beef":5},"minecraft:custom":{"minecraft:interact_with_furnace":8,"minecraft:mob_kills":12,"minecraft:interact_with_crafting_table":10,"minecraft:time_since_death":13505,"minecraft:climb_one_cm":54,"minecraft:time_since_rest":13555,"minecraft:sprint_one_cm":155415,"minecraft:damage_taken":1175,"minecraft:walk_one_cm":89472,"minecraft:drop":6,"minecraft:damage_dealt":1767,"minecraft:swim_one_cm":15504,"minecraft:fly_one_cm":133456,"minecraft:open_chest":1,"minecraft:crouch_one_cm":1911,"minecraft:play_time":63970,"minecraft:deaths":2,"minecraft:sneak_time":335,"minecraft:walk_under_water_one_cm":1908,"minecraft:jump":720,"minecraft:walk_on_water_one_cm":7344,"minecraft:total_world_time":63970,"minecraft:fall_one_cm":27902},"minecraft:broken":{"minecraft:stone_pickaxe":2,"minecraft:wooden_pickaxe":1},"minecraft:dropped":{"minecraft:diamond":2,"minecraft:rotten_flesh":1,"minecraft:golden_apple":1,"minecraft:wooden_pickaxe":2},"minecraft:killed_by":{"minecraft:zombie":1},"minecraft:killed":{"minecraft:pig":5,"minecraft:sheep":3,"minecraft:zombie":2,"minecraft:cow":2},"minecraft:picked_up":{"minecraft:crafting_table":1,"minecraft:cooked_beef":3,"minecraft:water_bucket":1,"minecraft:andesite":48,"minecraft:leather":3,"minecraft:wooden_pickaxe":2,"minecraft:golden_shovel":1,"minecraft:flint":1,"minecraft:oak_log":12,"minecraft:lapis_lazuli":30,"minecraft:dirt":92,"minecraft:raw_copper":9,"minecraft:wheat_seeds":4,"minecraft:cobbled_deepslate":142,"minecraft:raw_gold":9,"minecraft:beef":28,"minecraft:stone_pickaxe":2,"minecraft:iron_pickaxe":1,"minecraft:sugar_cane":7,"minecraft:oak_planks":23,"minecraft:egg":2,"minecraft:furnace":2,"minecraft:raw_iron":45,"minecraft:torch":62,"minecraft:dripstone_block":1,"minecraft:gravel":13,"minecraft:porkchop":12,"minecraft:diorite":27,"minecraft:stone_sword":1,"minecraft:rotten_flesh":6,"minecraft:diamond":14,"minecraft:stone_axe":1,"minecraft:granite":32,"minecraft:golden_apple":2,"minecraft:mutton":19,"minecraft:coal":32,"minecraft:rail":1,"minecraft:white_wool":3,"minecraft:cobblestone":473},"minecraft:mined":{"minecraft:deepslate_diamond_ore":5,"minecraft:crafting_table":2,"minecraft:granite":12,"minecraft:short_grass":26,"minecraft:grass_block":2,"minecraft:tall_grass":11,"minecraft:copper_ore":3,"minecraft:deepslate_gold_ore":9,"minecraft:lapis_ore":4,"minecraft:oak_planks":19,"minecraft:sugar_cane":3,"minecraft:diorite":1,"minecraft:wall_torch":1,"minecraft:furnace":2,"minecraft:iron_ore":13,"minecraft:andesite":15,"minecraft:deepslate_lapis_ore":1,"minecraft:oak_log":12,"minecraft:coal_ore":32,"minecraft:deepslate_iron_ore":9,"minecraft:dripstone_block":1,"minecraft:gravel":6,"minecraft:dirt":29,"minecraft:stone":174,"minecraft:oak_leaves":1,"minecraft:deepslate":74}},"DataVersion":3953}