{"stats":{"minecraft:crafted":{"minecraft:oak_planks":52,"minecraft:furnace":1,"minecraft:cooked_mutton":1,"minecraft:iron_boots":1,"minecraft:stone_pickaxe":3,"minecraft:cooked_beef":7,"minecraft:diamond_sword":1,"minecraft:cooked_porkchop":9,"minecraft:crafting_table":3,"minecraft:wooden_pickaxe":1,"minecraft:iron_helmet":1,"minecraft:cooked_salmon":3,"minecraft:stone_axe":1,"minecraft:iron_chestplate":1,"minecraft:stick":52,"minecraft:iron_ingot":35,"minecraft:iron_pickaxe":1,"minecraft:stone_sword":1,"minecraft:gold_ingot":2,"minecraft:iron_leggings":1,"minecraft:torch":114},"minecraft:used":{"minecraft:stone_sword":137,"minecraft:shield":35,"minecraft:cooked_salmon":2,"minecraft:cooked_chicken":1,"minecraft:trial_key":3,"minecraft:torch":127,"minecraft:mutton":12,"minecraft:honey_bottle":6,"minecraft:golden_carrot":2,"minecraft:beef":4,"minecraft:ominous_bottle":1,"minecraft:furnace":6,"minecraft:egg":1,"minecraft:cooked_beef":19,"minecraft:cobbled_deepslate":4,"minecraft:cooked_mutton":1,"minecraft:water_bucket":6,"minecraft:stone_pickaxe":365,"minecraft:baked_potato":7,"minecraft:wooden_pickaxe":45,"minecraft:golden_apple":3,"minecraft:crafting_table":5,"minecraft:ominous_trial_key":1,"minecraft:wind_charge":5,"minecraft:iron_pickaxe":64,"minecraft:stone_axe":133,"minecraft:diamond_sword":103,"minecraft:cobblestone":55,"minecraft:porkchop":9,"minecraft:bucket":7},"minecraft:custom":{"minecraft:mob_kills":90,"minecraft:interact_with_crafting_table":17,"minecraft:open_barrel":5,"minecraft:eat_cake_slice":3,"minecraft:leave_game":2,"minecraft:time_since_death":69797,"minecraft:climb_one_cm":3106,"minecraft:sprint_one_cm":481547,"minecraft:walk_one_cm":290701,"minecraft:damage_blocked_by_shield":1546,"minecraft:drop":27,"minecraft:play_time":146417,"minecraft:deaths":3,"minecraft:sneak_time":492,"minecraft:walk_under_water_one_cm":22742,"minecraft:jump":2194,"minecraft:walk_on_water_one_cm":48975,"minecraft:total_world_time":146417,"minecraft:interact_with_furnace":23,"minecraft:sleep_in_bed":6,"minecraft:time_since_rest":31828,"minecraft:damage_taken":4363,"minecraft:damage_absorbed":80,"minecraft:damage_dealt":7845,"minecraft:swim_one_cm":41663,"minecraft:fly_one_cm":389406,"minecraft:open_chest":23,"minecraft:crouch_one_cm":2495,"minecraft:fall_one_cm":78277},"minecraft:broken":{"minecraft:stone_sword":1,"minecraft:wooden_pickaxe":1,"minecraft:stone_pickaxe":2,"minecraft:shield":1,"minecraft:stone_axe":2},"minecraft:dropped":{"minecraft:porkchop":3,"minecraft:glass_bottle":4,"minecraft:diamond":2,"minecraft:golden_apple":1,"minecraft:scrape_pottery_sherd":2,"minecraft:iron_pickaxe":1,"minecraft:flow_pottery_sherd":1,"minecraft:guster_banner_pattern":1,"minecraft:wheat":2,"minecraft:rotten_flesh":1,"minecraft:clay_ball":4,"minecraft:oak_planks":1,"minecraft:trial_key":1,"minecraft:golden_leggings":1,"minecraft:wooden_pickaxe":2},"minecraft:killed_by":{"minecraft:spider":1,"minecraft:zombie":1},"minecraft:killed":{"minecraft:spider":15,"minecraft:slime":44,"minecraft:skeleton":2,"minecraft:pig":9,"minecraft:salmon":3,"minecraft:sheep":3,"minecraft:zombie":9,"minecraft:breeze":2,"minecraft:cow":2},"minecraft:picked_up":{"minecraft:crafting_table":3,"minecraft:wheat":3,"minecraft:ominous_bottle":2,"minecraft:clay_ball":4,"minecraft:wooden_pickaxe":2,"minecraft:enchanted_book":2,"minecraft:golden_shovel":1,"minecraft:brick":9,"minecraft:shield":1,"minecraft:wind_charge":5,"minecraft:string":31,"minecraft:raw_copper":9,"minecraft:red_candle":7,"minecraft:cobbled_deepslate":181,"minecraft:beef":28,"minecraft:trial_key":7,"minecraft:iron_pickaxe":2,"minecraft:sugar_cane":7,"minecraft:egg":3,"minecraft:furnace":5,"minecraft:stick":6,"minecraft:raw_iron":54,"minecraft:torch":123,"minecraft:porkchop":24,"minecraft:flow_pottery_sherd":2,"minecraft:diorite":27,"minecraft:honey_bottle":2,"minecraft:stone_sword":1,"minecraft:arrow":14,"minecraft:rotten_flesh":13,"minecraft:decorated_pot":1,"minecraft:tuff_bricks":3,"minecraft:mutton":19,"minecraft:rail":1,"minecraft:white_wool":3,"minecraft:cobblestone":482,"minecraft:cooked_beef":12,"minecraft:golden_carrot":1,"minecraft:salmon":3,"minecraft:water_bucket":1,"minecraft:andesite":48,"minecraft:leather":5,"minecraft:golden_leggings":1,"minecraft:waxed_copper_bulb":1,"minecraft:flint":1,"minecraft:oak_log":13,"minecraft:waxed_copper_block":1,"minecraft:lapis_lazuli":30,"minecraft:dirt":92,"minecraft:bone":2,"minecraft:bow":1,"minecraft:wheat_seeds":10,"minecraft:raw_gold":40,"minecraft:cooked_chicken":1,"minecraft:iron_ingot":1,"minecraft:stone_pickaxe":2,"minecraft:guster_banner_pattern":1,"minecraft:glass_bottle":1,"minecraft:scrape_pottery_sherd":2,"minecraft:oak_planks":24,"minecraft:honeycomb":4,"minecraft:gravel":13,"minecraft:dripstone_block":1,"minecraft:spruce_log":7,"minecraft:spider_eye":12,"minecraft:slime_ball":88,"minecraft:diamond":35,"minecraft:stone_axe":1,"minecraft:waxed_oxidized_copper_grate":2,"minecraft:breeze_rod":2,"minecraft:granite":32,"minecraft:crossbow":1,"minecraft:golden_apple":3,"minecraft:emerald":22,"minecraft:baked_potato":10,"minecraft:coal":32,"minecraft:ominous_trial_key":1},"minecraft:mined":{"minecraft:deepslate_diamond_ore":10,"minecraft:granite":13,"minecraft:grass_block":3,"minecraft:decorated_pot":3,"minecraft:spruce_leaves":3,"minecraft:furnace":5,"minecraft:iron_ore":19,"minecraft:andesite":15,"minecraft:deepslate_lapis_ore":1,"minecraft:deepslate_iron_ore":10,"minecraft:waxed_weathered_copper_bulb":1,"minecraft:stone":182,"minecraft:clay":1,"minecraft:crafting_table":3,"minecraft:short_grass":26,"minecraft:tall_grass":11,"minecraft:copper_ore":3,"minecraft:cobblestone":1,"minecraft:lapis_ore":4,"minecraft:deepslate_gold_ore":9,"minecraft:sugar_cane":3,"minecraft:oak_planks":19,"minecraft:diorite":1,"minecraft:wall_torch":1,"minecraft:red_candle":2,"minecraft:waxed_oxidized_copper_grate":2,"minecraft:light_gray_stained_glass":2,"minecraft:wheat":3,"minecraft:spruce_log":7,"minecraft:waxed_copper_block":1,"minecraft:oak_log":13,"minecraft:coal_ore":32,"minecraft:gravel":6,"minecraft:dripstone_block":1,"minecraft:dirt":29,"minecraft:cobweb":10,"minecraft:gold_ore":1,"minecraft:oak_leaves":1,"minecraft:deepslate":83}},"DataVersion":3953}