{"stats":{"minecraft:crafted":{"minecraft:cooked_beef":4,"minecraft:oak_planks":48,"minecraft:cooked_porkchop":9,"minecraft:crafting_table":2,"minecraft:stick":44,"minecraft:wooden_pickaxe":1,"minecraft:stone_pickaxe":3,"minecraft:stone_sword":1,"minecraft:torch":114,"minecraft:stone_axe":1},"minecraft:used":{"minecraft:stone_sword":45,"minecraft:stone_pickaxe":266,"minecraft:wooden_pickaxe":45,"minecraft:torch":12,"minecraft:stone_axe":36,"minecraft:beef":4,"minecraft:crafting_table":3,"minecraft:cooked_beef":3},"minecraft:custom":{"minecraft:time_since_rest":39970,"minecraft:interact_with_furnace":3,"minecraft:sprint_one_cm":103065,"minecraft:damage_taken":205,"minecraft:walk_one_cm":50866,"minecraft:mob_kills":11,"minecraft:drop":2,"minecraft:damage_dealt":1488,"minecraft:swim_one_cm":5541,"minecraft:interact_with_crafting_table":6,"minecraft:fly_one_cm":85021,"minecraft:open_chest":1,"minecraft:crouch_one_cm":1762,"minecraft:play_time":39970,"minecraft:sneak_time":282,"minecraft:walk_under_water_one_cm":319,"minecraft:jump":391,"minecraft:time_since_death":39970,"minecraft:walk_on_water_one_cm":6259,"minecraft:climb_one_cm":54,"minecraft:total_world_time":39970,"minecraft:fall_one_cm":11503},"minecraft:broken":{"minecraft:stone_pickaxe":2,"minecraft:wooden_pickaxe":1},"minecraft:dropped":{"minecraft:wooden_pickaxe":2},"minecraft:killed":{"minecraft:sheep":3,"minecraft:zombie":1,"minecraft:pig":5,"minecraft:cow":2},"minecraft:picked_up":{"minecraft:crafting_table":1,"minecraft:andesite":15,"minecraft:leather":3,"minecraft:wooden_pickaxe":2,"minecraft:gravel":3,"minecraft:flint":1,"minecraft:porkchop":12,"minecraft:oak_log":12,"minecraft:diorite":1,"minecraft:lapis_lazuli":29,"minecraft:dirt":46,"minecraft:raw_copper":9,"minecraft:rotten_flesh":3,"minecraft:wheat_seeds":2,"minecraft:cobbled_deepslate":47,"minecraft:beef":7,"minecraft:granite":15,"minecraft:coal":32,"minecraft:sugar_cane":7,"minecraft:mutton":6,"minecraft:white_wool":3,"minecraft:cobblestone":140,"minecraft:furnace":1},"minecraft:mined":{"minecraft:furnace":1,"minecraft:andesite":15,"minecraft:deepslate_lapis_ore":1,"minecraft:crafting_table":1,"minecraft:granite":12,"minecraft:short_grass":26,"minecraft:coal_ore":32,"minecraft:grass_block":2,"minecraft:oak_log":12,"minecraft:gravel":4,"minecraft:dirt":29,"minecraft:copper_ore":3,"minecraft:tall_grass":11,"minecraft:lapis_ore":4,"minecraft:stone":141,"minecraft:sugar_cane":3,"minecraft:diorite":1,"minecraft:deepslate":48,"minecraft:oak_leaves":1}},"DataVersion":3953}