{"stats":{"minecraft:crafted":{"minecraft:oak_planks":52,"minecraft:furnace":1,"minecraft:cooked_mutton":1,"minecraft:iron_boots":1,"minecraft:stone_pickaxe":3,"minecraft:cooked_beef":7,"minecraft:diamond_sword":1,"minecraft:cooked_porkchop":9,"minecraft:crafting_table":3,"minecraft:wooden_pickaxe":1,"minecraft:iron_helmet":1,"minecraft:stone_axe":1,"minecraft:iron_chestplate":1,"minecraft:stick":52,"minecraft:iron_ingot":35,"minecraft:iron_pickaxe":1,"minecraft:stone_sword":1,"minecraft:gold_ingot":2,"minecraft:iron_leggings":1,"minecraft:torch":114},"minecraft:used":{"minecraft:stone_sword":137,"minecraft:shield":35,"minecraft:cooked_chicken":1,"minecraft:trial_key":3,"minecraft:torch":127,"minecraft:mutton":12,"minecraft:honey_bottle":6,"minecraft:golden_carrot":2,"minecraft:beef":4,"minecraft:ominous_bottle":1,"minecraft:furnace":4,"minecraft:egg":1,"minecraft:cooked_beef":19,"minecraft:cobbled_deepslate":4,"minecraft:water_bucket":5,"minecraft:stone_pickaxe":359,"minecraft:baked_potato":7,"minecraft:wooden_pickaxe":45,"minecraft:golden_apple":3,"minecraft:crafting_table":5,"minecraft:ominous_trial_key":1,"minecraft:wind_charge":5,"minecraft:iron_pickaxe":43,"minecraft:stone_axe":133,"minecraft:diamond_sword":68,"minecraft:cobblestone":24,"minecraft:bucket":6},"minecraft:custom":{"minecraft:mob_kills":81,"minecraft:interact_with_crafting_table":17,"minecraft:open_barrel":5,"minecraft:eat_cake_slice":3,"minecraft:leave_game":1,"minecraft:time_since_death":54476,"minecraft:climb_one_cm":3106,"minecraft:sprint_one_cm":424111,"minecraft:walk_one_cm":269159,"minecraft:damage_blocked_by_shield":1546,"minecraft:drop":20,"minecraft:play_time":131096,"minecraft:sneak_time":370,"minecraft:deaths":3,"minecraft:walk_under_water_one_cm":10408,"minecraft:jump":1850,"minecraft:walk_on_water_one_cm":34072,"minecraft:total_world_time":131096,"minecraft:interact_with_furnace":19,"minecraft:sleep_in_bed":6,"minecraft:time_since_rest":16507,"minecraft:damage_taken":3846,"minecraft:damage_absorbed":80,"minecraft:damage_dealt":6966,"minecraft:swim_one_cm":26276,"minecraft:fly_one_cm":347112,"minecraft:open_chest":23,"minecraft:crouch_one_cm":2150,"minecraft:fall_one_cm":67579},"minecraft:broken":{"minecraft:stone_sword":1,"minecraft:wooden_pickaxe":1,"minecraft:stone_pickaxe":2,"minecraft:shield":1,"minecraft:stone_axe":2},"minecraft:dropped":{"minecraft:glass_bottle":4,"minecraft:diamond":2,"minecraft:golden_apple":1,"minecraft:scrape_pottery_sherd":2,"minecraft:iron_pickaxe":1,"minecraft:flow_pottery_sherd":1,"minecraft:guster_banner_pattern":1,"minecraft:wheat":2,"minecraft:rotten_flesh":1,"minecraft:oak_planks":1,"minecraft:trial_key":1,"minecraft:golden_leggings":1,"minecraft:wooden_pickaxe":2},"minecraft:killed_by":{"minecraft:spider":1,"minecraft:zombie":1},"minecraft:killed":{"minecraft:spider":15,"minecraft:slime":44,"minecraft:skeleton":2,"minecraft:pig":5,"minecraft:sheep":3,"minecraft:zombie":7,"minecraft:breeze":2,"minecraft:cow":2},"minecraft:picked_up":{"minecraft:crafting_table":3,"minecraft:wheat":3,"minecraft:ominous_bottle":2,"minecraft:wooden_pickaxe":2,"minecraft:enchanted_book":2,"minecraft:golden_shovel":1,"minecraft:brick":9,"minecraft:shield":1,"minecraft:wind_charge":5,"minecraft:string":31,"minecraft:raw_copper":9,"minecraft:red_candle":7,"minecraft:cobbled_deepslate":181,"minecraft:beef":28,"minecraft:trial_key":7,"minecraft:iron_pickaxe":2,"minecraft:sugar_cane":7,"minecraft:furnace":4,"minecraft:egg":3,"minecraft:stick":6,"minecraft:raw_iron":48,"minecraft:torch":123,"minecraft:porkchop":12,"minecraft:flow_pottery_sherd":2,"minecraft:diorite":27,"minecraft:stone_sword":1,"minecraft:arrow":14,"minecraft:honey_bottle":2,"minecraft:rotten_flesh":11,"minecraft:decorated_pot":1,"minecraft:tuff_bricks":3,"minecraft:mutton":19,"minecraft:white_wool":3,"minecraft:rail":1,"minecraft:cobblestone":474,"minecraft:cooked_beef":12,"minecraft:golden_carrot":1,"minecraft:water_bucket":1,"minecraft:andesite":48,"minecraft:leather":5,"minecraft:golden_leggings":1,"minecraft:flint":1,"minecraft:waxed_copper_bulb":1,"minecraft:oak_log":13,"minecraft:waxed_copper_block":1,"minecraft:lapis_lazuli":30,"minecraft:dirt":92,"minecraft:bone":2,"minecraft:bow":1,"minecraft:wheat_seeds":10,"minecraft:raw_gold":39,"minecraft:iron_ingot":1,"minecraft:stone_pickaxe":2,"minecraft:cooked_chicken":1,"minecraft:guster_banner_pattern":1,"minecraft:glass_bottle":1,"minecraft:oak_planks":24,"minecraft:honeycomb":4,"minecraft:scrape_pottery_sherd":2,"minecraft:gravel":13,"minecraft:dripstone_block":1,"minecraft:spider_eye":12,"minecraft:slime_ball":88,"minecraft:diamond":35,"minecraft:stone_axe":1,"minecraft:waxed_oxidized_copper_grate":2,"minecraft:crossbow":1,"minecraft:granite":32,"minecraft:breeze_rod":2,"minecraft:golden_apple":3,"minecraft:emerald":22,"minecraft:baked_potato":10,"minecraft:ominous_trial_key":1,"minecraft:coal":32},"minecraft:mined":{"minecraft:deepslate_diamond_ore":10,"minecraft:granite":12,"minecraft:grass_block":2,"minecraft:decorated_pot":3,"minecraft:furnace":4,"minecraft:iron_ore":13,"minecraft:andesite":15,"minecraft:deepslate_lapis_ore":1,"minecraft:deepslate_iron_ore":9,"minecraft:waxed_weathered_copper_bulb":1,"minecraft:stone":174,"minecraft:crafting_table":3,"minecraft:short_grass":26,"minecraft:cobblestone":1,"minecraft:copper_ore":3,"minecraft:tall_grass":11,"minecraft:lapis_ore":4,"minecraft:deepslate_gold_ore":9,"minecraft:sugar_cane":3,"minecraft:oak_planks":19,"minecraft:diorite":1,"minecraft:wall_torch":1,"minecraft:red_candle":2,"minecraft:waxed_oxidized_copper_grate":2,"minecraft:light_gray_stained_glass":2,"minecraft:wheat":3,"minecraft:waxed_copper_block":1,"minecraft:coal_ore":32,"minecraft:oak_log":13,"minecraft:gravel":6,"minecraft:dripstone_block":1,"minecraft:dirt":29,"minecraft:cobweb":10,"minecraft:oak_leaves":1,"minecraft:deepslate":83}},"DataVersion":3953}