{"stats":{"minecraft:crafted":{"minecraft:cooked_beef":3,"minecraft:oak_planks":24,"minecraft:crafting_table":1,"minecraft:stick":8,"minecraft:wooden_pickaxe":1,"minecraft:stone_pickaxe":1,"minecraft:stone_sword":1,"minecraft:stone_axe":1},"minecraft:used":{"minecraft:stone_sword":6,"minecraft:wooden_pickaxe":45,"minecraft:stone_axe":3,"minecraft:beef":4,"minecraft:crafting_table":1,"minecraft:cooked_beef":1},"minecraft:custom":{"minecraft:time_since_rest":15970,"minecraft:interact_with_furnace":1,"minecraft:sprint_one_cm":53372,"minecraft:damage_taken":185,"minecraft:walk_one_cm":21236,"minecraft:mob_kills":3,"minecraft:drop":2,"minecraft:damage_dealt":419,"minecraft:swim_one_cm":406,"minecraft:interact_with_crafting_table":2,"minecraft:fly_one_cm":28260,"minecraft:crouch_one_cm":1456,"minecraft:play_time":15970,"minecraft:sneak_time":214,"minecraft:walk_under_water_one_cm":26,"minecraft:jump":153,"minecraft:time_since_death":15970,"minecraft:walk_on_water_one_cm":1205,"minecraft:total_world_time":15970,"minecraft:fall_one_cm":3894},"minecraft:broken":{"minecraft:wooden_pickaxe":1},"minecraft:dropped":{"minecraft:wooden_pickaxe":2},"minecraft:killed":{"minecraft:zombie":1,"minecraft:cow":2},"minecraft:picked_up":{"minecraft:crafting_table":1,"minecraft:leather":3,"minecraft:wooden_pickaxe":2,"minecraft:oak_log":12,"minecraft:dirt":7,"minecraft:beef":7,"minecraft:granite":1,"minecraft:cobblestone":24},"minecraft:mined":{"minecraft:crafting_table":1,"minecraft:short_grass":1,"minecraft:grass_block":2,"minecraft:oak_log":12,"minecraft:dirt":5,"minecraft:stone":24,"minecraft:oak_leaves":1}},"DataVersion":3953}