{"stats":{"minecraft:custom":{"minecraft:jump":20,"minecraft:time_since_rest":3970,"minecraft:damage_dealt":10,"minecraft:crouch_one_cm":261,"minecraft:sprint_one_cm":6978,"minecraft:play_time":3970,"minecraft:time_since_death":3970,"minecraft:walk_one_cm":2888,"minecraft:sneak_time":37,"minecraft:total_world_time":3970,"minecraft:fall_one_cm":1012,"minecraft:fly_one_cm":2907},"minecraft:picked_up":{"minecraft:oak_log":6},"minecraft:mined":{"minecraft:oak_log":6,"minecraft:oak_leaves":1}},"DataVersion":3953}