{"stats":{"minecraft:crafted":{"minecraft:cooked_beef":4,"minecraft:oak_planks":24,"minecraft:cooked_porkchop":9,"minecraft:crafting_table":1,"minecraft:stick":8,"minecraft:wooden_pickaxe":1,"minecraft:stone_pickaxe":1,"minecraft:stone_sword":1,"minecraft:stone_axe":1},"minecraft:used":{"minecraft:stone_sword":45,"minecraft:stone_pickaxe":26,"minecraft:wooden_pickaxe":45,"minecraft:stone_axe":36,"minecraft:beef":4,"minecraft:crafting_table":1,"minecraft:cooked_beef":3},"minecraft:custom":{"minecraft:time_since_rest":27970,"minecraft:interact_with_furnace":3,"minecraft:sprint_one_cm":98082,"minecraft:damage_taken":195,"minecraft:walk_one_cm":36708,"minecraft:mob_kills":11,"minecraft:drop":2,"minecraft:damage_dealt":1488,"minecraft:swim_one_cm":5541,"minecraft:interact_with_crafting_table":2,"minecraft:fly_one_cm":84634,"minecraft:open_chest":1,"minecraft:crouch_one_cm":1660,"minecraft:play_time":27970,"minecraft:sneak_time":260,"minecraft:walk_under_water_one_cm":319,"minecraft:jump":364,"minecraft:time_since_death":27970,"minecraft:walk_on_water_one_cm":6259,"minecraft:climb_one_cm":54,"minecraft:total_world_time":27970,"minecraft:fall_one_cm":11234},"minecraft:broken":{"minecraft:wooden_pickaxe":1},"minecraft:dropped":{"minecraft:wooden_pickaxe":2},"minecraft:killed":{"minecraft:sheep":3,"minecraft:zombie":1,"minecraft:pig":5,"minecraft:cow":2},"minecraft:picked_up":{"minecraft:crafting_table":1,"minecraft:leather":3,"minecraft:wooden_pickaxe":2,"minecraft:porkchop":12,"minecraft:oak_log":12,"minecraft:dirt":22,"minecraft:rotten_flesh":3,"minecraft:wheat_seeds":2,"minecraft:beef":7,"minecraft:granite":3,"minecraft:coal":19,"minecraft:sugar_cane":7,"minecraft:mutton":6,"minecraft:white_wool":3,"minecraft:cobblestone":24,"minecraft:furnace":1},"minecraft:mined":{"minecraft:furnace":1,"minecraft:crafting_table":1,"minecraft:short_grass":26,"minecraft:coal_ore":21,"minecraft:grass_block":2,"minecraft:oak_log":12,"minecraft:dirt":5,"minecraft:tall_grass":11,"minecraft:stone":24,"minecraft:sugar_cane":3,"minecraft:oak_leaves":1}},"DataVersion":3953}