{"stats":{"minecraft:crafted":{"minecraft:cooked_beef":4,"minecraft:oak_planks":48,"minecraft:cooked_porkchop":9,"minecraft:crafting_table":2,"minecraft:wooden_pickaxe":1,"minecraft:stone_axe":1,"minecraft:stick":44,"minecraft:iron_ingot":5,"minecraft:iron_pickaxe":1,"minecraft:stone_pickaxe":3,"minecraft:stone_sword":1,"minecraft:torch":114},"minecraft:used":{"minecraft:water_bucket":1,"minecraft:stone_sword":49,"minecraft:stone_pickaxe":343,"minecraft:wooden_pickaxe":45,"minecraft:torch":51,"minecraft:crafting_table":3,"minecraft:iron_pickaxe":18,"minecraft:stone_axe":38,"minecraft:beef":4,"minecraft:furnace":1,"minecraft:egg":1,"minecraft:cooked_beef":4},"minecraft:custom":{"minecraft:interact_with_furnace":5,"minecraft:mob_kills":12,"minecraft:interact_with_crafting_table":8,"minecraft:time_since_death":1505,"minecraft:climb_one_cm":54,"minecraft:time_since_rest":1555,"minecraft:sprint_one_cm":139389,"minecraft:damage_taken":1087,"minecraft:walk_one_cm":79696,"minecraft:drop":5,"minecraft:damage_dealt":1754,"minecraft:swim_one_cm":15504,"minecraft:fly_one_cm":120354,"minecraft:open_chest":1,"minecraft:crouch_one_cm":1822,"minecraft:play_time":51970,"minecraft:deaths":2,"minecraft:sneak_time":311,"minecraft:walk_under_water_one_cm":1908,"minecraft:jump":630,"minecraft:walk_on_water_one_cm":7344,"minecraft:total_world_time":51970,"minecraft:fall_one_cm":25851},"minecraft:broken":{"minecraft:stone_pickaxe":2,"minecraft:wooden_pickaxe":1},"minecraft:dropped":{"minecraft:diamond":2,"minecraft:rotten_flesh":1,"minecraft:wooden_pickaxe":2},"minecraft:killed_by":{"minecraft:zombie":1},"minecraft:killed":{"minecraft:pig":5,"minecraft:sheep":3,"minecraft:zombie":2,"minecraft:cow":2},"minecraft:picked_up":{"minecraft:crafting_table":1,"minecraft:water_bucket":1,"minecraft:andesite":15,"minecraft:leather":3,"minecraft:wooden_pickaxe":2,"minecraft:flint":1,"minecraft:oak_log":12,"minecraft:lapis_lazuli":30,"minecraft:dirt":46,"minecraft:raw_copper":9,"minecraft:wheat_seeds":2,"minecraft:cobbled_deepslate":70,"minecraft:raw_gold":9,"minecraft:beef":7,"minecraft:sugar_cane":7,"minecraft:oak_planks":4,"minecraft:egg":1,"minecraft:furnace":2,"minecraft:raw_iron":20,"minecraft:torch":5,"minecraft:gravel":5,"minecraft:porkchop":12,"minecraft:diorite":1,"minecraft:rotten_flesh":6,"minecraft:diamond":5,"minecraft:granite":15,"minecraft:mutton":6,"minecraft:coal":32,"minecraft:white_wool":3,"minecraft:cobblestone":174},"minecraft:mined":{"minecraft:crafting_table":2,"minecraft:granite":12,"minecraft:short_grass":26,"minecraft:grass_block":2,"minecraft:tall_grass":11,"minecraft:copper_ore":3,"minecraft:deepslate_gold_ore":9,"minecraft:lapis_ore":4,"minecraft:sugar_cane":3,"minecraft:diorite":1,"minecraft:wall_torch":1,"minecraft:furnace":2,"minecraft:iron_ore":13,"minecraft:andesite":15,"minecraft:deepslate_lapis_ore":1,"minecraft:oak_log":12,"minecraft:coal_ore":32,"minecraft:deepslate_iron_ore":8,"minecraft:dripstone_block":1,"minecraft:gravel":6,"minecraft:dirt":29,"minecraft:stone":174,"minecraft:oak_leaves":1,"minecraft:deepslate":74}},"DataVersion":3953}