{"stats":{"minecraft:crafted":{"minecraft:cooked_beef":7,"minecraft:oak_planks":48,"minecraft:cooked_porkchop":9,"minecraft:crafting_table":3,"minecraft:wooden_pickaxe":1,"minecraft:iron_helmet":1,"minecraft:furnace":1,"minecraft:stone_axe":1,"minecraft:iron_boots":1,"minecraft:iron_chestplate":1,"minecraft:stick":44,"minecraft:iron_ingot":35,"minecraft:iron_pickaxe":1,"minecraft:stone_pickaxe":3,"minecraft:stone_sword":1,"minecraft:iron_leggings":1,"minecraft:torch":114},"minecraft:used":{"minecraft:water_bucket":2,"minecraft:stone_sword":111,"minecraft:stone_pickaxe":346,"minecraft:wooden_pickaxe":45,"minecraft:cooked_chicken":1,"minecraft:trial_key":3,"minecraft:torch":66,"minecraft:golden_apple":1,"minecraft:crafting_table":4,"minecraft:honey_bottle":2,"minecraft:iron_pickaxe":28,"minecraft:stone_axe":58,"minecraft:beef":4,"minecraft:furnace":2,"minecraft:bucket":2,"minecraft:egg":1,"minecraft:cooked_beef":9},"minecraft:custom":{"minecraft:interact_with_furnace":14,"minecraft:mob_kills":27,"minecraft:interact_with_crafting_table":15,"minecraft:open_barrel":1,"minecraft:time_since_death":11350,"minecraft:sleep_in_bed":2,"minecraft:climb_one_cm":1910,"minecraft:time_since_rest":247,"minecraft:sprint_one_cm":234289,"minecraft:damage_absorbed":40,"minecraft:damage_taken":1878,"minecraft:walk_one_cm":143039,"minecraft:drop":11,"minecraft:damage_dealt":2653,"minecraft:swim_one_cm":20584,"minecraft:fly_one_cm":209679,"minecraft:open_chest":11,"minecraft:crouch_one_cm":2125,"minecraft:play_time":87970,"minecraft:deaths":3,"minecraft:sneak_time":366,"minecraft:walk_under_water_one_cm":2588,"minecraft:jump":1089,"minecraft:walk_on_water_one_cm":13547,"minecraft:total_world_time":87970,"minecraft:fall_one_cm":41041},"minecraft:broken":{"minecraft:stone_pickaxe":2,"minecraft:wooden_pickaxe":1},"minecraft:dropped":{"minecraft:glass_bottle":1,"minecraft:diamond":2,"minecraft:guster_banner_pattern":1,"minecraft:rotten_flesh":1,"minecraft:oak_planks":1,"minecraft:golden_apple":1,"minecraft:trial_key":1,"minecraft:wooden_pickaxe":2,"minecraft:iron_pickaxe":1},"minecraft:killed_by":{"minecraft:spider":1,"minecraft:zombie":1},"minecraft:killed":{"minecraft:pig":5,"minecraft:spider":3,"minecraft:slime":12,"minecraft:sheep":3,"minecraft:zombie":2,"minecraft:cow":2},"minecraft:picked_up":{"minecraft:crafting_table":2,"minecraft:wheat":1,"minecraft:cooked_beef":3,"minecraft:water_bucket":1,"minecraft:andesite":48,"minecraft:leather":3,"minecraft:wooden_pickaxe":2,"minecraft:enchanted_book":2,"minecraft:waxed_copper_bulb":1,"minecraft:golden_shovel":1,"minecraft:flint":1,"minecraft:waxed_copper_block":1,"minecraft:oak_log":13,"minecraft:shield":1,"minecraft:brick":6,"minecraft:wind_charge":5,"minecraft:string":14,"minecraft:lapis_lazuli":30,"minecraft:dirt":92,"minecraft:raw_copper":9,"minecraft:red_candle":7,"minecraft:wheat_seeds":10,"minecraft:cobbled_deepslate":172,"minecraft:raw_gold":9,"minecraft:cooked_chicken":1,"minecraft:iron_ingot":1,"minecraft:trial_key":7,"minecraft:beef":28,"minecraft:stone_pickaxe":2,"minecraft:guster_banner_pattern":1,"minecraft:iron_pickaxe":2,"minecraft:sugar_cane":7,"minecraft:honeycomb":4,"minecraft:oak_planks":24,"minecraft:egg":3,"minecraft:furnace":3,"minecraft:raw_iron":48,"minecraft:torch":62,"minecraft:dripstone_block":1,"minecraft:gravel":13,"minecraft:flow_pottery_sherd":1,"minecraft:porkchop":12,"minecraft:diorite":27,"minecraft:spider_eye":3,"minecraft:arrow":12,"minecraft:stone_sword":1,"minecraft:honey_bottle":2,"minecraft:rotten_flesh":6,"minecraft:slime_ball":11,"minecraft:diamond":23,"minecraft:stone_axe":1,"minecraft:granite":32,"minecraft:golden_apple":3,"minecraft:emerald":9,"minecraft:baked_potato":3,"minecraft:tuff_bricks":3,"minecraft:mutton":19,"minecraft:coal":32,"minecraft:rail":1,"minecraft:white_wool":3,"minecraft:cobblestone":473},"minecraft:mined":{"minecraft:deepslate_diamond_ore":5,"minecraft:crafting_table":3,"minecraft:granite":12,"minecraft:short_grass":26,"minecraft:grass_block":2,"minecraft:decorated_pot":2,"minecraft:tall_grass":11,"minecraft:copper_ore":3,"minecraft:deepslate_gold_ore":9,"minecraft:lapis_ore":4,"minecraft:oak_planks":19,"minecraft:sugar_cane":3,"minecraft:diorite":1,"minecraft:wall_torch":1,"minecraft:red_candle":2,"minecraft:furnace":3,"minecraft:light_gray_stained_glass":2,"minecraft:wheat":3,"minecraft:iron_ore":13,"minecraft:waxed_copper_block":1,"minecraft:andesite":15,"minecraft:deepslate_lapis_ore":1,"minecraft:oak_log":13,"minecraft:coal_ore":32,"minecraft:deepslate_iron_ore":9,"minecraft:dripstone_block":1,"minecraft:gravel":6,"minecraft:dirt":29,"minecraft:cobweb":10,"minecraft:stone":174,"minecraft:oak_leaves":1,"minecraft:deepslate":74}},"DataVersion":3953}