{"stats":{"minecraft:crafted":{"minecraft:cherry_planks":616,"minecraft:smooth_stone":3,"minecraft:oak_planks":60,"minecraft:raw_iron":7,"minecraft:cherry_slab":132,"minecraft:furnace":1,"minecraft:blast_furnace":1,"minecraft:sugar_cane":14,"minecraft:bone_meal":90,"minecraft:spruce_fence":12,"minecraft:flint_and_steel":1,"minecraft:hopper":5,"minecraft:diamond_helmet":1,"minecraft:diamond_leggings":2,"minecraft:stone_pickaxe":1,"minecraft:chest":15,"minecraft:cow_spawn_egg":1,"minecraft:diamond_boots":1,"minecraft:netherite_scrap":14,"minecraft:oak_fence":9,"minecraft:oak_slab":138,"minecraft:diamond_sword":1,"minecraft:cooked_porkchop":9,"minecraft:crafting_table":1,"minecraft:spruce_planks":44,"minecraft:enchanting_table":1,"minecraft:baked_potato":39,"minecraft:sniffer_egg":1,"minecraft:smithing_table":1,"minecraft:copper_ingot":49,"minecraft:stone_axe":1,"minecraft:air":0,"minecraft:book":1,"minecraft:paper":3,"minecraft:diamond_pickaxe":1,"minecraft:stick":28,"minecraft:iron_ingot":62,"minecraft:iron_pickaxe":1,"minecraft:gold_ingot":13,"minecraft:netherite_ingot":1,"minecraft:clay":14,"minecraft:diamond_chestplate":1},"minecraft:used":{"minecraft:oak_trapdoor":30,"minecraft:moss_block":349,"minecraft:cherry_sapling":1,"minecraft:enchanting_table":1,"minecraft:flint_and_steel":1,"minecraft:chest":13,"minecraft:rotten_flesh":9,"minecraft:torch":4,"minecraft:dirt":229,"minecraft:hopper":8,"minecraft:carrot":20,"minecraft:granite":4,"minecraft:spruce_fence":12,"minecraft:obsidian":19,"minecraft:cherry_slab":100,"minecraft:cherry_trapdoor":34,"minecraft:pink_stained_glass_pane":1,"minecraft:diamond_chestplate":1,"minecraft:bow":62,"minecraft:cobbled_deepslate":6,"minecraft:water_bucket":30,"minecraft:diorite":6,"minecraft:amethyst_block":1,"minecraft:stone_pickaxe":8,"minecraft:baked_potato":17,"minecraft:oak_planks":15,"minecraft:cherry_planks":520,"minecraft:sniffer_egg":1,"minecraft:sugar_cane":11,"minecraft:sand":24,"minecraft:oak_slab":79,"minecraft:crafting_table":2,"minecraft:blast_furnace":1,"minecraft:dripstone_block":7,"minecraft:oak_log":1,"minecraft:mud":49,"minecraft:diamond_pickaxe":266,"minecraft:string":1,"minecraft:iron_pickaxe":97,"minecraft:gravel":43,"minecraft:spruce_sapling":13,"minecraft:magenta_stained_glass_pane":1,"minecraft:stone_axe":55,"minecraft:diamond_sword":515,"minecraft:fire_charge":1,"minecraft:cobblestone":188,"minecraft:cooked_porkchop":2,"minecraft:smithing_table":1,"minecraft:andesite":76,"minecraft:bucket":31,"minecraft:oak_fence":9,"minecraft:bone_meal":71},"minecraft:custom":{"minecraft:interact_with_smithing_table":2,"minecraft:mob_kills":607,"minecraft:inspect_hopper":1,"minecraft:interact_with_crafting_table":35,"minecraft:leave_game":3,"minecraft:time_since_death":2946,"minecraft:sprint_one_cm":259844,"minecraft:walk_one_cm":401604,"minecraft:drop":34,"minecraft:talked_to_villager":25,"minecraft:play_time":175696,"minecraft:sneak_time":20087,"minecraft:deaths":6,"minecraft:walk_under_water_one_cm":17998,"minecraft:jump":1555,"minecraft:interact_with_blast_furnace":33,"minecraft:walk_on_water_one_cm":8879,"minecraft:total_world_time":175696,"minecraft:interact_with_furnace":14,"minecraft:traded_with_villager":3,"minecraft:time_since_rest":2980,"minecraft:damage_taken":4022,"minecraft:damage_dealt":13679,"minecraft:player_kills":1,"minecraft:fly_one_cm":257647,"minecraft:open_chest":262,"minecraft:crouch_one_cm":67581,"minecraft:fall_one_cm":23051,"minecraft:interact_with_smoker":10},"minecraft:broken":{"minecraft:golden_boots":1,"minecraft:golden_leggings":1,"minecraft:golden_chestplate":1},"minecraft:dropped":{"minecraft:soul_sand":2,"minecraft:diamond_leggings":1,"minecraft:poisonous_potato":1,"minecraft:cherry_planks":3,"minecraft:bone_meal":8,"minecraft:mud":5,"minecraft:gold_ingot":5,"minecraft:blackstone":15,"minecraft:obsidian":1,"minecraft:potato":1,"minecraft:diamond_pickaxe":1,"minecraft:andesite":1,"minecraft:hopper":2,"minecraft:bow":2},"minecraft:killed":{"minecraft:skeleton":209,"minecraft:chicken":2,"minecraft:piglin":1,"minecraft:zombie_villager":2,"minecraft:creeper":177,"minecraft:zombie":204,"minecraft:enderman":1},"minecraft:killed_by":{"minecraft:player":1,"minecraft:spider":1,"minecraft:skeleton":1},"minecraft:picked_up":{"minecraft:mud":22,"minecraft:crafting_table":2,"minecraft:wheat":1,"minecraft:splash_potion":1,"minecraft:chicken":1,"minecraft:clay_ball":48,"minecraft:lead":2,"minecraft:diamond_sword":4,"minecraft:enchanted_book":1,"minecraft:nether_brick":5,"minecraft:amethyst_block":2,"minecraft:string":1,"minecraft:oak_trapdoor":30,"minecraft:raw_copper":52,"minecraft:flint_and_steel":1,"minecraft:blackstone":28,"minecraft:diamond_leggings":3,"minecraft:cobbled_deepslate":21,"minecraft:gold_nugget":17,"minecraft:beef":1,"minecraft:iron_pickaxe":1,"minecraft:sugar_cane":2,"minecraft:chest":2,"minecraft:cherry_trapdoor":34,"minecraft:stick":3,"minecraft:raw_iron":15,"minecraft:music_disc_blocks":2,"minecraft:torch":24,"minecraft:fire_charge":1,"minecraft:diorite":20,"minecraft:carrot":30,"minecraft:redstone":213,"minecraft:purple_candle":1,"minecraft:arrow":98,"minecraft:diamond_chestplate":2,"minecraft:rotten_flesh":17,"minecraft:obsidian":30,"minecraft:cobblestone":63,"minecraft:cherry_planks":11,"minecraft:andesite":25,"minecraft:leather":7,"minecraft:potato":2,"minecraft:flint":1,"minecraft:oak_log":26,"minecraft:ancient_debris":7,"minecraft:gunpowder":19,"minecraft:lapis_lazuli":89,"minecraft:dirt":130,"minecraft:bone":46,"minecraft:bow":4,"minecraft:raw_gold":15,"minecraft:iron_ingot":35,"minecraft:diamond_helmet":2,"minecraft:glowstone_dust":10,"minecraft:moss_block":68,"minecraft:oak_planks":5,"minecraft:soul_sand":7,"minecraft:oak_slab":52,"minecraft:music_disc_13":2,"minecraft:quartz":23,"minecraft:pink_stained_glass_pane":1,"minecraft:poisonous_potato":2,"minecraft:dripstone_block":39,"minecraft:gravel":82,"minecraft:magenta_stained_glass_pane":1,"minecraft:spruce_sapling":15,"minecraft:spruce_log":5,"minecraft:crying_obsidian":1,"minecraft:slime_ball":1,"minecraft:diamond":22,"minecraft:stone_axe":3,"minecraft:granite":10,"minecraft:bone_meal":21,"minecraft:cherry_sapling":1,"minecraft:emerald":20,"minecraft:baked_potato":27,"minecraft:netherrack":17,"minecraft:cherry_slab":8,"minecraft:hopper":7,"minecraft:coal":26,"minecraft:crimson_roots":20,"minecraft:diamond_pickaxe":5,"minecraft:ender_pearl":2},"minecraft:mined":{"minecraft:nether_gold_ore":5,"minecraft:deepslate_diamond_ore":13,"minecraft:purple_candle":1,"minecraft:obsidian":5,"minecraft:cherry_trapdoor":1,"minecraft:granite":13,"minecraft:grass_block":33,"minecraft:spruce_leaves":12,"minecraft:moss_block":65,"minecraft:glowstone":6,"minecraft:andesite":8,"minecraft:deepslate_lapis_ore":12,"minecraft:potatoes":2,"minecraft:deepslate_iron_ore":7,"minecraft:stone":52,"minecraft:deepslate_redstone_ore":13,"minecraft:oak_slab":9,"minecraft:cherry_planks":12,"minecraft:blackstone":2,"minecraft:soul_sand":5,"minecraft:dandelion":1,"minecraft:clay":10,"minecraft:crafting_table":2,"minecraft:cornflower":1,"minecraft:torch":3,"minecraft:nether_quartz_ore":8,"minecraft:tall_grass":5,"minecraft:cobblestone":1,"minecraft:deepslate_coal_ore":12,"minecraft:deepslate_gold_ore":9,"minecraft:sugar_cane":2,"minecraft:oak_planks":8,"minecraft:sculk":6,"minecraft:diorite":17,"minecraft:wall_torch":1,"minecraft:amethyst_block":3,"minecraft:cherry_slab":5,"minecraft:deepslate_copper_ore":7,"minecraft:mud":20,"minecraft:oak_log":24,"minecraft:gravel":16,"minecraft:dripstone_block":17,"minecraft:dirt":59,"minecraft:netherrack":1,"minecraft:ancient_debris":11,"minecraft:oak_leaves":19,"minecraft:deepslate_emerald_ore":14,"minecraft:deepslate":15}},"DataVersion":3953}