{"stats":{"minecraft:crafted":{"minecraft:smooth_stone":3,"minecraft:oak_planks":364,"minecraft:tripwire_hook":2,"minecraft:furnace":1,"minecraft:blast_furnace":1,"minecraft:loom":1,"minecraft:stone":3,"minecraft:lever":3,"minecraft:cooked_mutton":2,"minecraft:oak_trapdoor":6,"minecraft:warped_planks":24,"minecraft:bow":8,"minecraft:iron_boots":1,"minecraft:iron_axe":1,"minecraft:stone_pickaxe":2,"minecraft:chest":3,"minecraft:oak_button":1,"minecraft:stone_hoe":1,"minecraft:smoker":1,"minecraft:wheat":243,"minecraft:cooked_beef":11,"minecraft:emerald":52,"minecraft:cooked_porkchop":5,"minecraft:crafting_table":5,"minecraft:wooden_pickaxe":1,"minecraft:iron_helmet":1,"minecraft:blue_bed":1,"minecraft:fletching_table":2,"minecraft:bucket":3,"minecraft:stone_axe":1,"minecraft:bread":81,"minecraft:air":0,"minecraft:blue_dye":1,"minecraft:white_wool":3,"minecraft:iron_chestplate":1,"minecraft:shield":1,"minecraft:stick":588,"minecraft:iron_ingot":75,"minecraft:iron_pickaxe":2,"minecraft:iron_leggings":1,"minecraft:gold_ingot":10,"minecraft:white_bed":1,"minecraft:shears":1},"minecraft:used":{"minecraft:oak_trapdoor":12,"minecraft:flint_and_steel":1,"minecraft:decorated_pot":1,"minecraft:chest":3,"minecraft:shield":36,"minecraft:iron_sword":123,"minecraft:stone_hoe":28,"minecraft:iron_chestplate":1,"minecraft:torch":2,"minecraft:dirt":14,"minecraft:granite":3,"minecraft:lava_bucket":10,"minecraft:iron_axe":171,"minecraft:tripwire_hook":6,"minecraft:furnace":3,"minecraft:cooked_beef":11,"minecraft:iron_leggings":1,"minecraft:cooked_mutton":2,"minecraft:water_bucket":59,"minecraft:stone_pickaxe":165,"minecraft:oak_planks":2,"minecraft:wooden_pickaxe":18,"minecraft:blue_bed":1,"minecraft:fletching_table":9,"minecraft:crafting_table":13,"minecraft:loom":5,"minecraft:blast_furnace":4,"minecraft:white_bed":3,"minecraft:shears":10,"minecraft:smoker":4,"minecraft:lever":4,"minecraft:bread":22,"minecraft:string":23,"minecraft:oak_button":1,"minecraft:iron_pickaxe":480,"minecraft:stone_axe":33,"minecraft:cobblestone":268,"minecraft:bucket":72,"minecraft:yellow_bed":5},"minecraft:custom":{"minecraft:mob_kills":103,"minecraft:interact_with_crafting_table":36,"minecraft:open_barrel":2,"minecraft:bell_ring":19,"minecraft:leave_game":1,"minecraft:time_since_death":112187,"minecraft:climb_one_cm":1550,"minecraft:sprint_one_cm":191873,"minecraft:walk_one_cm":319446,"minecraft:damage_blocked_by_shield":1918,"minecraft:drop":30,"minecraft:talked_to_villager":23,"minecraft:play_time":112187,"minecraft:sneak_time":8227,"minecraft:walk_under_water_one_cm":15761,"minecraft:jump":1735,"minecraft:interact_with_blast_furnace":25,"minecraft:walk_on_water_one_cm":34393,"minecraft:total_world_time":112187,"minecraft:interact_with_furnace":23,"minecraft:traded_with_villager":60,"minecraft:interact_with_loom":2,"minecraft:interact_with_grindstone":2,"minecraft:sleep_in_bed":8,"minecraft:time_since_rest":7940,"minecraft:damage_taken":1948,"minecraft:damage_dealt":9178,"minecraft:swim_one_cm":26480,"minecraft:fly_one_cm":267207,"minecraft:open_chest":28,"minecraft:crouch_one_cm":13374,"minecraft:interact_with_smoker":8,"minecraft:fall_one_cm":45148},"minecraft:broken":{"minecraft:stone_pickaxe":1},"minecraft:dropped":{"minecraft:water_bucket":1,"minecraft:golden_boots":1,"minecraft:bread":7,"minecraft:clock":1,"minecraft:baked_potato":7,"minecraft:cobblestone":3,"minecraft:leather":16,"minecraft:diorite":3,"minecraft:iron_pickaxe":1,"minecraft:raw_copper":52,"minecraft:oak_planks":2,"minecraft:poppy":2,"minecraft:potato":8,"minecraft:andesite":3,"minecraft:oak_sapling":1,"minecraft:spider_eye":1,"minecraft:bow":3,"minecraft:beef":12,"minecraft:egg":1},"minecraft:killed":{"minecraft:spider":10,"minecraft:slime":61,"minecraft:skeleton":3,"minecraft:pig":2,"minecraft:zombie_villager":2,"minecraft:iron_golem":1,"minecraft:sheep":2,"minecraft:zombie":11,"minecraft:cow":9},"minecraft:picked_up":{"minecraft:crafting_table":8,"minecraft:oak_stairs":2,"minecraft:brewing_stand":1,"minecraft:string":976,"minecraft:oak_trapdoor":6,"minecraft:raw_copper":52,"minecraft:cobbled_deepslate":15,"minecraft:beef":23,"minecraft:poppy":2,"minecraft:sugar_cane":3,"minecraft:egg":1,"minecraft:furnace":4,"minecraft:stick":2,"minecraft:raw_iron":76,"minecraft:oak_fence":2,"minecraft:torch":2,"minecraft:porkchop":5,"minecraft:diorite":3,"minecraft:arrow":3,"minecraft:rotten_flesh":12,"minecraft:decorated_pot":1,"minecraft:hay_block":27,"minecraft:tuff_bricks":1,"minecraft:mutton":2,"minecraft:white_wool":2,"minecraft:cobblestone":327,"minecraft:birch_log":17,"minecraft:stripped_oak_log":18,"minecraft:cooked_beef":2,"minecraft:tripwire_hook":4,"minecraft:andesite":12,"minecraft:leather":16,"minecraft:smoker":3,"minecraft:flint":3,"minecraft:oak_log":77,"minecraft:yellow_bed":5,"minecraft:golden_boots":1,"minecraft:lapis_lazuli":44,"minecraft:dirt":34,"minecraft:bone":2,"minecraft:bow":3,"minecraft:raw_gold":10,"minecraft:wheat_seeds":1,"minecraft:warped_stem":6,"minecraft:iron_ingot":6,"minecraft:fletching_table":7,"minecraft:oak_planks":2,"minecraft:gravel":4,"minecraft:blast_furnace":3,"minecraft:white_bed":3,"minecraft:loom":4,"minecraft:polished_tuff":1,"minecraft:spider_eye":3,"minecraft:mossy_cobblestone":1,"minecraft:slime_ball":36,"minecraft:stone_axe":1,"minecraft:lever":3,"minecraft:granite":12,"minecraft:baked_potato":7,"minecraft:oak_sapling":3,"minecraft:coal":243},"minecraft:mined":{"minecraft:white_bed":3,"minecraft:mossy_cobblestone":1,"minecraft:brewing_stand":1,"minecraft:lever":2,"minecraft:granite":12,"minecraft:grass_block":11,"minecraft:tuff_bricks":1,"minecraft:hay_block":27,"minecraft:oak_trapdoor":6,"minecraft:furnace":4,"minecraft:iron_ore":76,"minecraft:polished_tuff":1,"minecraft:andesite":18,"minecraft:fletching_table":7,"minecraft:oak_stairs":2,"minecraft:warped_stem":6,"minecraft:stripped_oak_log":18,"minecraft:stone":241,"minecraft:tripwire":4,"minecraft:glass_pane":3,"minecraft:smoker":3,"minecraft:oak_fence":2,"minecraft:crafting_table":8,"minecraft:short_grass":4,"minecraft:blast_furnace":3,"minecraft:tall_grass":3,"minecraft:copper_ore":8,"minecraft:cobblestone":131,"minecraft:lapis_ore":7,"minecraft:oak_planks":1,"minecraft:sugar_cane":1,"minecraft:diorite":8,"minecraft:wall_torch":1,"minecraft:birch_log":17,"minecraft:birch_leaves":1,"minecraft:yellow_bed":5,"minecraft:oak_log":77,"minecraft:coal_ore":85,"minecraft:loom":4,"minecraft:gravel":23,"minecraft:dirt":19,"minecraft:tripwire_hook":4,"minecraft:stonecutter":1,"minecraft:gold_ore":10,"minecraft:oak_leaves":11,"minecraft:deepslate":15}},"DataVersion":3953}