{"stats":{"minecraft:crafted":{"minecraft:cherry_planks":616,"minecraft:smooth_stone":3,"minecraft:oak_planks":40,"minecraft:raw_iron":7,"minecraft:cherry_slab":132,"minecraft:furnace":1,"minecraft:blast_furnace":1,"minecraft:flint_and_steel":1,"minecraft:hopper":5,"minecraft:diamond_helmet":1,"minecraft:diamond_leggings":2,"minecraft:stone_pickaxe":1,"minecraft:chest":12,"minecraft:diamond_boots":1,"minecraft:netherite_scrap":14,"minecraft:oak_slab":138,"minecraft:diamond_sword":1,"minecraft:crafting_table":1,"minecraft:baked_potato":7,"minecraft:smithing_table":1,"minecraft:stone_axe":1,"minecraft:air":0,"minecraft:diamond_pickaxe":1,"minecraft:stick":12,"minecraft:iron_pickaxe":1,"minecraft:iron_ingot":43,"minecraft:gold_ingot":4,"minecraft:netherite_ingot":1,"minecraft:diamond_chestplate":1},"minecraft:used":{"minecraft:oak_trapdoor":30,"minecraft:moss_block":317,"minecraft:cherry_sapling":1,"minecraft:flint_and_steel":1,"minecraft:chest":8,"minecraft:rotten_flesh":7,"minecraft:torch":3,"minecraft:dirt":156,"minecraft:hopper":8,"minecraft:carrot":6,"minecraft:granite":3,"minecraft:obsidian":15,"minecraft:cherry_slab":100,"minecraft:cherry_trapdoor":34,"minecraft:diamond_chestplate":1,"minecraft:bow":60,"minecraft:cobbled_deepslate":6,"minecraft:water_bucket":18,"minecraft:diorite":6,"minecraft:stone_pickaxe":8,"minecraft:baked_potato":7,"minecraft:oak_planks":6,"minecraft:cherry_planks":520,"minecraft:oak_slab":38,"minecraft:crafting_table":2,"minecraft:blast_furnace":1,"minecraft:dripstone_block":7,"minecraft:mud":49,"minecraft:diamond_pickaxe":256,"minecraft:string":1,"minecraft:iron_pickaxe":97,"minecraft:gravel":43,"minecraft:stone_axe":43,"minecraft:diamond_sword":343,"minecraft:cobblestone":177,"minecraft:smithing_table":1,"minecraft:bucket":20,"minecraft:andesite":57},"minecraft:custom":{"minecraft:interact_with_smithing_table":2,"minecraft:mob_kills":413,"minecraft:inspect_hopper":1,"minecraft:interact_with_crafting_table":27,"minecraft:leave_game":2,"minecraft:time_since_death":58406,"minecraft:sprint_one_cm":151401,"minecraft:walk_one_cm":266744,"minecraft:drop":2,"minecraft:talked_to_villager":10,"minecraft:play_time":128708,"minecraft:deaths":4,"minecraft:sneak_time":16378,"minecraft:walk_under_water_one_cm":17998,"minecraft:jump":1015,"minecraft:interact_with_blast_furnace":26,"minecraft:walk_on_water_one_cm":8879,"minecraft:total_world_time":128708,"minecraft:interact_with_furnace":14,"minecraft:traded_with_villager":1,"minecraft:time_since_rest":58432,"minecraft:damage_taken":1701,"minecraft:damage_dealt":8713,"minecraft:fly_one_cm":163716,"minecraft:player_kills":1,"minecraft:open_chest":202,"minecraft:crouch_one_cm":57550,"minecraft:interact_with_smoker":7,"minecraft:fall_one_cm":5918},"minecraft:broken":{"minecraft:golden_boots":1,"minecraft:golden_leggings":1,"minecraft:golden_chestplate":1},"minecraft:dropped":{"minecraft:obsidian":1,"minecraft:bow":1},"minecraft:killed":{"minecraft:skeleton":148,"minecraft:chicken":2,"minecraft:zombie_villager":1,"minecraft:creeper":114,"minecraft:zombie":139,"minecraft:enderman":1},"minecraft:killed_by":{"minecraft:player":1,"minecraft:spider":1,"minecraft:skeleton":1},"minecraft:picked_up":{"minecraft:mud":22,"minecraft:crafting_table":2,"minecraft:clay_ball":48,"minecraft:diamond_sword":2,"minecraft:amethyst_block":1,"minecraft:oak_trapdoor":30,"minecraft:raw_copper":39,"minecraft:gold_nugget":15,"minecraft:cobbled_deepslate":21,"minecraft:iron_pickaxe":1,"minecraft:cherry_trapdoor":34,"minecraft:raw_iron":13,"minecraft:stick":2,"minecraft:torch":3,"minecraft:diorite":19,"minecraft:carrot":9,"minecraft:redstone":93,"minecraft:arrow":20,"minecraft:rotten_flesh":10,"minecraft:obsidian":23,"minecraft:cobblestone":57,"minecraft:cherry_planks":8,"minecraft:andesite":9,"minecraft:potato":1,"minecraft:flint":1,"minecraft:oak_log":25,"minecraft:ancient_debris":6,"minecraft:gunpowder":5,"minecraft:lapis_lazuli":63,"minecraft:dirt":46,"minecraft:bone":11,"minecraft:bow":1,"minecraft:raw_gold":12,"minecraft:glowstone_dust":8,"minecraft:moss_block":41,"minecraft:oak_planks":4,"minecraft:soul_sand":4,"minecraft:quartz":12,"minecraft:magenta_stained_glass_pane":1,"minecraft:poisonous_potato":1,"minecraft:dripstone_block":16,"minecraft:gravel":43,"minecraft:spruce_sapling":1,"minecraft:slime_ball":1,"minecraft:diamond":22,"minecraft:stone_axe":1,"minecraft:granite":9,"minecraft:cherry_sapling":1,"minecraft:emerald":20,"minecraft:netherrack":3,"minecraft:cherry_slab":8,"minecraft:coal":16,"minecraft:hopper":5,"minecraft:diamond_pickaxe":2,"minecraft:ender_pearl":1},"minecraft:mined":{"minecraft:nether_gold_ore":5,"minecraft:deepslate_diamond_ore":12,"minecraft:obsidian":3,"minecraft:cherry_trapdoor":1,"minecraft:granite":11,"minecraft:grass_block":32,"minecraft:spruce_leaves":12,"minecraft:moss_block":60,"minecraft:glowstone":6,"minecraft:andesite":8,"minecraft:deepslate_lapis_ore":12,"minecraft:potatoes":2,"minecraft:deepslate_iron_ore":7,"minecraft:stone":52,"minecraft:deepslate_redstone_ore":12,"minecraft:oak_slab":2,"minecraft:cherry_planks":12,"minecraft:blackstone":2,"minecraft:soul_sand":5,"minecraft:clay":10,"minecraft:crafting_table":2,"minecraft:torch":2,"minecraft:nether_quartz_ore":8,"minecraft:deepslate_coal_ore":12,"minecraft:deepslate_gold_ore":9,"minecraft:oak_planks":7,"minecraft:sculk":6,"minecraft:diorite":17,"minecraft:amethyst_block":2,"minecraft:cherry_slab":5,"minecraft:deepslate_copper_ore":7,"minecraft:mud":20,"minecraft:oak_log":23,"minecraft:gravel":8,"minecraft:dripstone_block":17,"minecraft:dirt":9,"minecraft:netherrack":1,"minecraft:ancient_debris":11,"minecraft:oak_leaves":19,"minecraft:deepslate_emerald_ore":14,"minecraft:deepslate":15}},"DataVersion":3953}