{"stats":{"minecraft:crafted":{"minecraft:cooked_beef":11,"minecraft:smooth_stone":3,"minecraft:oak_planks":28,"minecraft:cooked_porkchop":5,"minecraft:crafting_table":2,"minecraft:wooden_pickaxe":1,"minecraft:furnace":1,"minecraft:blast_furnace":1,"minecraft:stone":3,"minecraft:bucket":1,"minecraft:stone_axe":1,"minecraft:cooked_mutton":2,"minecraft:bread":6,"minecraft:air":0,"minecraft:shield":1,"minecraft:stick":8,"minecraft:iron_ingot":7,"minecraft:stone_pickaxe":1,"minecraft:stone_hoe":1,"minecraft:wheat":18,"minecraft:smoker":1},"minecraft:used":{"minecraft:water_bucket":21,"minecraft:flint_and_steel":1,"minecraft:stone_pickaxe":122,"minecraft:wooden_pickaxe":18,"minecraft:iron_sword":17,"minecraft:stone_hoe":28,"minecraft:dirt":3,"minecraft:crafting_table":6,"minecraft:blast_furnace":1,"minecraft:smoker":2,"minecraft:lava_bucket":10,"minecraft:bread":7,"minecraft:stone_axe":28,"minecraft:cobblestone":19,"minecraft:furnace":1,"minecraft:bucket":32},"minecraft:custom":{"minecraft:interact_with_furnace":11,"minecraft:mob_kills":15,"minecraft:interact_with_crafting_table":10,"minecraft:interact_with_grindstone":2,"minecraft:time_since_death":28235,"minecraft:sleep_in_bed":2,"minecraft:time_since_rest":406,"minecraft:sprint_one_cm":60617,"minecraft:damage_taken":236,"minecraft:walk_one_cm":75525,"minecraft:drop":1,"minecraft:damage_dealt":2440,"minecraft:swim_one_cm":2373,"minecraft:fly_one_cm":104940,"minecraft:open_chest":5,"minecraft:crouch_one_cm":4659,"minecraft:play_time":28235,"minecraft:sneak_time":2239,"minecraft:walk_under_water_one_cm":802,"minecraft:jump":549,"minecraft:interact_with_blast_furnace":3,"minecraft:walk_on_water_one_cm":3159,"minecraft:total_world_time":28235,"minecraft:interact_with_smoker":7,"minecraft:fall_one_cm":16657},"minecraft:dropped":{"minecraft:beef":12},"minecraft:killed":{"minecraft:pig":2,"minecraft:spider":1,"minecraft:iron_golem":1,"minecraft:sheep":2,"minecraft:cow":9},"minecraft:picked_up":{"minecraft:stripped_oak_log":4,"minecraft:crafting_table":5,"minecraft:leather":8,"minecraft:smoker":2,"minecraft:oak_log":7,"minecraft:dirt":9,"minecraft:beef":23,"minecraft:iron_ingot":4,"minecraft:poppy":2,"minecraft:sugar_cane":3,"minecraft:furnace":3,"minecraft:stick":1,"minecraft:raw_iron":7,"minecraft:porkchop":5,"minecraft:blast_furnace":1,"minecraft:spider_eye":1,"minecraft:stone_axe":1,"minecraft:hay_block":27,"minecraft:oak_sapling":1,"minecraft:mutton":2,"minecraft:coal":134,"minecraft:white_wool":2,"minecraft:cobblestone":67},"minecraft:mined":{"minecraft:smoker":2,"minecraft:crafting_table":5,"minecraft:short_grass":4,"minecraft:blast_furnace":1,"minecraft:grass_block":6,"minecraft:tall_grass":2,"minecraft:cobblestone":15,"minecraft:sugar_cane":1,"minecraft:hay_block":27,"minecraft:furnace":3,"minecraft:iron_ore":7,"minecraft:oak_log":7,"minecraft:coal_ore":59,"minecraft:dirt":3,"minecraft:stripped_oak_log":4,"minecraft:stone":52}},"DataVersion":3953}