{"stats":{"minecraft:crafted":{"minecraft:cherry_planks":616,"minecraft:smooth_stone":3,"minecraft:oak_slab":138,"minecraft:oak_planks":28,"minecraft:raw_iron":7,"minecraft:diamond_sword":1,"minecraft:crafting_table":1,"minecraft:cherry_slab":132,"minecraft:baked_potato":7,"minecraft:furnace":1,"minecraft:blast_furnace":1,"minecraft:stone_axe":1,"minecraft:air":0,"minecraft:hopper":5,"minecraft:diamond_pickaxe":1,"minecraft:stick":12,"minecraft:iron_ingot":39,"minecraft:iron_pickaxe":1,"minecraft:stone_pickaxe":1,"minecraft:chest":12,"minecraft:gold_ingot":1},"minecraft:used":{"minecraft:oak_trapdoor":30,"minecraft:moss_block":317,"minecraft:cherry_sapling":1,"minecraft:water_bucket":18,"minecraft:diorite":1,"minecraft:stone_pickaxe":8,"minecraft:oak_planks":6,"minecraft:chest":8,"minecraft:cherry_planks":520,"minecraft:rotten_flesh":5,"minecraft:torch":1,"minecraft:dirt":79,"minecraft:crafting_table":2,"minecraft:oak_slab":38,"minecraft:hopper":8,"minecraft:blast_furnace":1,"minecraft:dripstone_block":4,"minecraft:mud":3,"minecraft:cherry_slab":100,"minecraft:string":1,"minecraft:iron_pickaxe":97,"minecraft:cherry_trapdoor":34,"minecraft:bow":2,"minecraft:stone_axe":29,"minecraft:diamond_sword":154,"minecraft:cobblestone":177,"minecraft:andesite":56,"minecraft:bucket":20,"minecraft:cobbled_deepslate":6},"minecraft:custom":{"minecraft:interact_with_furnace":14,"minecraft:mob_kills":167,"minecraft:inspect_hopper":1,"minecraft:traded_with_villager":1,"minecraft:interact_with_crafting_table":18,"minecraft:time_since_death":8168,"minecraft:time_since_rest":8194,"minecraft:sprint_one_cm":88602,"minecraft:damage_taken":1271,"minecraft:walk_one_cm":188529,"minecraft:drop":1,"minecraft:damage_dealt":4271,"minecraft:talked_to_villager":6,"minecraft:fly_one_cm":91495,"minecraft:open_chest":109,"minecraft:crouch_one_cm":44131,"minecraft:play_time":78470,"minecraft:deaths":4,"minecraft:sneak_time":12905,"minecraft:walk_under_water_one_cm":17998,"minecraft:jump":574,"minecraft:interact_with_blast_furnace":10,"minecraft:walk_on_water_one_cm":8705,"minecraft:interact_with_smoker":3,"minecraft:total_world_time":78470,"minecraft:fall_one_cm":3255},"minecraft:broken":{"minecraft:golden_boots":1},"minecraft:dropped":{"minecraft:bow":1},"minecraft:killed":{"minecraft:creeper":46,"minecraft:skeleton":63,"minecraft:zombie":53},"minecraft:killed_by":{"minecraft:player":1,"minecraft:skeleton":1,"minecraft:spider":1},"minecraft:picked_up":{"minecraft:mud":9,"minecraft:crafting_table":2,"minecraft:cherry_planks":8,"minecraft:clay_ball":24,"minecraft:andesite":3,"minecraft:diamond_sword":2,"minecraft:potato":1,"minecraft:oak_log":8,"minecraft:gunpowder":4,"minecraft:lapis_lazuli":47,"minecraft:oak_trapdoor":30,"minecraft:dirt":15,"minecraft:bone":8,"minecraft:cobbled_deepslate":6,"minecraft:raw_gold":5,"minecraft:iron_pickaxe":1,"minecraft:glowstone_dust":4,"minecraft:moss_block":22,"minecraft:oak_planks":4,"minecraft:cherry_trapdoor":34,"minecraft:raw_iron":7,"minecraft:stick":2,"minecraft:quartz":1,"minecraft:torch":1,"minecraft:dripstone_block":5,"minecraft:spruce_sapling":1,"minecraft:diorite":6,"minecraft:redstone":42,"minecraft:arrow":17,"minecraft:rotten_flesh":3,"minecraft:slime_ball":1,"minecraft:diamond":6,"minecraft:stone_axe":1,"minecraft:cherry_sapling":1,"minecraft:emerald":10,"minecraft:netherrack":2,"minecraft:cherry_slab":8,"minecraft:coal":9,"minecraft:hopper":5,"minecraft:cobblestone":21,"minecraft:diamond_pickaxe":2},"minecraft:mined":{"minecraft:deepslate_redstone_ore":3,"minecraft:oak_slab":2,"minecraft:cherry_planks":12,"minecraft:deepslate_diamond_ore":3,"minecraft:crafting_table":2,"minecraft:clay":4,"minecraft:cherry_trapdoor":1,"minecraft:granite":5,"minecraft:grass_block":10,"minecraft:deepslate_coal_ore":5,"minecraft:spruce_leaves":6,"minecraft:deepslate_gold_ore":3,"minecraft:oak_planks":7,"minecraft:moss_block":45,"minecraft:diorite":4,"minecraft:cherry_slab":5,"minecraft:deepslate_copper_ore":2,"minecraft:mud":11,"minecraft:andesite":2,"minecraft:deepslate_lapis_ore":1,"minecraft:potatoes":2,"minecraft:oak_log":7,"minecraft:deepslate_iron_ore":4,"minecraft:dripstone_block":4,"minecraft:dirt":9,"minecraft:stone":17,"minecraft:oak_leaves":8,"minecraft:deepslate_emerald_ore":7,"minecraft:deepslate":8}},"DataVersion":3953}