{"stats":{"minecraft:crafted":{"minecraft:smooth_stone":3,"minecraft:oak_planks":160,"minecraft:tripwire_hook":2,"minecraft:furnace":1,"minecraft:blast_furnace":1,"minecraft:loom":1,"minecraft:stone":3,"minecraft:lever":3,"minecraft:cooked_mutton":2,"minecraft:oak_trapdoor":2,"minecraft:warped_planks":24,"minecraft:iron_boots":1,"minecraft:iron_axe":1,"minecraft:stone_pickaxe":2,"minecraft:chest":3,"minecraft:oak_button":1,"minecraft:stone_hoe":1,"minecraft:smoker":1,"minecraft:wheat":18,"minecraft:cooked_beef":11,"minecraft:emerald":6,"minecraft:cooked_porkchop":5,"minecraft:crafting_table":5,"minecraft:wooden_pickaxe":1,"minecraft:iron_helmet":1,"minecraft:fletching_table":1,"minecraft:bucket":3,"minecraft:stone_axe":1,"minecraft:bread":6,"minecraft:air":0,"minecraft:iron_chestplate":1,"minecraft:shield":1,"minecraft:stick":232,"minecraft:iron_ingot":75,"minecraft:iron_pickaxe":2,"minecraft:gold_ingot":10,"minecraft:iron_leggings":1,"minecraft:shears":1},"minecraft:used":{"minecraft:oak_trapdoor":8,"minecraft:flint_and_steel":1,"minecraft:chest":3,"minecraft:shield":5,"minecraft:iron_sword":53,"minecraft:stone_hoe":28,"minecraft:iron_chestplate":1,"minecraft:dirt":3,"minecraft:granite":3,"minecraft:lava_bucket":10,"minecraft:iron_axe":81,"minecraft:tripwire_hook":6,"minecraft:furnace":2,"minecraft:cooked_beef":8,"minecraft:iron_leggings":1,"minecraft:cooked_mutton":2,"minecraft:water_bucket":34,"minecraft:stone_pickaxe":165,"minecraft:wooden_pickaxe":18,"minecraft:fletching_table":3,"minecraft:crafting_table":13,"minecraft:loom":4,"minecraft:blast_furnace":3,"minecraft:shears":10,"minecraft:smoker":3,"minecraft:lever":4,"minecraft:bread":12,"minecraft:oak_button":1,"minecraft:string":23,"minecraft:iron_pickaxe":309,"minecraft:stone_axe":33,"minecraft:cobblestone":162,"minecraft:bucket":46,"minecraft:yellow_bed":1},"minecraft:custom":{"minecraft:mob_kills":32,"minecraft:interact_with_crafting_table":31,"minecraft:bell_ring":19,"minecraft:time_since_death":76235,"minecraft:sprint_one_cm":119284,"minecraft:walk_one_cm":202635,"minecraft:damage_blocked_by_shield":471,"minecraft:drop":19,"minecraft:talked_to_villager":8,"minecraft:play_time":76235,"minecraft:sneak_time":6789,"minecraft:walk_under_water_one_cm":6076,"minecraft:jump":1304,"minecraft:interact_with_blast_furnace":25,"minecraft:walk_on_water_one_cm":26433,"minecraft:total_world_time":76235,"minecraft:interact_with_furnace":22,"minecraft:traded_with_villager":6,"minecraft:interact_with_loom":2,"minecraft:interact_with_grindstone":2,"minecraft:sleep_in_bed":2,"minecraft:time_since_rest":48406,"minecraft:damage_taken":1189,"minecraft:damage_dealt":5748,"minecraft:swim_one_cm":7578,"minecraft:fly_one_cm":200666,"minecraft:open_chest":13,"minecraft:crouch_one_cm":13127,"minecraft:interact_with_smoker":7,"minecraft:fall_one_cm":31577},"minecraft:broken":{"minecraft:stone_pickaxe":1},"minecraft:dropped":{"minecraft:water_bucket":1,"minecraft:golden_boots":1,"minecraft:clock":1,"minecraft:cobblestone":3,"minecraft:leather":16,"minecraft:diorite":3,"minecraft:iron_pickaxe":1,"minecraft:raw_copper":52,"minecraft:oak_planks":2,"minecraft:poppy":2,"minecraft:potato":8,"minecraft:andesite":3,"minecraft:oak_sapling":1,"minecraft:spider_eye":1,"minecraft:beef":12,"minecraft:egg":1},"minecraft:killed":{"minecraft:spider":4,"minecraft:skeleton":1,"minecraft:pig":2,"minecraft:zombie_villager":1,"minecraft:iron_golem":1,"minecraft:sheep":2,"minecraft:zombie":10,"minecraft:cow":9},"minecraft:picked_up":{"minecraft:crafting_table":8,"minecraft:brewing_stand":1,"minecraft:string":465,"minecraft:oak_trapdoor":6,"minecraft:raw_copper":52,"minecraft:beef":23,"minecraft:poppy":2,"minecraft:sugar_cane":3,"minecraft:furnace":4,"minecraft:egg":1,"minecraft:raw_iron":76,"minecraft:stick":1,"minecraft:porkchop":5,"minecraft:diorite":3,"minecraft:rotten_flesh":11,"minecraft:hay_block":27,"minecraft:mutton":2,"minecraft:cobblestone":192,"minecraft:white_wool":2,"minecraft:stripped_oak_log":11,"minecraft:tripwire_hook":4,"minecraft:andesite":3,"minecraft:leather":16,"minecraft:smoker":3,"minecraft:flint":2,"minecraft:oak_log":44,"minecraft:golden_boots":1,"minecraft:yellow_bed":1,"minecraft:lapis_lazuli":44,"minecraft:dirt":15,"minecraft:wheat_seeds":1,"minecraft:raw_gold":10,"minecraft:warped_stem":6,"minecraft:iron_ingot":5,"minecraft:fletching_table":2,"minecraft:oak_planks":2,"minecraft:blast_furnace":3,"minecraft:loom":4,"minecraft:spider_eye":3,"minecraft:stone_axe":1,"minecraft:lever":3,"minecraft:granite":11,"minecraft:oak_sapling":1,"minecraft:coal":243},"minecraft:mined":{"minecraft:brewing_stand":1,"minecraft:granite":11,"minecraft:lever":2,"minecraft:grass_block":8,"minecraft:hay_block":27,"minecraft:oak_trapdoor":6,"minecraft:furnace":4,"minecraft:iron_ore":76,"minecraft:andesite":9,"minecraft:fletching_table":2,"minecraft:warped_stem":6,"minecraft:stripped_oak_log":11,"minecraft:stone":169,"minecraft:tripwire":4,"minecraft:glass_pane":2,"minecraft:smoker":3,"minecraft:crafting_table":8,"minecraft:short_grass":4,"minecraft:blast_furnace":3,"minecraft:tall_grass":3,"minecraft:copper_ore":8,"minecraft:cobblestone":70,"minecraft:lapis_ore":7,"minecraft:sugar_cane":1,"minecraft:diorite":8,"minecraft:yellow_bed":1,"minecraft:coal_ore":85,"minecraft:oak_log":45,"minecraft:gravel":18,"minecraft:loom":4,"minecraft:dirt":7,"minecraft:tripwire_hook":4,"minecraft:gold_ore":10,"minecraft:oak_leaves":5}},"DataVersion":3953}