{"stats":{"minecraft:picked_up":{"minecraft:crafting_table":12,"minecraft:clay_ball":16,"minecraft:oak_stairs":2,"minecraft:potion":2,"minecraft:brewing_stand":1,"minecraft:shield":3,"minecraft:string":2943,"minecraft:oak_trapdoor":12,"minecraft:raw_copper":52,"minecraft:iron_axe":1,"minecraft:iron_leggings":1,"minecraft:cobbled_deepslate":49,"minecraft:beef":23,"minecraft:oak_boat":1,"minecraft:poppy":2,"minecraft:iron_pickaxe":1,"minecraft:enchanted_golden_apple":2,"minecraft:sugar_cane":3,"minecraft:furnace":4,"minecraft:iron_boots":1,"minecraft:egg":1,"minecraft:tipped_arrow":33,"minecraft:stick":13,"minecraft:raw_iron":93,"minecraft:oak_door":1,"minecraft:oak_fence":2,"minecraft:torch":5,"minecraft:porkchop":5,"minecraft:diorite":3,"minecraft:redstone":45,"minecraft:arrow":10,"minecraft:rotten_flesh":29,"minecraft:decorated_pot":1,"minecraft:shears":1,"minecraft:hay_block":27,"minecraft:gold_ingot":10,"minecraft:tuff_bricks":1,"minecraft:mutton":2,"minecraft:white_wool":2,"minecraft:cobblestone":434,"minecraft:stripped_oak_log":19,"minecraft:birch_log":17,"minecraft:cooked_beef":4,"minecraft:tripwire_hook":4,"minecraft:water_bucket":2,"minecraft:andesite":12,"minecraft:leather":16,"minecraft:smoker":3,"minecraft:birch_planks":66,"minecraft:flint":3,"minecraft:tuff":2,"minecraft:oak_log":108,"minecraft:golden_boots":1,"minecraft:yellow_bed":5,"minecraft:lapis_lazuli":215,"minecraft:dirt":44,"minecraft:blue_bed":1,"minecraft:bone":4,"minecraft:bow":4,"minecraft:wheat_seeds":1,"minecraft:warped_stem":6,"minecraft:raw_gold":14,"minecraft:iron_ingot":32,"minecraft:stone_pickaxe":1,"minecraft:bolt_armor_trim_smithing_template":1,"minecraft:fletching_table":8,"minecraft:glass_bottle":1,"minecraft:stone_hoe":1,"minecraft:iron_sword":1,"minecraft:oak_planks":10,"minecraft:cooked_porkchop":5,"minecraft:gravel":4,"minecraft:spruce_sapling":6,"minecraft:blast_furnace":3,"minecraft:spruce_log":45,"minecraft:white_bed":3,"minecraft:loom":5,"minecraft:spider_eye":4,"minecraft:polished_tuff":1,"minecraft:mossy_cobblestone":1,"minecraft:slime_ball":98,"minecraft:diamond":28,"minecraft:stone_axe":1,"minecraft:lever":3,"minecraft:iron_helmet":1,"minecraft:granite":13,"minecraft:diamond_axe":2,"minecraft:bread":20,"minecraft:emerald":44,"minecraft:baked_potato":7,"minecraft:oak_sapling":3,"minecraft:ominous_trial_key":4,"minecraft:coal":312,"minecraft:chiseled_tuff_bricks":3},"minecraft:used":{"minecraft:oak_trapdoor":22,"minecraft:flint_and_steel":1,"minecraft:decorated_pot":1,"minecraft:chest":5,"minecraft:shield":52,"minecraft:iron_sword":204,"minecraft:stone_hoe":28,"minecraft:oak_door":1,"minecraft:iron_chestplate":1,"minecraft:torch":3,"minecraft:dirt":17,"minecraft:hopper":5,"minecraft:granite":3,"minecraft:lava_bucket":10,"minecraft:iron_axe":175,"minecraft:oak_stairs":1,"minecraft:tripwire_hook":6,"minecraft:furnace":3,"minecraft:cooked_beef":13,"minecraft:iron_leggings":1,"minecraft:cooked_mutton":2,"minecraft:water_bucket":59,"minecraft:oak_planks":16,"minecraft:stone_pickaxe":165,"minecraft:wooden_pickaxe":18,"minecraft:blue_bed":2,"minecraft:diamond_axe":135,"minecraft:fletching_table":10,"minecraft:blast_furnace":4,"minecraft:loom":5,"minecraft:crafting_table":17,"minecraft:white_bed":5,"minecraft:smoker":4,"minecraft:shears":10,"minecraft:lever":4,"minecraft:diamond_pickaxe":75,"minecraft:ominous_trial_key":1,"minecraft:wind_charge":3,"minecraft:bread":57,"minecraft:string":27,"minecraft:oak_button":1,"minecraft:iron_pickaxe":633,"minecraft:stone_axe":33,"minecraft:cobblestone":383,"minecraft:bucket":72,"minecraft:yellow_bed":5,"minecraft:oak_boat":1},"minecraft:dropped":{"minecraft:water_bucket":1,"minecraft:golden_boots":1,"minecraft:bread":15,"minecraft:birch_planks":2,"minecraft:clock":1,"minecraft:baked_potato":7,"minecraft:cobblestone":3,"minecraft:leather":16,"minecraft:granite":2,"minecraft:ominous_trial_key":3,"minecraft:flint":1,"minecraft:stick":5,"minecraft:dirt":8,"minecraft:diorite":3,"minecraft:potion":2,"minecraft:iron_pickaxe":1,"minecraft:string":1230,"minecraft:redstone":45,"minecraft:chiseled_tuff_bricks":3,"minecraft:cobbled_deepslate":6,"minecraft:raw_copper":52,"minecraft:tuff":2,"minecraft:oak_planks":3,"minecraft:poppy":2,"minecraft:potato":8,"minecraft:tipped_arrow":18,"minecraft:shield":2,"minecraft:andesite":3,"minecraft:oak_sapling":1,"minecraft:spider_eye":1,"minecraft:bow":8,"minecraft:beef":12,"minecraft:stone_pickaxe":2,"minecraft:egg":1},"minecraft:broken":{"minecraft:stone_pickaxe":1,"minecraft:shield":1,"minecraft:iron_pickaxe":1},"minecraft:custom":{"minecraft:mob_kills":151,"minecraft:inspect_hopper":4,"minecraft:interact_with_crafting_table":50,"minecraft:open_barrel":3,"minecraft:bell_ring":19,"minecraft:leave_game":5,"minecraft:time_since_death":49994,"minecraft:climb_one_cm":2244,"minecraft:sprint_one_cm":328684,"minecraft:walk_one_cm":541797,"minecraft:damage_blocked_by_shield":2676,"minecraft:drop":120,"minecraft:talked_to_villager":48,"minecraft:play_time":195653,"minecraft:deaths":3,"minecraft:sneak_time":11287,"minecraft:walk_under_water_one_cm":19903,"minecraft:boat_one_cm":551,"minecraft:jump":2808,"minecraft:interact_with_blast_furnace":28,"minecraft:walk_on_water_one_cm":54542,"minecraft:total_world_time":195653,"minecraft:interact_with_furnace":23,"minecraft:traded_with_villager":191,"minecraft:interact_with_loom":2,"minecraft:interact_with_grindstone":2,"minecraft:sleep_in_bed":12,"minecraft:time_since_rest":5062,"minecraft:damage_taken":4486,"minecraft:damage_dealt":13863,"minecraft:swim_one_cm":30660,"minecraft:fly_one_cm":477000,"minecraft:open_chest":62,"minecraft:crouch_one_cm":18953,"minecraft:interact_with_smoker":8,"minecraft:fall_one_cm":67411},"minecraft:mined":{"minecraft:tuff":1,"minecraft:white_bed":3,"minecraft:mossy_cobblestone":1,"minecraft:deepslate_diamond_ore":14,"minecraft:brewing_stand":1,"minecraft:lever":2,"minecraft:granite":12,"minecraft:grass_block":16,"minecraft:decorated_pot":1,"minecraft:spruce_leaves":19,"minecraft:chiseled_tuff_bricks":3,"minecraft:hopper":1,"minecraft:tuff_bricks":12,"minecraft:hay_block":27,"minecraft:oak_trapdoor":12,"minecraft:furnace":4,"minecraft:iron_ore":79,"minecraft:polished_tuff":1,"minecraft:andesite":18,"minecraft:fletching_table":8,"minecraft:deepslate_iron_ore":8,"minecraft:oak_stairs":3,"minecraft:warped_stem":6,"minecraft:stripped_oak_log":19,"minecraft:stone":267,"minecraft:tripwire":8,"minecraft:deepslate_redstone_ore":2,"minecraft:glass_pane":3,"minecraft:smoker":3,"minecraft:oak_fence":2,"minecraft:crafting_table":11,"minecraft:short_grass":4,"minecraft:blast_furnace":3,"minecraft:copper_ore":8,"minecraft:tall_grass":3,"minecraft:cobblestone":186,"minecraft:deepslate_gold_ore":6,"minecraft:lapis_ore":7,"minecraft:oak_planks":7,"minecraft:sugar_cane":1,"minecraft:blue_bed":1,"minecraft:wall_torch":3,"minecraft:diorite":8,"minecraft:light_gray_stained_glass":4,"minecraft:birch_log":17,"minecraft:spruce_log":46,"minecraft:birch_leaves":1,"minecraft:yellow_bed":5,"minecraft:coal_ore":89,"minecraft:oak_log":109,"minecraft:gravel":23,"minecraft:loom":5,"minecraft:dirt":24,"minecraft:tripwire_hook":4,"minecraft:stonecutter":1,"minecraft:gold_ore":10,"minecraft:oak_leaves":11,"minecraft:deepslate":106},"minecraft:killed_by":{"minecraft:skeleton":2,"minecraft:zombie":1},"minecraft:killed":{"minecraft:spider":18,"minecraft:slime":90,"minecraft:skeleton":7,"minecraft:pig":2,"minecraft:zombie_villager":2,"minecraft:iron_golem":1,"minecraft:sheep":2,"minecraft:zombie":15,"minecraft:breeze":2,"minecraft:cow":9},"minecraft:crafted":{"minecraft:smooth_stone":3,"minecraft:oak_planks":492,"minecraft:tripwire_hook":2,"minecraft:furnace":1,"minecraft:blast_furnace":1,"minecraft:loom":1,"minecraft:stone":3,"minecraft:lever":3,"minecraft:cooked_mutton":2,"minecraft:oak_trapdoor":10,"minecraft:warped_planks":24,"minecraft:hopper":4,"minecraft:bow":20,"minecraft:iron_boots":1,"minecraft:iron_axe":1,"minecraft:stone_pickaxe":2,"minecraft:chest":9,"minecraft:oak_button":1,"minecraft:stone_hoe":1,"minecraft:smoker":1,"minecraft:wheat":243,"minecraft:cooked_beef":11,"minecraft:emerald":171,"minecraft:cooked_porkchop":5,"minecraft:crafting_table":6,"minecraft:iron_helmet":1,"minecraft:wooden_pickaxe":1,"minecraft:blue_bed":1,"minecraft:fletching_table":2,"minecraft:bucket":3,"minecraft:birch_planks":68,"minecraft:stone_axe":1,"minecraft:bread":81,"minecraft:air":0,"minecraft:blue_dye":1,"minecraft:oak_boat":1,"minecraft:white_wool":9,"minecraft:iron_chestplate":2,"minecraft:diamond_pickaxe":1,"minecraft:shield":2,"minecraft:stick":812,"minecraft:iron_ingot":85,"minecraft:iron_pickaxe":3,"minecraft:iron_leggings":1,"minecraft:gold_ingot":10,"minecraft:white_bed":3,"minecraft:shears":1}},"DataVersion":3953}