{"stats":{"minecraft:crafted":{"minecraft:cherry_planks":616,"minecraft:smooth_stone":3,"minecraft:oak_slab":138,"minecraft:oak_planks":28,"minecraft:raw_iron":7,"minecraft:crafting_table":1,"minecraft:cherry_slab":132,"minecraft:furnace":1,"minecraft:blast_furnace":1,"minecraft:stone_axe":1,"minecraft:air":0,"minecraft:hopper":4,"minecraft:diamond_pickaxe":1,"minecraft:stick":12,"minecraft:iron_ingot":30,"minecraft:iron_pickaxe":1,"minecraft:stone_pickaxe":1,"minecraft:chest":12,"minecraft:gold_ingot":1},"minecraft:used":{"minecraft:oak_trapdoor":30,"minecraft:moss_block":317,"minecraft:cherry_sapling":1,"minecraft:water_bucket":18,"minecraft:diorite":1,"minecraft:stone_pickaxe":8,"minecraft:oak_planks":5,"minecraft:chest":8,"minecraft:cherry_planks":520,"minecraft:rotten_flesh":1,"minecraft:torch":1,"minecraft:dirt":79,"minecraft:crafting_table":2,"minecraft:oak_slab":38,"minecraft:hopper":7,"minecraft:blast_furnace":1,"minecraft:dripstone_block":4,"minecraft:mud":3,"minecraft:cherry_slab":88,"minecraft:string":1,"minecraft:iron_pickaxe":97,"minecraft:cherry_trapdoor":34,"minecraft:stone_axe":26,"minecraft:cobblestone":177,"minecraft:andesite":56,"minecraft:bucket":20,"minecraft:cobbled_deepslate":6},"minecraft:custom":{"minecraft:interact_with_furnace":14,"minecraft:mob_kills":18,"minecraft:inspect_hopper":1,"minecraft:traded_with_villager":1,"minecraft:interact_with_crafting_table":16,"minecraft:time_since_death":4207,"minecraft:time_since_rest":4236,"minecraft:sprint_one_cm":65479,"minecraft:damage_taken":494,"minecraft:walk_one_cm":155201,"minecraft:damage_dealt":788,"minecraft:talked_to_villager":5,"minecraft:fly_one_cm":47759,"minecraft:open_chest":82,"minecraft:crouch_one_cm":43469,"minecraft:play_time":66470,"minecraft:deaths":2,"minecraft:sneak_time":12669,"minecraft:walk_under_water_one_cm":17998,"minecraft:jump":381,"minecraft:interact_with_blast_furnace":9,"minecraft:walk_on_water_one_cm":8705,"minecraft:total_world_time":66470,"minecraft:fall_one_cm":3255},"minecraft:killed":{"minecraft:creeper":9,"minecraft:skeleton":5,"minecraft:zombie":4},"minecraft:killed_by":{"minecraft:spider":1},"minecraft:picked_up":{"minecraft:mud":9,"minecraft:crafting_table":2,"minecraft:cherry_planks":8,"minecraft:clay_ball":20,"minecraft:andesite":3,"minecraft:oak_log":7,"minecraft:gunpowder":1,"minecraft:lapis_lazuli":25,"minecraft:oak_trapdoor":30,"minecraft:dirt":14,"minecraft:bone":3,"minecraft:cobbled_deepslate":6,"minecraft:raw_gold":2,"minecraft:glowstone_dust":2,"minecraft:moss_block":20,"minecraft:oak_planks":2,"minecraft:cherry_trapdoor":34,"minecraft:raw_iron":7,"minecraft:stick":1,"minecraft:torch":1,"minecraft:dripstone_block":4,"minecraft:spruce_sapling":1,"minecraft:diorite":5,"minecraft:redstone":31,"minecraft:arrow":1,"minecraft:rotten_flesh":1,"minecraft:slime_ball":1,"minecraft:diamond":5,"minecraft:cherry_sapling":1,"minecraft:emerald":9,"minecraft:netherrack":1,"minecraft:cherry_slab":6,"minecraft:coal":8,"minecraft:hopper":5,"minecraft:cobblestone":19},"minecraft:mined":{"minecraft:deepslate_redstone_ore":3,"minecraft:oak_slab":1,"minecraft:cherry_planks":12,"minecraft:deepslate_diamond_ore":3,"minecraft:crafting_table":2,"minecraft:clay":4,"minecraft:cherry_trapdoor":1,"minecraft:granite":5,"minecraft:grass_block":10,"minecraft:deepslate_coal_ore":5,"minecraft:spruce_leaves":6,"minecraft:deepslate_gold_ore":3,"minecraft:oak_planks":6,"minecraft:moss_block":45,"minecraft:diorite":4,"minecraft:cherry_slab":3,"minecraft:deepslate_copper_ore":2,"minecraft:mud":11,"minecraft:andesite":2,"minecraft:deepslate_lapis_ore":1,"minecraft:oak_log":7,"minecraft:deepslate_iron_ore":4,"minecraft:dripstone_block":4,"minecraft:dirt":6,"minecraft:stone":17,"minecraft:oak_leaves":8,"minecraft:deepslate_emerald_ore":7,"minecraft:deepslate":8}},"DataVersion":3953}