{"stats":{"minecraft:crafted":{"minecraft:cherry_planks":616,"minecraft:smooth_stone":3,"minecraft:oak_slab":138,"minecraft:oak_planks":40,"minecraft:raw_iron":7,"minecraft:diamond_sword":1,"minecraft:crafting_table":1,"minecraft:cherry_slab":132,"minecraft:baked_potato":7,"minecraft:smithing_table":1,"minecraft:furnace":1,"minecraft:blast_furnace":1,"minecraft:stone_axe":1,"minecraft:air":0,"minecraft:hopper":5,"minecraft:diamond_pickaxe":1,"minecraft:stick":12,"minecraft:iron_ingot":40,"minecraft:iron_pickaxe":1,"minecraft:stone_pickaxe":1,"minecraft:chest":12,"minecraft:gold_ingot":4,"minecraft:netherite_ingot":1,"minecraft:netherite_scrap":2,"minecraft:diamond_chestplate":1},"minecraft:used":{"minecraft:oak_trapdoor":30,"minecraft:moss_block":317,"minecraft:cherry_sapling":1,"minecraft:water_bucket":18,"minecraft:diorite":1,"minecraft:stone_pickaxe":8,"minecraft:baked_potato":3,"minecraft:oak_planks":6,"minecraft:chest":8,"minecraft:cherry_planks":520,"minecraft:rotten_flesh":5,"minecraft:torch":1,"minecraft:dirt":79,"minecraft:hopper":8,"minecraft:oak_slab":38,"minecraft:crafting_table":2,"minecraft:blast_furnace":1,"minecraft:dripstone_block":4,"minecraft:mud":3,"minecraft:diamond_pickaxe":98,"minecraft:cherry_slab":100,"minecraft:string":1,"minecraft:iron_pickaxe":97,"minecraft:cherry_trapdoor":34,"minecraft:diamond_chestplate":1,"minecraft:cobblestone":177,"minecraft:stone_axe":29,"minecraft:diamond_sword":179,"minecraft:bow":30,"minecraft:smithing_table":1,"minecraft:andesite":56,"minecraft:bucket":20,"minecraft:cobbled_deepslate":6},"minecraft:custom":{"minecraft:interact_with_smithing_table":2,"minecraft:interact_with_furnace":14,"minecraft:mob_kills":209,"minecraft:inspect_hopper":1,"minecraft:traded_with_villager":1,"minecraft:interact_with_crafting_table":23,"minecraft:leave_game":1,"minecraft:time_since_death":17909,"minecraft:time_since_rest":17935,"minecraft:sprint_one_cm":95618,"minecraft:damage_taken":1369,"minecraft:walk_one_cm":196530,"minecraft:drop":1,"minecraft:damage_dealt":4711,"minecraft:talked_to_villager":6,"minecraft:player_kills":1,"minecraft:fly_one_cm":96913,"minecraft:open_chest":129,"minecraft:crouch_one_cm":44131,"minecraft:play_time":88211,"minecraft:deaths":4,"minecraft:sneak_time":12926,"minecraft:walk_under_water_one_cm":17998,"minecraft:jump":620,"minecraft:interact_with_blast_furnace":15,"minecraft:walk_on_water_one_cm":8705,"minecraft:total_world_time":88211,"minecraft:interact_with_smoker":5,"minecraft:fall_one_cm":3255},"minecraft:broken":{"minecraft:golden_boots":1,"minecraft:golden_chestplate":1,"minecraft:golden_leggings":1},"minecraft:dropped":{"minecraft:bow":1},"minecraft:killed":{"minecraft:creeper":55,"minecraft:skeleton":76,"minecraft:zombie":73},"minecraft:killed_by":{"minecraft:player":1,"minecraft:skeleton":1,"minecraft:spider":1},"minecraft:picked_up":{"minecraft:mud":11,"minecraft:crafting_table":2,"minecraft:cherry_planks":8,"minecraft:clay_ball":28,"minecraft:andesite":4,"minecraft:diamond_sword":2,"minecraft:potato":1,"minecraft:oak_log":12,"minecraft:ancient_debris":2,"minecraft:gunpowder":4,"minecraft:dirt":17,"minecraft:lapis_lazuli":56,"minecraft:oak_trapdoor":30,"minecraft:raw_copper":5,"minecraft:bone":8,"minecraft:bow":1,"minecraft:cobbled_deepslate":8,"minecraft:gold_nugget":7,"minecraft:raw_gold":7,"minecraft:iron_pickaxe":1,"minecraft:glowstone_dust":4,"minecraft:moss_block":24,"minecraft:oak_planks":4,"minecraft:soul_sand":1,"minecraft:cherry_trapdoor":34,"minecraft:stick":2,"minecraft:raw_iron":7,"minecraft:quartz":3,"minecraft:torch":2,"minecraft:dripstone_block":7,"minecraft:spruce_sapling":1,"minecraft:diorite":10,"minecraft:carrot":9,"minecraft:redstone":46,"minecraft:arrow":17,"minecraft:rotten_flesh":3,"minecraft:slime_ball":1,"minecraft:diamond":11,"minecraft:stone_axe":1,"minecraft:granite":1,"minecraft:cherry_sapling":1,"minecraft:emerald":11,"minecraft:cherry_slab":8,"minecraft:netherrack":3,"minecraft:coal":11,"minecraft:hopper":5,"minecraft:cobblestone":30,"minecraft:diamond_pickaxe":2},"minecraft:mined":{"minecraft:nether_gold_ore":3,"minecraft:deepslate_redstone_ore":5,"minecraft:oak_slab":2,"minecraft:cherry_planks":12,"minecraft:soul_sand":3,"minecraft:deepslate_diamond_ore":8,"minecraft:clay":6,"minecraft:crafting_table":2,"minecraft:torch":1,"minecraft:cherry_trapdoor":1,"minecraft:granite":7,"minecraft:grass_block":14,"minecraft:nether_quartz_ore":2,"minecraft:deepslate_coal_ore":8,"minecraft:spruce_leaves":9,"minecraft:deepslate_gold_ore":6,"minecraft:moss_block":51,"minecraft:oak_planks":7,"minecraft:diorite":10,"minecraft:cherry_slab":5,"minecraft:deepslate_copper_ore":4,"minecraft:glowstone":4,"minecraft:mud":17,"minecraft:andesite":5,"minecraft:deepslate_lapis_ore":3,"minecraft:potatoes":2,"minecraft:oak_log":10,"minecraft:deepslate_iron_ore":6,"minecraft:dripstone_block":9,"minecraft:dirt":9,"minecraft:stone":30,"minecraft:netherrack":1,"minecraft:ancient_debris":7,"minecraft:deepslate_emerald_ore":10,"minecraft:oak_leaves":10,"minecraft:deepslate":10}},"DataVersion":3953}