{"stats":{"minecraft:crafted":{"minecraft:cherry_planks":616,"minecraft:smooth_stone":3,"minecraft:oak_slab":138,"minecraft:oak_planks":40,"minecraft:raw_iron":7,"minecraft:diamond_sword":1,"minecraft:crafting_table":1,"minecraft:cherry_slab":132,"minecraft:baked_potato":7,"minecraft:smithing_table":1,"minecraft:furnace":1,"minecraft:blast_furnace":1,"minecraft:stone_axe":1,"minecraft:air":0,"minecraft:hopper":5,"minecraft:diamond_helmet":1,"minecraft:diamond_leggings":2,"minecraft:diamond_pickaxe":1,"minecraft:stick":12,"minecraft:iron_ingot":42,"minecraft:iron_pickaxe":1,"minecraft:stone_pickaxe":1,"minecraft:diamond_boots":1,"minecraft:chest":12,"minecraft:gold_ingot":4,"minecraft:netherite_ingot":1,"minecraft:netherite_scrap":10,"minecraft:diamond_chestplate":1},"minecraft:used":{"minecraft:oak_trapdoor":30,"minecraft:moss_block":317,"minecraft:cherry_sapling":1,"minecraft:water_bucket":18,"minecraft:diorite":1,"minecraft:stone_pickaxe":8,"minecraft:baked_potato":5,"minecraft:oak_planks":6,"minecraft:chest":8,"minecraft:cherry_planks":520,"minecraft:rotten_flesh":5,"minecraft:torch":1,"minecraft:dirt":79,"minecraft:hopper":8,"minecraft:oak_slab":38,"minecraft:crafting_table":2,"minecraft:blast_furnace":1,"minecraft:dripstone_block":4,"minecraft:mud":3,"minecraft:diamond_pickaxe":218,"minecraft:cherry_slab":100,"minecraft:string":1,"minecraft:iron_pickaxe":97,"minecraft:cherry_trapdoor":34,"minecraft:diamond_chestplate":1,"minecraft:cobblestone":177,"minecraft:stone_axe":40,"minecraft:diamond_sword":263,"minecraft:bow":31,"minecraft:smithing_table":1,"minecraft:andesite":56,"minecraft:bucket":20,"minecraft:cobbled_deepslate":6},"minecraft:custom":{"minecraft:interact_with_smithing_table":2,"minecraft:interact_with_furnace":14,"minecraft:mob_kills":309,"minecraft:inspect_hopper":1,"minecraft:traded_with_villager":1,"minecraft:interact_with_crafting_table":25,"minecraft:leave_game":1,"minecraft:time_since_death":29909,"minecraft:time_since_rest":29935,"minecraft:sprint_one_cm":106140,"minecraft:damage_taken":1369,"minecraft:walk_one_cm":211767,"minecraft:drop":1,"minecraft:damage_dealt":6268,"minecraft:talked_to_villager":8,"minecraft:player_kills":1,"minecraft:fly_one_cm":113405,"minecraft:open_chest":162,"minecraft:crouch_one_cm":44131,"minecraft:play_time":100211,"minecraft:deaths":4,"minecraft:sneak_time":12939,"minecraft:walk_under_water_one_cm":17998,"minecraft:jump":689,"minecraft:interact_with_blast_furnace":20,"minecraft:walk_on_water_one_cm":8705,"minecraft:total_world_time":100211,"minecraft:interact_with_smoker":7,"minecraft:fall_one_cm":3673},"minecraft:broken":{"minecraft:golden_boots":1,"minecraft:golden_chestplate":1,"minecraft:golden_leggings":1},"minecraft:dropped":{"minecraft:bow":1},"minecraft:killed":{"minecraft:zombie_villager":1,"minecraft:creeper":89,"minecraft:skeleton":112,"minecraft:zombie":100,"minecraft:chicken":2},"minecraft:killed_by":{"minecraft:player":1,"minecraft:skeleton":1,"minecraft:spider":1},"minecraft:picked_up":{"minecraft:mud":19,"minecraft:crafting_table":2,"minecraft:cherry_planks":8,"minecraft:clay_ball":44,"minecraft:andesite":9,"minecraft:diamond_sword":2,"minecraft:potato":1,"minecraft:oak_log":23,"minecraft:ancient_debris":3,"minecraft:gunpowder":4,"minecraft:dirt":41,"minecraft:lapis_lazuli":63,"minecraft:oak_trapdoor":30,"minecraft:raw_copper":33,"minecraft:bone":8,"minecraft:bow":1,"minecraft:cobbled_deepslate":20,"minecraft:gold_nugget":15,"minecraft:raw_gold":12,"minecraft:iron_pickaxe":1,"minecraft:glowstone_dust":8,"minecraft:moss_block":39,"minecraft:oak_planks":4,"minecraft:soul_sand":2,"minecraft:cherry_trapdoor":34,"minecraft:stick":2,"minecraft:raw_iron":12,"minecraft:quartz":12,"minecraft:torch":3,"minecraft:dripstone_block":16,"minecraft:spruce_sapling":1,"minecraft:diorite":19,"minecraft:carrot":9,"minecraft:redstone":93,"minecraft:arrow":17,"minecraft:rotten_flesh":3,"minecraft:slime_ball":1,"minecraft:diamond":20,"minecraft:stone_axe":1,"minecraft:granite":7,"minecraft:cherry_sapling":1,"minecraft:obsidian":3,"minecraft:emerald":20,"minecraft:cherry_slab":8,"minecraft:netherrack":3,"minecraft:coal":16,"minecraft:hopper":5,"minecraft:cobblestone":52,"minecraft:diamond_pickaxe":2},"minecraft:mined":{"minecraft:nether_gold_ore":4,"minecraft:deepslate_redstone_ore":12,"minecraft:oak_slab":2,"minecraft:cherry_planks":12,"minecraft:blackstone":2,"minecraft:soul_sand":5,"minecraft:deepslate_diamond_ore":12,"minecraft:obsidian":2,"minecraft:clay":9,"minecraft:crafting_table":2,"minecraft:torch":2,"minecraft:cherry_trapdoor":1,"minecraft:granite":10,"minecraft:grass_block":26,"minecraft:nether_quartz_ore":7,"minecraft:deepslate_coal_ore":11,"minecraft:spruce_leaves":11,"minecraft:deepslate_gold_ore":9,"minecraft:moss_block":57,"minecraft:oak_planks":7,"minecraft:sculk":6,"minecraft:diorite":15,"minecraft:amethyst_block":2,"minecraft:cherry_slab":5,"minecraft:deepslate_copper_ore":6,"minecraft:glowstone":6,"minecraft:mud":19,"minecraft:andesite":6,"minecraft:deepslate_lapis_ore":7,"minecraft:potatoes":2,"minecraft:oak_log":21,"minecraft:deepslate_iron_ore":7,"minecraft:dripstone_block":15,"minecraft:dirt":9,"minecraft:stone":45,"minecraft:netherrack":1,"minecraft:ancient_debris":8,"minecraft:deepslate_emerald_ore":14,"minecraft:oak_leaves":18,"minecraft:deepslate":15}},"DataVersion":3953}