{"stats":{"minecraft:crafted":{"minecraft:oak_planks":20,"minecraft:shield":1,"minecraft:crafting_table":1,"minecraft:stick":8,"minecraft:wooden_pickaxe":1,"minecraft:stone_pickaxe":1,"minecraft:bucket":1,"minecraft:stone_hoe":1,"minecraft:stone_axe":1,"minecraft:bread":6,"minecraft:wheat":18},"minecraft:used":{"minecraft:water_bucket":21,"minecraft:lava_bucket":10,"minecraft:bread":5,"minecraft:stone_pickaxe":37,"minecraft:wooden_pickaxe":18,"minecraft:iron_sword":17,"minecraft:stone_hoe":28,"minecraft:stone_axe":16,"minecraft:cobblestone":19,"minecraft:crafting_table":4,"minecraft:bucket":32},"minecraft:custom":{"minecraft:time_since_rest":7889,"minecraft:sprint_one_cm":45685,"minecraft:damage_taken":191,"minecraft:walk_one_cm":52812,"minecraft:mob_kills":15,"minecraft:drop":1,"minecraft:damage_dealt":2440,"minecraft:swim_one_cm":2373,"minecraft:interact_with_crafting_table":5,"minecraft:fly_one_cm":80567,"minecraft:open_chest":5,"minecraft:crouch_one_cm":2427,"minecraft:play_time":16235,"minecraft:sneak_time":927,"minecraft:walk_under_water_one_cm":802,"minecraft:jump":390,"minecraft:interact_with_grindstone":2,"minecraft:time_since_death":16235,"minecraft:walk_on_water_one_cm":2080,"minecraft:sleep_in_bed":1,"minecraft:total_world_time":16235,"minecraft:fall_one_cm":12797},"minecraft:dropped":{"minecraft:beef":12},"minecraft:killed":{"minecraft:sheep":2,"minecraft:pig":2,"minecraft:spider":1,"minecraft:iron_golem":1,"minecraft:cow":9},"minecraft:picked_up":{"minecraft:crafting_table":3,"minecraft:leather":8,"minecraft:porkchop":5,"minecraft:oak_log":5,"minecraft:spider_eye":1,"minecraft:dirt":6,"minecraft:stone_axe":1,"minecraft:iron_ingot":4,"minecraft:hay_block":27,"minecraft:beef":23,"minecraft:poppy":2,"minecraft:sugar_cane":3,"minecraft:coal":8,"minecraft:mutton":2,"minecraft:cobblestone":44,"minecraft:white_wool":2,"minecraft:furnace":2},"minecraft:mined":{"minecraft:hay_block":27,"minecraft:furnace":2,"minecraft:crafting_table":3,"minecraft:short_grass":3,"minecraft:grass_block":4,"minecraft:coal_ore":8,"minecraft:oak_log":5,"minecraft:dirt":2,"minecraft:cobblestone":11,"minecraft:tall_grass":2,"minecraft:stone":33,"minecraft:sugar_cane":1}},"DataVersion":3953}