{"stats":{"minecraft:crafted":{"minecraft:oak_planks":20,"minecraft:crafting_table":1,"minecraft:stone_axe":1,"minecraft:stick":8,"minecraft:wooden_pickaxe":1,"minecraft:stone_pickaxe":1},"minecraft:used":{"minecraft:stone_axe":12,"minecraft:crafting_table":1,"minecraft:stone_pickaxe":10,"minecraft:wooden_pickaxe":18},"minecraft:custom":{"minecraft:time_since_rest":4235,"minecraft:crouch_one_cm":1755,"minecraft:play_time":4235,"minecraft:sprint_one_cm":16026,"minecraft:damage_taken":20,"minecraft:walk_one_cm":7257,"minecraft:sneak_time":459,"minecraft:walk_under_water_one_cm":94,"minecraft:mob_kills":11,"minecraft:jump":112,"minecraft:damage_dealt":1060,"minecraft:walk_on_water_one_cm":321,"minecraft:time_since_death":4235,"minecraft:swim_one_cm":1472,"minecraft:total_world_time":4235,"minecraft:interact_with_crafting_table":2,"minecraft:fall_one_cm":4398,"minecraft:fly_one_cm":30284},"minecraft:killed":{"minecraft:sheep":2,"minecraft:cow":9},"minecraft:picked_up":{"minecraft:crafting_table":1,"minecraft:leather":8,"minecraft:beef":23,"minecraft:oak_log":5,"minecraft:white_wool":2,"minecraft:mutton":2,"minecraft:sugar_cane":3,"minecraft:cobblestone":28},"minecraft:mined":{"minecraft:oak_log":5,"minecraft:stone":28,"minecraft:sugar_cane":1,"minecraft:crafting_table":1}},"DataVersion":3953}