{"stats":{"minecraft:crafted":{"minecraft:cooked_beef":11,"minecraft:smooth_stone":3,"minecraft:oak_planks":28,"minecraft:cooked_porkchop":5,"minecraft:crafting_table":2,"minecraft:wooden_pickaxe":1,"minecraft:iron_helmet":1,"minecraft:furnace":1,"minecraft:blast_furnace":1,"minecraft:stone":3,"minecraft:bucket":1,"minecraft:stone_axe":1,"minecraft:cooked_mutton":2,"minecraft:bread":6,"minecraft:air":0,"minecraft:shield":1,"minecraft:stick":12,"minecraft:iron_ingot":16,"minecraft:iron_pickaxe":1,"minecraft:stone_pickaxe":2,"minecraft:stone_hoe":1,"minecraft:wheat":18,"minecraft:smoker":1},"minecraft:used":{"minecraft:water_bucket":21,"minecraft:flint_and_steel":1,"minecraft:stone_pickaxe":165,"minecraft:wooden_pickaxe":18,"minecraft:iron_sword":20,"minecraft:stone_hoe":28,"minecraft:dirt":3,"minecraft:crafting_table":8,"minecraft:blast_furnace":2,"minecraft:granite":3,"minecraft:smoker":2,"minecraft:lava_bucket":10,"minecraft:bread":8,"minecraft:iron_pickaxe":230,"minecraft:stone_axe":30,"minecraft:cobblestone":32,"minecraft:furnace":1,"minecraft:bucket":32},"minecraft:custom":{"minecraft:interact_with_furnace":11,"minecraft:mob_kills":16,"minecraft:interact_with_crafting_table":14,"minecraft:interact_with_grindstone":2,"minecraft:time_since_death":40235,"minecraft:sleep_in_bed":2,"minecraft:time_since_rest":12406,"minecraft:sprint_one_cm":66116,"minecraft:damage_taken":411,"minecraft:walk_one_cm":104069,"minecraft:drop":12,"minecraft:damage_dealt":2640,"minecraft:swim_one_cm":2373,"minecraft:fly_one_cm":116937,"minecraft:open_chest":5,"minecraft:crouch_one_cm":12089,"minecraft:play_time":40235,"minecraft:sneak_time":6265,"minecraft:walk_under_water_one_cm":802,"minecraft:jump":674,"minecraft:interact_with_blast_furnace":8,"minecraft:walk_on_water_one_cm":3159,"minecraft:total_world_time":40235,"minecraft:interact_with_smoker":7,"minecraft:fall_one_cm":19064},"minecraft:broken":{"minecraft:stone_pickaxe":1},"minecraft:dropped":{"minecraft:clock":1,"minecraft:raw_copper":52,"minecraft:cobblestone":3,"minecraft:leather":16,"minecraft:poppy":2,"minecraft:diorite":3,"minecraft:andesite":3,"minecraft:oak_sapling":1,"minecraft:spider_eye":1,"minecraft:beef":12},"minecraft:killed":{"minecraft:pig":2,"minecraft:spider":1,"minecraft:iron_golem":1,"minecraft:sheep":2,"minecraft:zombie":1,"minecraft:cow":9},"minecraft:picked_up":{"minecraft:stripped_oak_log":4,"minecraft:crafting_table":7,"minecraft:andesite":3,"minecraft:leather":16,"minecraft:smoker":2,"minecraft:flint":2,"minecraft:oak_log":7,"minecraft:yellow_bed":1,"minecraft:lapis_lazuli":44,"minecraft:dirt":12,"minecraft:raw_copper":52,"minecraft:raw_gold":10,"minecraft:beef":23,"minecraft:iron_ingot":4,"minecraft:poppy":2,"minecraft:sugar_cane":3,"minecraft:furnace":3,"minecraft:stick":1,"minecraft:raw_iron":76,"minecraft:porkchop":5,"minecraft:blast_furnace":2,"minecraft:diorite":3,"minecraft:spider_eye":1,"minecraft:stone_axe":1,"minecraft:hay_block":27,"minecraft:granite":11,"minecraft:oak_sapling":1,"minecraft:mutton":2,"minecraft:coal":210,"minecraft:white_wool":2,"minecraft:cobblestone":117},"minecraft:mined":{"minecraft:smoker":2,"minecraft:crafting_table":7,"minecraft:granite":11,"minecraft:short_grass":4,"minecraft:blast_furnace":2,"minecraft:grass_block":7,"minecraft:copper_ore":8,"minecraft:tall_grass":2,"minecraft:cobblestone":15,"minecraft:lapis_ore":7,"minecraft:sugar_cane":1,"minecraft:diorite":8,"minecraft:hay_block":27,"minecraft:furnace":3,"minecraft:iron_ore":76,"minecraft:andesite":9,"minecraft:yellow_bed":1,"minecraft:oak_log":7,"minecraft:coal_ore":85,"minecraft:gravel":18,"minecraft:dirt":5,"minecraft:stripped_oak_log":4,"minecraft:stone":157,"minecraft:gold_ore":10}},"DataVersion":3953}