{"stats":{"minecraft:crafted":{"minecraft:oak_planks":16,"minecraft:raw_iron":7,"minecraft:stick":8,"minecraft:iron_pickaxe":1,"minecraft:stone_pickaxe":1,"minecraft:gold_ingot":1,"minecraft:stone_axe":1,"minecraft:air":0},"minecraft:used":{"minecraft:stone_pickaxe":8,"minecraft:iron_pickaxe":56,"minecraft:stone_axe":12},"minecraft:custom":{"minecraft:time_since_rest":6470,"minecraft:interact_with_furnace":1,"minecraft:sprint_one_cm":3923,"minecraft:walk_one_cm":5911,"minecraft:traded_with_villager":1,"minecraft:talked_to_villager":2,"minecraft:interact_with_crafting_table":3,"minecraft:fly_one_cm":3970,"minecraft:open_chest":11,"minecraft:crouch_one_cm":844,"minecraft:play_time":6470,"minecraft:sneak_time":780,"minecraft:jump":16,"minecraft:time_since_death":6470,"minecraft:total_world_time":6470},"minecraft:picked_up":{"minecraft:mud":5,"minecraft:stick":1,"minecraft:raw_iron":3,"minecraft:clay_ball":12,"minecraft:andesite":2,"minecraft:dripstone_block":3,"minecraft:oak_log":6,"minecraft:spruce_sapling":1,"minecraft:diorite":2,"minecraft:redstone":9,"minecraft:dirt":2,"minecraft:lapis_lazuli":5,"minecraft:diamond":2,"minecraft:cobbled_deepslate":3,"minecraft:raw_gold":1,"minecraft:emerald":5,"minecraft:moss_block":3,"minecraft:coal":1,"minecraft:cobblestone":10},"minecraft:mined":{"minecraft:deepslate_redstone_ore":2,"minecraft:mud":7,"minecraft:deepslate_diamond_ore":2,"minecraft:andesite":1,"minecraft:clay":3,"minecraft:granite":4,"minecraft:grass_block":5,"minecraft:oak_log":7,"minecraft:deepslate_iron_ore":2,"minecraft:dripstone_block":3,"minecraft:deepslate_coal_ore":2,"minecraft:deepslate_gold_ore":1,"minecraft:spruce_leaves":4,"minecraft:stone":10,"minecraft:moss_block":5,"minecraft:deepslate_emerald_ore":5,"minecraft:diorite":2,"minecraft:oak_leaves":8,"minecraft:deepslate":3,"minecraft:deepslate_copper_ore":1}},"DataVersion":3953}