{"stats":{"minecraft:crafted":{"minecraft:cooked_beef":11,"minecraft:smooth_stone":3,"minecraft:oak_planks":40,"minecraft:tripwire_hook":2,"minecraft:cooked_porkchop":5,"minecraft:crafting_table":3,"minecraft:wooden_pickaxe":1,"minecraft:iron_helmet":1,"minecraft:furnace":1,"minecraft:blast_furnace":1,"minecraft:stone":3,"minecraft:lever":3,"minecraft:bucket":3,"minecraft:stone_axe":1,"minecraft:cooked_mutton":2,"minecraft:bread":6,"minecraft:air":0,"minecraft:oak_trapdoor":2,"minecraft:warped_planks":24,"minecraft:iron_chestplate":1,"minecraft:iron_boots":1,"minecraft:shield":1,"minecraft:iron_axe":1,"minecraft:stick":20,"minecraft:iron_ingot":75,"minecraft:iron_pickaxe":2,"minecraft:stone_pickaxe":2,"minecraft:chest":1,"minecraft:iron_leggings":1,"minecraft:gold_ingot":10,"minecraft:oak_button":1,"minecraft:stone_hoe":1,"minecraft:shears":1,"minecraft:wheat":18,"minecraft:smoker":1},"minecraft:used":{"minecraft:oak_trapdoor":8,"minecraft:water_bucket":25,"minecraft:flint_and_steel":1,"minecraft:stone_pickaxe":165,"minecraft:chest":1,"minecraft:shield":4,"minecraft:wooden_pickaxe":18,"minecraft:iron_sword":53,"minecraft:stone_hoe":28,"minecraft:iron_chestplate":1,"minecraft:dirt":3,"minecraft:crafting_table":11,"minecraft:blast_furnace":3,"minecraft:shears":9,"minecraft:granite":3,"minecraft:smoker":2,"minecraft:lever":3,"minecraft:lava_bucket":10,"minecraft:string":22,"minecraft:iron_axe":16,"minecraft:bread":12,"minecraft:oak_button":1,"minecraft:iron_pickaxe":306,"minecraft:stone_axe":33,"minecraft:tripwire_hook":6,"minecraft:cobblestone":154,"minecraft:furnace":2,"minecraft:bucket":36,"minecraft:cooked_beef":6,"minecraft:iron_leggings":1},"minecraft:custom":{"minecraft:interact_with_furnace":22,"minecraft:mob_kills":28,"minecraft:interact_with_crafting_table":27,"minecraft:interact_with_grindstone":2,"minecraft:time_since_death":64235,"minecraft:sleep_in_bed":2,"minecraft:time_since_rest":36406,"minecraft:sprint_one_cm":90738,"minecraft:damage_taken":987,"minecraft:walk_one_cm":173464,"minecraft:damage_blocked_by_shield":340,"minecraft:drop":17,"minecraft:damage_dealt":4856,"minecraft:swim_one_cm":2373,"minecraft:fly_one_cm":158029,"minecraft:open_chest":7,"minecraft:crouch_one_cm":13086,"minecraft:play_time":64235,"minecraft:sneak_time":6688,"minecraft:walk_under_water_one_cm":1099,"minecraft:jump":1061,"minecraft:interact_with_blast_furnace":25,"minecraft:walk_on_water_one_cm":16747,"minecraft:total_world_time":64235,"minecraft:interact_with_smoker":7,"minecraft:fall_one_cm":26945},"minecraft:broken":{"minecraft:stone_pickaxe":1},"minecraft:dropped":{"minecraft:water_bucket":1,"minecraft:golden_boots":1,"minecraft:clock":1,"minecraft:raw_copper":52,"minecraft:cobblestone":3,"minecraft:leather":16,"minecraft:poppy":2,"minecraft:potato":8,"minecraft:diorite":3,"minecraft:andesite":3,"minecraft:oak_sapling":1,"minecraft:spider_eye":1,"minecraft:beef":12,"minecraft:iron_pickaxe":1,"minecraft:egg":1},"minecraft:killed":{"minecraft:pig":2,"minecraft:zombie_villager":1,"minecraft:spider":4,"minecraft:iron_golem":1,"minecraft:skeleton":1,"minecraft:sheep":2,"minecraft:zombie":6,"minecraft:cow":9},"minecraft:picked_up":{"minecraft:stripped_oak_log":7,"minecraft:crafting_table":8,"minecraft:tripwire_hook":4,"minecraft:andesite":3,"minecraft:leather":16,"minecraft:smoker":2,"minecraft:flint":2,"minecraft:oak_log":7,"minecraft:golden_boots":1,"minecraft:yellow_bed":1,"minecraft:oak_trapdoor":6,"minecraft:string":33,"minecraft:lapis_lazuli":44,"minecraft:dirt":15,"minecraft:raw_copper":52,"minecraft:warped_stem":6,"minecraft:raw_gold":10,"minecraft:beef":23,"minecraft:iron_ingot":5,"minecraft:poppy":2,"minecraft:sugar_cane":3,"minecraft:egg":1,"minecraft:furnace":4,"minecraft:stick":1,"minecraft:raw_iron":76,"minecraft:porkchop":5,"minecraft:blast_furnace":3,"minecraft:diorite":3,"minecraft:spider_eye":3,"minecraft:rotten_flesh":7,"minecraft:stone_axe":1,"minecraft:lever":3,"minecraft:hay_block":27,"minecraft:granite":11,"minecraft:oak_sapling":1,"minecraft:mutton":2,"minecraft:coal":243,"minecraft:white_wool":2,"minecraft:cobblestone":192},"minecraft:mined":{"minecraft:smoker":2,"minecraft:crafting_table":8,"minecraft:lever":2,"minecraft:granite":11,"minecraft:short_grass":4,"minecraft:blast_furnace":3,"minecraft:grass_block":8,"minecraft:copper_ore":8,"minecraft:tall_grass":3,"minecraft:cobblestone":70,"minecraft:lapis_ore":7,"minecraft:sugar_cane":1,"minecraft:diorite":8,"minecraft:hay_block":27,"minecraft:oak_trapdoor":6,"minecraft:furnace":4,"minecraft:iron_ore":76,"minecraft:andesite":9,"minecraft:yellow_bed":1,"minecraft:oak_log":7,"minecraft:coal_ore":85,"minecraft:warped_stem":6,"minecraft:gravel":18,"minecraft:dirt":7,"minecraft:stripped_oak_log":7,"minecraft:tripwire_hook":4,"minecraft:stone":169,"minecraft:gold_ore":10,"minecraft:tripwire":4}},"DataVersion":3953}