{"stats":{"minecraft:crafted":{"minecraft:cherry_planks":616,"minecraft:smooth_stone":3,"minecraft:oak_slab":138,"minecraft:oak_planks":24,"minecraft:raw_iron":7,"minecraft:cherry_slab":6,"minecraft:furnace":1,"minecraft:blast_furnace":1,"minecraft:stone_axe":1,"minecraft:air":0,"minecraft:hopper":4,"minecraft:stick":8,"minecraft:iron_ingot":30,"minecraft:iron_pickaxe":1,"minecraft:stone_pickaxe":1,"minecraft:chest":12,"minecraft:gold_ingot":1},"minecraft:used":{"minecraft:moss_block":316,"minecraft:cherry_sapling":1,"minecraft:water_bucket":15,"minecraft:diorite":1,"minecraft:stone_pickaxe":8,"minecraft:oak_planks":5,"minecraft:chest":8,"minecraft:cherry_planks":458,"minecraft:rotten_flesh":1,"minecraft:torch":1,"minecraft:dirt":79,"minecraft:oak_slab":38,"minecraft:hopper":7,"minecraft:blast_furnace":1,"minecraft:dripstone_block":4,"minecraft:mud":3,"minecraft:cherry_slab":8,"minecraft:iron_pickaxe":97,"minecraft:stone_axe":18,"minecraft:cobblestone":177,"minecraft:andesite":56,"minecraft:bucket":16,"minecraft:cobbled_deepslate":6},"minecraft:custom":{"minecraft:interact_with_furnace":12,"minecraft:mob_kills":6,"minecraft:inspect_hopper":1,"minecraft:traded_with_villager":1,"minecraft:interact_with_crafting_table":13,"minecraft:time_since_death":8722,"minecraft:time_since_rest":8750,"minecraft:sprint_one_cm":49421,"minecraft:damage_taken":249,"minecraft:walk_one_cm":110740,"minecraft:damage_dealt":424,"minecraft:talked_to_villager":5,"minecraft:fly_one_cm":34462,"minecraft:open_chest":59,"minecraft:crouch_one_cm":41290,"minecraft:play_time":54470,"minecraft:deaths":1,"minecraft:sneak_time":11995,"minecraft:walk_under_water_one_cm":8693,"minecraft:jump":295,"minecraft:interact_with_blast_furnace":6,"minecraft:walk_on_water_one_cm":6363,"minecraft:total_world_time":54470,"minecraft:fall_one_cm":2030},"minecraft:killed":{"minecraft:creeper":5,"minecraft:zombie":1},"minecraft:picked_up":{"minecraft:mud":8,"minecraft:cherry_planks":5,"minecraft:clay_ball":16,"minecraft:andesite":3,"minecraft:oak_log":6,"minecraft:gunpowder":1,"minecraft:lapis_lazuli":25,"minecraft:oak_trapdoor":30,"minecraft:dirt":10,"minecraft:bone":2,"minecraft:cobbled_deepslate":6,"minecraft:raw_gold":2,"minecraft:moss_block":17,"minecraft:oak_planks":2,"minecraft:cherry_trapdoor":34,"minecraft:raw_iron":6,"minecraft:stick":1,"minecraft:torch":1,"minecraft:dripstone_block":4,"minecraft:spruce_sapling":1,"minecraft:diorite":5,"minecraft:redstone":21,"minecraft:rotten_flesh":1,"minecraft:slime_ball":1,"minecraft:diamond":4,"minecraft:cherry_sapling":1,"minecraft:emerald":9,"minecraft:cherry_slab":2,"minecraft:coal":6,"minecraft:hopper":5,"minecraft:cobblestone":18},"minecraft:mined":{"minecraft:deepslate_redstone_ore":3,"minecraft:oak_slab":1,"minecraft:cherry_planks":7,"minecraft:deepslate_diamond_ore":3,"minecraft:clay":4,"minecraft:granite":5,"minecraft:grass_block":10,"minecraft:deepslate_coal_ore":5,"minecraft:spruce_leaves":6,"minecraft:deepslate_gold_ore":3,"minecraft:oak_planks":6,"minecraft:moss_block":44,"minecraft:diorite":4,"minecraft:cherry_slab":1,"minecraft:deepslate_copper_ore":2,"minecraft:mud":11,"minecraft:andesite":2,"minecraft:deepslate_lapis_ore":1,"minecraft:oak_log":7,"minecraft:deepslate_iron_ore":4,"minecraft:dripstone_block":4,"minecraft:dirt":6,"minecraft:stone":17,"minecraft:oak_leaves":8,"minecraft:deepslate_emerald_ore":7,"minecraft:deepslate":8}},"DataVersion":3953}