{"stats":{"minecraft:crafted":{"minecraft:hopper":4,"minecraft:oak_slab":126,"minecraft:smooth_stone":3,"minecraft:oak_planks":24,"minecraft:raw_iron":7,"minecraft:stick":8,"minecraft:iron_ingot":28,"minecraft:iron_pickaxe":1,"minecraft:stone_pickaxe":1,"minecraft:chest":8,"minecraft:gold_ingot":1,"minecraft:furnace":1,"minecraft:blast_furnace":1,"minecraft:stone_axe":1,"minecraft:air":0},"minecraft:used":{"minecraft:moss_block":13,"minecraft:cherry_sapling":1,"minecraft:stone_pickaxe":8,"minecraft:iron_pickaxe":96,"minecraft:chest":4,"minecraft:rotten_flesh":1,"minecraft:stone_axe":14,"minecraft:oak_slab":26,"minecraft:hopper":4,"minecraft:blast_furnace":1},"minecraft:custom":{"minecraft:time_since_rest":18470,"minecraft:interact_with_furnace":11,"minecraft:sprint_one_cm":16939,"minecraft:damage_taken":90,"minecraft:walk_one_cm":15258,"minecraft:mob_kills":1,"minecraft:damage_dealt":200,"minecraft:traded_with_villager":1,"minecraft:talked_to_villager":2,"minecraft:interact_with_crafting_table":10,"minecraft:fly_one_cm":11246,"minecraft:open_chest":38,"minecraft:crouch_one_cm":4033,"minecraft:play_time":18470,"minecraft:sneak_time":2437,"minecraft:jump":43,"minecraft:interact_with_blast_furnace":3,"minecraft:time_since_death":18470,"minecraft:total_world_time":18470},"minecraft:killed":{"minecraft:zombie":1},"minecraft:picked_up":{"minecraft:mud":6,"minecraft:stick":1,"minecraft:raw_iron":6,"minecraft:clay_ball":16,"minecraft:andesite":3,"minecraft:dripstone_block":3,"minecraft:oak_log":6,"minecraft:spruce_sapling":1,"minecraft:diorite":5,"minecraft:redstone":21,"minecraft:dirt":8,"minecraft:lapis_lazuli":25,"minecraft:rotten_flesh":1,"minecraft:diamond":4,"minecraft:cobbled_deepslate":6,"minecraft:raw_gold":2,"minecraft:cherry_sapling":1,"minecraft:emerald":9,"minecraft:moss_block":6,"minecraft:coal":5,"minecraft:cobblestone":18},"minecraft:mined":{"minecraft:deepslate_redstone_ore":3,"minecraft:mud":8,"minecraft:deepslate_diamond_ore":3,"minecraft:andesite":2,"minecraft:deepslate_lapis_ore":1,"minecraft:clay":4,"minecraft:granite":5,"minecraft:grass_block":10,"minecraft:oak_log":7,"minecraft:deepslate_iron_ore":4,"minecraft:dripstone_block":4,"minecraft:deepslate_coal_ore":4,"minecraft:deepslate_gold_ore":3,"minecraft:spruce_leaves":6,"minecraft:stone":17,"minecraft:moss_block":8,"minecraft:deepslate_emerald_ore":7,"minecraft:diorite":4,"minecraft:oak_leaves":8,"minecraft:deepslate":8,"minecraft:deepslate_copper_ore":2}},"DataVersion":3953}