{"stats":{"minecraft:crafted":{"minecraft:cherry_planks":128,"minecraft:coarse_dirt":4,"minecraft:oak_planks":1000,"minecraft:stone_shovel":1,"minecraft:coal":9,"minecraft:tripwire_hook":2,"minecraft:sand":64,"minecraft:stone":3,"minecraft:cherry_sapling":1,"minecraft:bone_meal":57,"minecraft:lever":1,"minecraft:diamond_block":2,"minecraft:oak_trapdoor":32,"minecraft:cherry_trapdoor":34,"minecraft:hopper":3,"minecraft:diamond":18,"minecraft:iron_axe":4,"minecraft:slime_ball":8,"minecraft:stone_pickaxe":3,"minecraft:chest":4,"minecraft:stone_hoe":1,"minecraft:oak_slab":1164,"minecraft:wooden_shovel":1,"minecraft:crafting_table":1,"minecraft:gravel":4,"minecraft:blue_bed":1,"minecraft:bone":12,"minecraft:stone_axe":2,"minecraft:air":0,"minecraft:blue_dye":1,"minecraft:oak_boat":2,"minecraft:string":18,"minecraft:white_wool":2,"minecraft:cobblestone":4,"minecraft:diamond_pickaxe":1,"minecraft:emerald_block":4,"minecraft:stick":24,"minecraft:iron_pickaxe":4,"minecraft:iron_ingot":80,"minecraft:wooden_axe":1,"minecraft:gold_ingot":12,"minecraft:torch":44,"minecraft:carrot":18,"minecraft:shears":1,"minecraft:clay":19},"minecraft:used":{"minecraft:oak_trapdoor":2,"minecraft:moss_block":12,"minecraft:cherry_sapling":10,"minecraft:stone_shovel":131,"minecraft:chest":1,"minecraft:wooden_shovel":43,"minecraft:stone_hoe":32,"minecraft:torch":44,"minecraft:dirt":277,"minecraft:carrot":72,"minecraft:wooden_axe":15,"minecraft:iron_axe":376,"minecraft:tripwire_hook":2,"minecraft:oak_sapling":4,"minecraft:cherry_log":18,"minecraft:water_bucket":9,"minecraft:stone_pickaxe":273,"minecraft:oak_planks":78,"minecraft:blue_bed":2,"minecraft:oak_slab":1003,"minecraft:crafting_table":1,"minecraft:white_bed":2,"minecraft:dripstone_block":1,"minecraft:shears":80,"minecraft:mud":5,"minecraft:lever":1,"minecraft:diamond_pickaxe":8,"minecraft:apple":1,"minecraft:string":2,"minecraft:iron_pickaxe":439,"minecraft:spruce_sapling":2,"minecraft:gravel":16,"minecraft:golden_helmet":1,"minecraft:stone_axe":219,"minecraft:pufferfish_bucket":3,"minecraft:bucket":10,"minecraft:oak_boat":2,"minecraft:bone_meal":57},"minecraft:custom":{"minecraft:mob_kills":17,"minecraft:animals_bred":1,"minecraft:interact_with_crafting_table":84,"minecraft:leave_game":3,"minecraft:time_since_death":11959,"minecraft:sprint_one_cm":293821,"minecraft:walk_one_cm":301574,"minecraft:drop":30,"minecraft:talked_to_villager":89,"minecraft:play_time":196088,"minecraft:deaths":7,"minecraft:sneak_time":41794,"minecraft:walk_under_water_one_cm":25050,"minecraft:boat_one_cm":643,"minecraft:jump":1111,"minecraft:interact_with_blast_furnace":5,"minecraft:walk_on_water_one_cm":4443,"minecraft:total_world_time":196088,"minecraft:interact_with_furnace":59,"minecraft:traded_with_villager":12,"minecraft:sleep_in_bed":1,"minecraft:time_since_rest":8268,"minecraft:damage_taken":2063,"minecraft:damage_dealt":3578,"minecraft:swim_one_cm":2307,"minecraft:fly_one_cm":272171,"minecraft:player_kills":1,"minecraft:open_chest":493,"minecraft:crouch_one_cm":154503,"minecraft:fall_one_cm":6918},"minecraft:broken":{"minecraft:golden_helmet":1,"minecraft:stone_pickaxe":1,"minecraft:iron_axe":1,"minecraft:stone_axe":1,"minecraft:stone_shovel":1},"minecraft:dropped":{"minecraft:oak_slab":25,"minecraft:granite":1,"minecraft:coal":1,"minecraft:pufferfish":1,"minecraft:dirt":9,"minecraft:diorite":1,"minecraft:cherry_trapdoor":34,"minecraft:wooden_axe":1,"minecraft:mud":3,"minecraft:iron_pickaxe":4,"minecraft:bucket":1,"minecraft:bone":15,"minecraft:stone_axe":5,"minecraft:oak_trapdoor":30,"minecraft:hopper":3,"minecraft:spider_eye":1,"minecraft:stone_pickaxe":3},"minecraft:killed":{"minecraft:spider":4,"minecraft:pufferfish":1,"minecraft:creeper":1,"minecraft:zombie":6,"minecraft:villager":2},"minecraft:killed_by":{"minecraft:player":1,"minecraft:creeper":2,"minecraft:zombie":1},"minecraft:picked_up":{"minecraft:mud":91,"minecraft:clay_ball":116,"minecraft:lead":2,"minecraft:string":27,"minecraft:raw_copper":62,"minecraft:iron_axe":1,"minecraft:pufferfish":1,"minecraft:cobbled_deepslate":7,"minecraft:bucket":1,"minecraft:oak_boat":1,"minecraft:iron_pickaxe":3,"minecraft:golden_helmet":1,"minecraft:stick":41,"minecraft:raw_iron":71,"minecraft:torch":3,"minecraft:cherry_log":200,"minecraft:diorite":23,"minecraft:carrot":54,"minecraft:redstone":55,"minecraft:arrow":2,"minecraft:rotten_flesh":4,"minecraft:white_wool":73,"minecraft:cobblestone":239,"minecraft:water_bucket":1,"minecraft:andesite":22,"minecraft:leather":1,"minecraft:flint":1,"minecraft:oak_log":177,"minecraft:ancient_debris":1,"minecraft:gunpowder":1,"minecraft:lapis_lazuli":112,"minecraft:blue_bed":1,"minecraft:dirt":398,"minecraft:bone":3,"minecraft:apple":1,"minecraft:raw_gold":28,"minecraft:stone_pickaxe":3,"minecraft:glowstone_dust":11,"minecraft:moss_block":174,"minecraft:oak_planks":16,"minecraft:soul_sand":1,"minecraft:oak_slab":64,"minecraft:quartz":2,"minecraft:dripstone_block":73,"minecraft:gravel":15,"minecraft:spruce_sapling":13,"minecraft:white_bed":3,"minecraft:spruce_log":10,"minecraft:spider_eye":4,"minecraft:diamond":9,"minecraft:stone_axe":4,"minecraft:granite":25,"minecraft:cherry_sapling":74,"minecraft:emerald":8,"minecraft:oak_sapling":10,"minecraft:coal":64,"minecraft:diamond_pickaxe":2},"minecraft:mined":{"minecraft:white_bed":1,"minecraft:oak_sapling":2,"minecraft:deepslate_diamond_ore":3,"minecraft:cherry_log":225,"minecraft:cherry_sapling":6,"minecraft:granite":15,"minecraft:grass_block":275,"minecraft:spruce_leaves":125,"minecraft:moss_block":143,"minecraft:redstone_ore":5,"minecraft:glowstone":2,"minecraft:carrots":26,"minecraft:iron_ore":48,"minecraft:cobbled_deepslate":3,"minecraft:andesite":14,"minecraft:deepslate_lapis_ore":1,"minecraft:deepslate_iron_ore":3,"minecraft:stone":164,"minecraft:white_wool":79,"minecraft:deepslate_redstone_ore":3,"minecraft:oak_slab":85,"minecraft:soul_sand":1,"minecraft:clay":18,"minecraft:torch":2,"minecraft:nether_quartz_ore":1,"minecraft:copper_ore":7,"minecraft:deepslate_coal_ore":1,"minecraft:lapis_ore":6,"minecraft:deepslate_gold_ore":4,"minecraft:oak_planks":19,"minecraft:diorite":15,"minecraft:deepslate_copper_ore":1,"minecraft:mud":75,"minecraft:spruce_log":10,"minecraft:oak_log":178,"minecraft:coal_ore":42,"minecraft:cherry_leaves":22,"minecraft:gravel":16,"minecraft:dripstone_block":50,"minecraft:dirt":74,"minecraft:ancient_debris":1,"minecraft:gold_ore":2,"minecraft:oak_leaves":67,"minecraft:deepslate_emerald_ore":2,"minecraft:deepslate":1}},"DataVersion":3953}