{"stats":{"minecraft:crafted":{"minecraft:coarse_dirt":4,"minecraft:oak_slab":258,"minecraft:oak_planks":228,"minecraft:wooden_shovel":1,"minecraft:stone_shovel":1,"minecraft:coal":9,"minecraft:crafting_table":1,"minecraft:gravel":4,"minecraft:cherry_sapling":1,"minecraft:bone_meal":27,"minecraft:stone_axe":2,"minecraft:air":0,"minecraft:oak_boat":1,"minecraft:cobblestone":4,"minecraft:slime_ball":8,"minecraft:stick":12,"minecraft:iron_ingot":43,"minecraft:iron_pickaxe":2,"minecraft:stone_pickaxe":3,"minecraft:wooden_axe":1,"minecraft:chest":1,"minecraft:torch":4},"minecraft:used":{"minecraft:moss_block":11,"minecraft:cherry_sapling":9,"minecraft:stone_shovel":131,"minecraft:stone_pickaxe":273,"minecraft:chest":1,"minecraft:wooden_shovel":43,"minecraft:torch":4,"minecraft:dirt":168,"minecraft:oak_slab":210,"minecraft:crafting_table":1,"minecraft:mud":4,"minecraft:wooden_axe":15,"minecraft:iron_pickaxe":285,"minecraft:spruce_sapling":2,"minecraft:gravel":16,"minecraft:stone_axe":219,"minecraft:oak_sapling":4,"minecraft:oak_boat":1,"minecraft:bone_meal":11},"minecraft:custom":{"minecraft:interact_with_furnace":36,"minecraft:traded_with_villager":4,"minecraft:interact_with_crafting_table":34,"minecraft:leave_game":1,"minecraft:time_since_death":4517,"minecraft:time_since_rest":4550,"minecraft:sprint_one_cm":51528,"minecraft:damage_taken":711,"minecraft:walk_one_cm":110763,"minecraft:drop":19,"minecraft:damage_dealt":350,"minecraft:player_kills":1,"minecraft:talked_to_villager":39,"minecraft:fly_one_cm":46090,"minecraft:open_chest":152,"minecraft:crouch_one_cm":67763,"minecraft:play_time":88158,"minecraft:deaths":3,"minecraft:sneak_time":18992,"minecraft:boat_one_cm":473,"minecraft:jump":209,"minecraft:total_world_time":88158,"minecraft:fall_one_cm":2305},"minecraft:broken":{"minecraft:stone_pickaxe":1,"minecraft:stone_axe":1,"minecraft:stone_shovel":1},"minecraft:dropped":{"minecraft:stone_axe":5,"minecraft:oak_slab":25,"minecraft:granite":1,"minecraft:coal":1,"minecraft:dirt":9,"minecraft:diorite":1,"minecraft:wooden_axe":1,"minecraft:mud":1,"minecraft:stone_pickaxe":3,"minecraft:iron_pickaxe":4},"minecraft:killed_by":{"minecraft:player":1},"minecraft:picked_up":{"minecraft:mud":76,"minecraft:andesite":11,"minecraft:clay_ball":64,"minecraft:flint":1,"minecraft:oak_log":159,"minecraft:dirt":347,"minecraft:apple":1,"minecraft:stone_pickaxe":3,"minecraft:iron_pickaxe":3,"minecraft:moss_block":152,"minecraft:oak_slab":8,"minecraft:stick":15,"minecraft:raw_iron":57,"minecraft:dripstone_block":58,"minecraft:gravel":15,"minecraft:cherry_log":16,"minecraft:spruce_sapling":10,"minecraft:diorite":11,"minecraft:spruce_log":10,"minecraft:stone_axe":4,"minecraft:granite":17,"minecraft:cherry_sapling":17,"minecraft:oak_sapling":9,"minecraft:coal":53,"minecraft:cobblestone":202},"minecraft:mined":{"minecraft:oak_slab":10,"minecraft:oak_sapling":2,"minecraft:cherry_log":16,"minecraft:cherry_sapling":4,"minecraft:clay":9,"minecraft:granite":11,"minecraft:grass_block":256,"minecraft:spruce_leaves":113,"minecraft:moss_block":132,"minecraft:diorite":8,"minecraft:mud":61,"minecraft:iron_ore":38,"minecraft:spruce_log":10,"minecraft:andesite":8,"minecraft:oak_log":160,"minecraft:coal_ore":37,"minecraft:cherry_leaves":1,"minecraft:dirt":65,"minecraft:gravel":16,"minecraft:dripstone_block":43,"minecraft:stone":142,"minecraft:oak_leaves":58}},"DataVersion":3953}