{"stats":{"minecraft:mined":{"minecraft:oak_slab":7,"minecraft:oak_sapling":2,"minecraft:mud":21,"minecraft:grass_block":131,"minecraft:oak_log":62,"minecraft:gravel":16,"minecraft:dirt":44,"minecraft:spruce_leaves":18,"minecraft:stone":35,"minecraft:moss_block":64,"minecraft:oak_leaves":17},"minecraft:custom":{"minecraft:time_since_rest":37577,"minecraft:interact_with_furnace":3,"minecraft:sprint_one_cm":20258,"minecraft:damage_taken":270,"minecraft:walk_one_cm":41965,"minecraft:drop":4,"minecraft:traded_with_villager":2,"minecraft:interact_with_crafting_table":21,"minecraft:talked_to_villager":16,"minecraft:fly_one_cm":13443,"minecraft:open_chest":38,"minecraft:crouch_one_cm":52606,"minecraft:play_time":47017,"minecraft:deaths":1,"minecraft:sneak_time":14754,"minecraft:boat_one_cm":473,"minecraft:jump":78,"minecraft:leave_game":1,"minecraft:time_since_death":37549,"minecraft:total_world_time":47017,"minecraft:fall_one_cm":1258},"minecraft:used":{"minecraft:moss_block":11,"minecraft:mud":4,"minecraft:wooden_axe":15,"minecraft:stone_shovel":40,"minecraft:stone_pickaxe":67,"minecraft:chest":1,"minecraft:spruce_sapling":1,"minecraft:gravel":16,"minecraft:wooden_shovel":43,"minecraft:stone_axe":33,"minecraft:torch":4,"minecraft:dirt":107,"minecraft:crafting_table":1,"minecraft:oak_slab":191,"minecraft:oak_sapling":4,"minecraft:cherry_sapling":1},"minecraft:dropped":{"minecraft:dirt":9,"minecraft:stone_axe":1,"minecraft:oak_slab":25,"minecraft:wooden_axe":1},"minecraft:picked_up":{"minecraft:oak_slab":5,"minecraft:mud":25,"minecraft:gravel":15,"minecraft:flint":1,"minecraft:oak_log":69,"minecraft:spruce_sapling":3,"minecraft:dirt":202,"minecraft:apple":1,"minecraft:stone_axe":1,"minecraft:oak_sapling":4,"minecraft:moss_block":79,"minecraft:cobblestone":64},"minecraft:crafted":{"minecraft:coarse_dirt":4,"minecraft:oak_slab":252,"minecraft:oak_planks":196,"minecraft:wooden_shovel":1,"minecraft:stone_shovel":1,"minecraft:coal":9,"minecraft:cobblestone":4,"minecraft:crafting_table":1,"minecraft:stick":12,"minecraft:gravel":4,"minecraft:stone_pickaxe":1,"minecraft:wooden_axe":1,"minecraft:chest":1,"minecraft:cherry_sapling":1,"minecraft:torch":4,"minecraft:stone_axe":1,"minecraft:air":0}},"DataVersion":3953}