{"stats":{"minecraft:crafted":{"minecraft:cooked_beef":2,"minecraft:oak_planks":20,"minecraft:cooked_porkchop":9,"minecraft:crafting_table":1,"minecraft:stick":8,"minecraft:wooden_pickaxe":1,"minecraft:stone_pickaxe":1,"minecraft:furnace":1,"minecraft:stone_axe":1,"minecraft:air":0},"minecraft:used":{"minecraft:apple":1,"minecraft:stone_pickaxe":1,"minecraft:wooden_pickaxe":36,"minecraft:stone_axe":31,"minecraft:crafting_table":2,"minecraft:oak_sapling":1,"minecraft:furnace":2,"minecraft:cooked_porkchop":1,"minecraft:egg":1,"minecraft:cooked_beef":2,"minecraft:dandelion":4},"minecraft:custom":{"minecraft:time_since_rest":2392,"minecraft:interact_with_furnace":9,"minecraft:sprint_one_cm":62292,"minecraft:damage_taken":460,"minecraft:walk_one_cm":19946,"minecraft:mob_kills":14,"minecraft:drop":1,"minecraft:damage_dealt":1431,"minecraft:swim_one_cm":11825,"minecraft:interact_with_crafting_table":3,"minecraft:fly_one_cm":77613,"minecraft:crouch_one_cm":2189,"minecraft:play_time":17404,"minecraft:deaths":1,"minecraft:sneak_time":1000,"minecraft:walk_under_water_one_cm":527,"minecraft:jump":364,"minecraft:leave_game":1,"minecraft:time_since_death":2359,"minecraft:walk_on_water_one_cm":3677,"minecraft:sleep_in_bed":2,"minecraft:total_world_time":17404,"minecraft:fall_one_cm":12940},"minecraft:dropped":{"minecraft:wheat_seeds":1},"minecraft:killed":{"minecraft:sheep":4,"minecraft:pig":8,"minecraft:cow":2},"minecraft:picked_up":{"minecraft:crafting_table":2,"minecraft:leather":4,"minecraft:dandelion":4,"minecraft:porkchop":18,"minecraft:oak_log":17,"minecraft:apple":1,"minecraft:wheat_seeds":1,"minecraft:beef":20,"minecraft:stone_pickaxe":1,"minecraft:oak_planks":9,"minecraft:mutton":14,"minecraft:oak_sapling":1,"minecraft:sugar_cane":16,"minecraft:coal":14,"minecraft:egg":1,"minecraft:white_wool":8,"minecraft:cobblestone":30,"minecraft:furnace":1},"minecraft:mined":{"minecraft:tall_seagrass":1,"minecraft:furnace":1,"minecraft:dandelion":4,"minecraft:crafting_table":1,"minecraft:short_grass":18,"minecraft:oak_log":11,"minecraft:coal_ore":14,"minecraft:tall_grass":1,"minecraft:stone":22,"minecraft:sugar_cane":3,"minecraft:oak_leaves":18}},"DataVersion":3953}