{"stats":{"minecraft:crafted":{"minecraft:oak_planks":44,"minecraft:furnace":1,"minecraft:iron_boots":1,"minecraft:iron_axe":1,"minecraft:stone_pickaxe":2,"minecraft:wheat":18,"minecraft:cooked_beef":2,"minecraft:cooked_porkchop":22,"minecraft:crafting_table":1,"minecraft:wooden_pickaxe":1,"minecraft:iron_helmet":1,"minecraft:iron_sword":1,"minecraft:stone_axe":2,"minecraft:bread":6,"minecraft:air":0,"minecraft:iron_chestplate":1,"minecraft:diamond_pickaxe":1,"minecraft:shield":1,"minecraft:stick":20,"minecraft:iron_ingot":36,"minecraft:iron_pickaxe":1,"minecraft:iron_leggings":1},"minecraft:used":{"minecraft:poppy":2,"minecraft:decorated_pot":1,"minecraft:shield":21,"minecraft:iron_sword":100,"minecraft:trial_key":1,"minecraft:torch":7,"minecraft:dirt":3,"minecraft:carrot":11,"minecraft:honey_bottle":4,"minecraft:iron_axe":1,"minecraft:iron_helmet":1,"minecraft:furnace":5,"minecraft:oak_sapling":1,"minecraft:egg":1,"minecraft:potato":6,"minecraft:cooked_beef":2,"minecraft:cobbled_deepslate":45,"minecraft:iron_leggings":1,"minecraft:wheat_seeds":17,"minecraft:diorite":7,"minecraft:stone_pickaxe":147,"minecraft:oak_planks":8,"minecraft:wooden_pickaxe":36,"minecraft:crafting_table":6,"minecraft:diamond_pickaxe":24,"minecraft:apple":1,"minecraft:bread":6,"minecraft:iron_pickaxe":123,"minecraft:stone_axe":87,"minecraft:cobblestone":31,"minecraft:cooked_porkchop":24,"minecraft:dandelion":4},"minecraft:custom":{"minecraft:mob_kills":73,"minecraft:interact_with_crafting_table":25,"minecraft:open_barrel":4,"minecraft:leave_game":1,"minecraft:time_since_death":57777,"minecraft:climb_one_cm":2669,"minecraft:sprint_one_cm":298890,"minecraft:walk_one_cm":118882,"minecraft:damage_blocked_by_shield":1240,"minecraft:drop":61,"minecraft:play_time":72822,"minecraft:deaths":1,"minecraft:sneak_time":5243,"minecraft:walk_under_water_one_cm":1647,"minecraft:jump":1642,"minecraft:walk_on_water_one_cm":12403,"minecraft:total_world_time":72822,"minecraft:interact_with_furnace":58,"minecraft:sleep_in_bed":2,"minecraft:time_since_rest":57810,"minecraft:damage_taken":2868,"minecraft:damage_dealt":9209,"minecraft:swim_one_cm":17685,"minecraft:fly_one_cm":286950,"minecraft:open_chest":7,"minecraft:crouch_one_cm":12737,"minecraft:fall_one_cm":61517},"minecraft:broken":{"minecraft:stone_pickaxe":1},"minecraft:dropped":{"minecraft:wheat_seeds":1,"minecraft:lapis_lazuli":1,"minecraft:glass_bottle":2,"minecraft:diamond":2,"minecraft:dripstone_block":1,"minecraft:cooked_porkchop":8,"minecraft:cobblestone":197,"minecraft:granite":23,"minecraft:grass_block":1,"minecraft:golden_apple":1,"minecraft:dirt":10,"minecraft:diorite":1,"minecraft:torch":48,"minecraft:mutton":13,"minecraft:scrape_pottery_sherd":2,"minecraft:waxed_copper_bulb":2,"minecraft:iron_axe":1,"minecraft:iron_pickaxe":2,"minecraft:stripped_oak_wood":1,"minecraft:stone_axe":1,"minecraft:tuff_bricks":6,"minecraft:sugar_cane":15,"minecraft:cobbled_deepslate":83,"minecraft:raw_copper":9,"minecraft:wheat":2,"minecraft:raw_iron":48,"minecraft:rotten_flesh":15,"minecraft:gunpowder":6,"minecraft:andesite":35,"minecraft:spider_eye":2,"minecraft:beef":21,"minecraft:stone_pickaxe":1,"minecraft:brick":6,"minecraft:egg":1},"minecraft:killed":{"minecraft:cave_spider":2,"minecraft:spider":13,"minecraft:slime":21,"minecraft:skeleton":10,"minecraft:pig":11,"minecraft:iron_golem":1,"minecraft:sheep":4,"minecraft:zombie":7,"minecraft:breeze":1,"minecraft:cow":3},"minecraft:picked_up":{"minecraft:crafting_table":6,"minecraft:wheat":2,"minecraft:brick":7,"minecraft:string":18,"minecraft:raw_copper":9,"minecraft:iron_axe":1,"minecraft:cobbled_deepslate":128,"minecraft:beef":26,"minecraft:trial_key":1,"minecraft:poppy":2,"minecraft:iron_pickaxe":1,"minecraft:sugar_cane":38,"minecraft:furnace":6,"minecraft:egg":2,"minecraft:tipped_arrow":3,"minecraft:raw_iron":107,"minecraft:stick":2,"minecraft:torch":13,"minecraft:porkchop":22,"minecraft:diorite":8,"minecraft:carrot":11,"minecraft:honey_bottle":2,"minecraft:arrow":16,"minecraft:rotten_flesh":15,"minecraft:decorated_pot":1,"minecraft:hay_block":2,"minecraft:tuff_bricks":6,"minecraft:mutton":20,"minecraft:white_wool":11,"minecraft:cobblestone":258,"minecraft:andesite":35,"minecraft:leather":8,"minecraft:potato":6,"minecraft:waxed_copper_bulb":2,"minecraft:oak_log":17,"minecraft:yellow_bed":1,"minecraft:lapis_lazuli":108,"minecraft:dirt":13,"minecraft:bone":13,"minecraft:apple":1,"minecraft:wheat_seeds":18,"minecraft:raw_gold":14,"minecraft:iron_ingot":7,"minecraft:stone_pickaxe":1,"minecraft:stripped_oak_wood":1,"minecraft:scrape_pottery_sherd":2,"minecraft:oak_planks":13,"minecraft:cooked_porkchop":10,"minecraft:dandelion":4,"minecraft:dripstone_block":1,"minecraft:grass_block":1,"minecraft:spider_eye":9,"minecraft:slime_ball":14,"minecraft:diamond":11,"minecraft:breeze_rod":1,"minecraft:granite":23,"minecraft:oak_sapling":1,"minecraft:coal":112},"minecraft:mined":{"minecraft:diamond_ore":2,"minecraft:deepslate_diamond_ore":9,"minecraft:glow_lichen":1,"minecraft:granite":3,"minecraft:grass_block":2,"minecraft:decorated_pot":2,"minecraft:tuff_bricks":3,"minecraft:spawner":3,"minecraft:tall_seagrass":1,"minecraft:furnace":5,"minecraft:carrots":8,"minecraft:iron_ore":31,"minecraft:andesite":2,"minecraft:deepslate_lapis_ore":11,"minecraft:potatoes":6,"minecraft:deepslate_iron_ore":37,"minecraft:stone":112,"minecraft:dandelion":4,"minecraft:crafting_table":5,"minecraft:short_grass":25,"minecraft:poppy":1,"minecraft:cobblestone":12,"minecraft:tall_grass":5,"minecraft:deepslate_gold_ore":5,"minecraft:sugar_cane":3,"minecraft:diorite":7,"minecraft:wall_torch":5,"minecraft:waxed_copper_bulb":1,"minecraft:wheat":15,"minecraft:stripped_oak_wood":1,"minecraft:yellow_bed":1,"minecraft:oak_log":11,"minecraft:coal_ore":54,"minecraft:dripstone_block":2,"minecraft:dirt":11,"minecraft:cobweb":5,"minecraft:oak_leaves":19,"minecraft:deepslate":18}},"DataVersion":3953}