{"stats":{"minecraft:crafted":{"minecraft:cooked_beef":2,"minecraft:oak_planks":20,"minecraft:cooked_porkchop":18,"minecraft:crafting_table":1,"minecraft:wooden_pickaxe":1,"minecraft:furnace":1,"minecraft:stone_axe":2,"minecraft:air":0,"minecraft:stick":12,"minecraft:stone_pickaxe":1},"minecraft:used":{"minecraft:wheat_seeds":17,"minecraft:stone_pickaxe":5,"minecraft:poppy":1,"minecraft:wooden_pickaxe":36,"minecraft:torch":1,"minecraft:crafting_table":2,"minecraft:carrot":10,"minecraft:apple":1,"minecraft:stone_axe":44,"minecraft:cobblestone":3,"minecraft:oak_sapling":1,"minecraft:furnace":2,"minecraft:cooked_porkchop":3,"minecraft:egg":1,"minecraft:cooked_beef":2,"minecraft:potato":4,"minecraft:dandelion":4},"minecraft:custom":{"minecraft:interact_with_furnace":10,"minecraft:mob_kills":19,"minecraft:interact_with_crafting_table":4,"minecraft:leave_game":1,"minecraft:time_since_death":9777,"minecraft:sleep_in_bed":2,"minecraft:climb_one_cm":962,"minecraft:time_since_rest":9810,"minecraft:sprint_one_cm":108080,"minecraft:damage_taken":594,"minecraft:walk_one_cm":30270,"minecraft:drop":4,"minecraft:damage_dealt":2425,"minecraft:swim_one_cm":11825,"minecraft:fly_one_cm":135387,"minecraft:open_chest":2,"minecraft:crouch_one_cm":2321,"minecraft:play_time":24822,"minecraft:deaths":1,"minecraft:sneak_time":1046,"minecraft:walk_under_water_one_cm":527,"minecraft:jump":589,"minecraft:walk_on_water_one_cm":3677,"minecraft:total_world_time":24822,"minecraft:fall_one_cm":21610},"minecraft:dropped":{"minecraft:wheat_seeds":1,"minecraft:wheat":2,"minecraft:grass_block":1},"minecraft:killed":{"minecraft:pig":11,"minecraft:iron_golem":1,"minecraft:sheep":4,"minecraft:cow":3},"minecraft:picked_up":{"minecraft:crafting_table":3,"minecraft:wheat":2,"minecraft:leather":5,"minecraft:potato":5,"minecraft:oak_log":17,"minecraft:yellow_bed":1,"minecraft:bone":3,"minecraft:apple":1,"minecraft:wheat_seeds":18,"minecraft:stone_pickaxe":1,"minecraft:beef":22,"minecraft:iron_ingot":3,"minecraft:stripped_oak_wood":1,"minecraft:poppy":1,"minecraft:sugar_cane":16,"minecraft:oak_planks":9,"minecraft:egg":2,"minecraft:furnace":2,"minecraft:torch":6,"minecraft:dandelion":4,"minecraft:porkchop":22,"minecraft:grass_block":1,"minecraft:carrot":10,"minecraft:arrow":3,"minecraft:oak_sapling":1,"minecraft:mutton":14,"minecraft:coal":25,"minecraft:white_wool":8,"minecraft:cobblestone":33},"minecraft:mined":{"minecraft:dandelion":4,"minecraft:crafting_table":2,"minecraft:short_grass":19,"minecraft:tall_grass":1,"minecraft:cobblestone":3,"minecraft:sugar_cane":3,"minecraft:wall_torch":2,"minecraft:tall_seagrass":1,"minecraft:furnace":2,"minecraft:carrots":8,"minecraft:wheat":15,"minecraft:stripped_oak_wood":1,"minecraft:yellow_bed":1,"minecraft:coal_ore":14,"minecraft:potatoes":5,"minecraft:oak_log":11,"minecraft:stone":22,"minecraft:oak_leaves":18}},"DataVersion":3953}