{"stats":{"minecraft:crafted":{"minecraft:coarse_dirt":4,"minecraft:cherry_planks":128,"minecraft:oak_planks":1000,"minecraft:stone_shovel":1,"minecraft:coal":9,"minecraft:tripwire_hook":2,"minecraft:sand":64,"minecraft:stone":3,"minecraft:cherry_sapling":1,"minecraft:bone_meal":141,"minecraft:lever":1,"minecraft:potato":12,"minecraft:diamond_block":2,"minecraft:oak_trapdoor":32,"minecraft:cherry_trapdoor":34,"minecraft:hopper":3,"minecraft:diamond":18,"minecraft:iron_axe":4,"minecraft:slime_ball":8,"minecraft:stone_pickaxe":3,"minecraft:chest":4,"minecraft:cow_spawn_egg":2,"minecraft:netherite_scrap":7,"minecraft:stone_hoe":1,"minecraft:smoker":1,"minecraft:oak_slab":1164,"minecraft:wooden_shovel":1,"minecraft:crafting_table":1,"minecraft:baked_potato":5,"minecraft:gravel":4,"minecraft:blue_bed":1,"minecraft:bone":12,"minecraft:stone_axe":2,"minecraft:air":0,"minecraft:blue_dye":1,"minecraft:oak_boat":2,"minecraft:string":18,"minecraft:white_wool":2,"minecraft:cobblestone":4,"minecraft:diamond_pickaxe":1,"minecraft:emerald_block":4,"minecraft:stick":24,"minecraft:iron_ingot":107,"minecraft:iron_pickaxe":4,"minecraft:wooden_axe":1,"minecraft:gold_ingot":41,"minecraft:torch":60,"minecraft:carrot":18,"minecraft:shears":1,"minecraft:clay":19},"minecraft:used":{"minecraft:oak_trapdoor":2,"minecraft:moss_block":12,"minecraft:cherry_sapling":10,"minecraft:purple_candle":2,"minecraft:stone_shovel":131,"minecraft:chest":1,"minecraft:wooden_shovel":43,"minecraft:stone_hoe":32,"minecraft:torch":64,"minecraft:dirt":278,"minecraft:carrot":118,"minecraft:wooden_axe":15,"minecraft:iron_axe":412,"minecraft:cherry_slab":1,"minecraft:cherry_trapdoor":1,"minecraft:tripwire_hook":2,"minecraft:bow":19,"minecraft:oak_sapling":4,"minecraft:potato":25,"minecraft:cherry_log":18,"minecraft:water_bucket":9,"minecraft:stone_pickaxe":273,"minecraft:baked_potato":4,"minecraft:oak_planks":78,"minecraft:cherry_planks":1,"minecraft:blue_bed":2,"minecraft:oak_slab":1192,"minecraft:crafting_table":1,"minecraft:white_bed":2,"minecraft:dripstone_block":1,"minecraft:shears":80,"minecraft:smoker":1,"minecraft:mud":5,"minecraft:lever":1,"minecraft:diamond_pickaxe":9,"minecraft:apple":1,"minecraft:string":2,"minecraft:iron_pickaxe":439,"minecraft:spruce_sapling":2,"minecraft:gravel":16,"minecraft:golden_helmet":1,"minecraft:stone_axe":219,"minecraft:pufferfish_bucket":3,"minecraft:bucket":10,"minecraft:oak_boat":2,"minecraft:bone_meal":121},"minecraft:custom":{"minecraft:mob_kills":38,"minecraft:animals_bred":1,"minecraft:inspect_hopper":1,"minecraft:interact_with_crafting_table":90,"minecraft:leave_game":4,"minecraft:time_since_death":9257,"minecraft:sprint_one_cm":350596,"minecraft:walk_one_cm":378253,"minecraft:drop":30,"minecraft:talked_to_villager":100,"minecraft:play_time":220058,"minecraft:deaths":8,"minecraft:sneak_time":44850,"minecraft:walk_under_water_one_cm":25667,"minecraft:boat_one_cm":643,"minecraft:jump":1378,"minecraft:interact_with_blast_furnace":18,"minecraft:walk_on_water_one_cm":5400,"minecraft:total_world_time":220058,"minecraft:interact_with_furnace":69,"minecraft:traded_with_villager":16,"minecraft:sleep_in_bed":1,"minecraft:time_since_rest":9283,"minecraft:damage_taken":2703,"minecraft:damage_dealt":4161,"minecraft:player_kills":2,"minecraft:swim_one_cm":3028,"minecraft:fly_one_cm":335892,"minecraft:open_chest":599,"minecraft:crouch_one_cm":168432,"minecraft:interact_with_smoker":2,"minecraft:fall_one_cm":7814},"minecraft:broken":{"minecraft:golden_helmet":1,"minecraft:stone_pickaxe":1,"minecraft:iron_axe":1,"minecraft:stone_axe":1,"minecraft:stone_shovel":1},"minecraft:dropped":{"minecraft:oak_slab":25,"minecraft:granite":1,"minecraft:coal":1,"minecraft:pufferfish":1,"minecraft:dirt":9,"minecraft:diorite":1,"minecraft:cherry_trapdoor":34,"minecraft:wooden_axe":1,"minecraft:mud":3,"minecraft:iron_pickaxe":4,"minecraft:bucket":1,"minecraft:bone":15,"minecraft:stone_axe":5,"minecraft:oak_trapdoor":30,"minecraft:hopper":3,"minecraft:spider_eye":1,"minecraft:stone_pickaxe":3},"minecraft:killed":{"minecraft:spider":5,"minecraft:pufferfish":1,"minecraft:skeleton":5,"minecraft:creeper":8,"minecraft:zombie":12,"minecraft:villager":4},"minecraft:killed_by":{"minecraft:player":1,"minecraft:creeper":2,"minecraft:zombie":2},"minecraft:picked_up":{"minecraft:mud":94,"minecraft:clay_ball":124,"minecraft:lead":2,"minecraft:string":41,"minecraft:raw_copper":70,"minecraft:iron_axe":2,"minecraft:pufferfish":1,"minecraft:gold_nugget":11,"minecraft:cobbled_deepslate":11,"minecraft:bucket":1,"minecraft:oak_boat":1,"minecraft:iron_pickaxe":3,"minecraft:furnace":1,"minecraft:golden_helmet":1,"minecraft:stick":41,"minecraft:raw_iron":77,"minecraft:oak_door":2,"minecraft:torch":4,"minecraft:cherry_log":200,"minecraft:diorite":25,"minecraft:carrot":167,"minecraft:redstone":77,"minecraft:purple_candle":1,"minecraft:arrow":18,"minecraft:rotten_flesh":6,"minecraft:white_wool":73,"minecraft:cobblestone":244,"minecraft:cherry_planks":1,"minecraft:water_bucket":1,"minecraft:andesite":25,"minecraft:leather":1,"minecraft:potato":44,"minecraft:flint":1,"minecraft:oak_log":187,"minecraft:ancient_debris":2,"minecraft:gunpowder":14,"minecraft:lapis_lazuli":125,"minecraft:dirt":412,"minecraft:blue_bed":1,"minecraft:bone":31,"minecraft:apple":1,"minecraft:bow":1,"minecraft:raw_gold":34,"minecraft:stone_pickaxe":3,"minecraft:glowstone_dust":21,"minecraft:moss_block":183,"minecraft:oak_planks":26,"minecraft:soul_sand":3,"minecraft:oak_slab":173,"minecraft:quartz":2,"minecraft:dripstone_block":79,"minecraft:gravel":15,"minecraft:spruce_sapling":13,"minecraft:white_bed":3,"minecraft:spruce_log":10,"minecraft:spider_eye":5,"minecraft:diamond":12,"minecraft:stone_axe":4,"minecraft:granite":31,"minecraft:cherry_sapling":74,"minecraft:emerald":11,"minecraft:oak_sapling":10,"minecraft:cherry_slab":1,"minecraft:netherrack":3,"minecraft:coal":105,"minecraft:diamond_pickaxe":3},"minecraft:mined":{"minecraft:white_bed":1,"minecraft:oak_sapling":2,"minecraft:deepslate_diamond_ore":3,"minecraft:oak_door":2,"minecraft:cherry_log":225,"minecraft:cherry_sapling":6,"minecraft:purple_candle":1,"minecraft:granite":15,"minecraft:grass_block":277,"minecraft:spruce_leaves":125,"minecraft:moss_block":144,"minecraft:redstone_ore":5,"minecraft:glowstone":2,"minecraft:furnace":1,"minecraft:carrots":76,"minecraft:iron_ore":48,"minecraft:cobbled_deepslate":3,"minecraft:andesite":14,"minecraft:deepslate_lapis_ore":1,"minecraft:potatoes":12,"minecraft:deepslate_iron_ore":3,"minecraft:stone":164,"minecraft:white_wool":79,"minecraft:tripwire":15,"minecraft:deepslate_redstone_ore":3,"minecraft:oak_slab":94,"minecraft:cherry_planks":1,"minecraft:soul_sand":1,"minecraft:clay":18,"minecraft:torch":2,"minecraft:nether_quartz_ore":1,"minecraft:copper_ore":7,"minecraft:deepslate_coal_ore":1,"minecraft:lapis_ore":6,"minecraft:deepslate_gold_ore":4,"minecraft:oak_planks":29,"minecraft:diorite":15,"minecraft:cherry_slab":3,"minecraft:deepslate_copper_ore":1,"minecraft:mud":75,"minecraft:spruce_log":10,"minecraft:oak_log":178,"minecraft:coal_ore":42,"minecraft:cherry_leaves":22,"minecraft:gravel":16,"minecraft:dripstone_block":50,"minecraft:dirt":75,"minecraft:ancient_debris":1,"minecraft:gold_ore":2,"minecraft:oak_leaves":67,"minecraft:deepslate_emerald_ore":2,"minecraft:deepslate":1}},"DataVersion":3953}