{"stats":{"minecraft:crafted":{"minecraft:coarse_dirt":4,"minecraft:cherry_planks":128,"minecraft:oak_planks":1376,"minecraft:stone_shovel":1,"minecraft:coal":9,"minecraft:tripwire_hook":2,"minecraft:sand":64,"minecraft:stone":3,"minecraft:cherry_sapling":1,"minecraft:bone_meal":162,"minecraft:lever":1,"minecraft:potato":12,"minecraft:diamond_block":2,"minecraft:oak_trapdoor":32,"minecraft:cherry_trapdoor":34,"minecraft:hopper":3,"minecraft:diamond":18,"minecraft:iron_axe":4,"minecraft:slime_ball":8,"minecraft:stone_pickaxe":3,"minecraft:chest":4,"minecraft:cow_spawn_egg":2,"minecraft:netherite_scrap":7,"minecraft:stone_hoe":1,"minecraft:smoker":1,"minecraft:oak_slab":1830,"minecraft:wooden_shovel":1,"minecraft:diamond_sword":1,"minecraft:crafting_table":1,"minecraft:baked_potato":24,"minecraft:gravel":4,"minecraft:blue_bed":1,"minecraft:bone":12,"minecraft:stone_axe":2,"minecraft:air":0,"minecraft:blue_dye":1,"minecraft:oak_boat":2,"minecraft:string":18,"minecraft:white_wool":2,"minecraft:cobblestone":4,"minecraft:diamond_pickaxe":1,"minecraft:emerald_block":4,"minecraft:stick":24,"minecraft:iron_ingot":119,"minecraft:iron_pickaxe":4,"minecraft:wooden_axe":1,"minecraft:gold_ingot":45,"minecraft:torch":60,"minecraft:carrot":18,"minecraft:shears":1,"minecraft:clay":19},"minecraft:used":{"minecraft:oak_trapdoor":2,"minecraft:moss_block":12,"minecraft:cherry_sapling":10,"minecraft:purple_candle":4,"minecraft:stone_shovel":131,"minecraft:chest":1,"minecraft:wooden_shovel":43,"minecraft:stone_hoe":32,"minecraft:torch":64,"minecraft:dirt":278,"minecraft:carrot":130,"minecraft:wooden_axe":15,"minecraft:iron_axe":434,"minecraft:cherry_slab":1,"minecraft:cherry_trapdoor":1,"minecraft:tripwire_hook":2,"minecraft:bow":21,"minecraft:oak_sapling":4,"minecraft:potato":25,"minecraft:cherry_log":18,"minecraft:water_bucket":9,"minecraft:stone_pickaxe":273,"minecraft:baked_potato":8,"minecraft:oak_planks":78,"minecraft:cherry_planks":1,"minecraft:blue_bed":2,"minecraft:oak_slab":1826,"minecraft:crafting_table":1,"minecraft:white_bed":2,"minecraft:dripstone_block":1,"minecraft:shears":80,"minecraft:smoker":1,"minecraft:mud":5,"minecraft:lever":1,"minecraft:diamond_pickaxe":58,"minecraft:apple":1,"minecraft:string":2,"minecraft:iron_pickaxe":439,"minecraft:spruce_sapling":2,"minecraft:gravel":16,"minecraft:golden_helmet":1,"minecraft:stone_axe":219,"minecraft:diamond_sword":9,"minecraft:pufferfish_bucket":3,"minecraft:bucket":10,"minecraft:oak_boat":2,"minecraft:bone_meal":142},"minecraft:custom":{"minecraft:interact_with_smithing_table":1,"minecraft:mob_kills":48,"minecraft:animals_bred":1,"minecraft:inspect_hopper":1,"minecraft:interact_with_crafting_table":99,"minecraft:leave_game":5,"minecraft:time_since_death":21522,"minecraft:sprint_one_cm":393659,"minecraft:walk_one_cm":417311,"minecraft:drop":37,"minecraft:talked_to_villager":105,"minecraft:play_time":242728,"minecraft:deaths":9,"minecraft:sneak_time":51601,"minecraft:walk_under_water_one_cm":25667,"minecraft:boat_one_cm":643,"minecraft:jump":1585,"minecraft:interact_with_blast_furnace":24,"minecraft:walk_on_water_one_cm":5432,"minecraft:total_world_time":242728,"minecraft:interact_with_furnace":69,"minecraft:traded_with_villager":16,"minecraft:sleep_in_bed":1,"minecraft:time_since_rest":21548,"minecraft:damage_taken":3063,"minecraft:damage_dealt":4491,"minecraft:player_kills":3,"minecraft:swim_one_cm":3028,"minecraft:fly_one_cm":392080,"minecraft:open_chest":674,"minecraft:crouch_one_cm":202140,"minecraft:interact_with_smoker":5,"minecraft:fall_one_cm":8232},"minecraft:broken":{"minecraft:golden_helmet":1,"minecraft:stone_pickaxe":1,"minecraft:iron_axe":1,"minecraft:stone_axe":1,"minecraft:stone_shovel":1},"minecraft:dropped":{"minecraft:oak_slab":25,"minecraft:granite":1,"minecraft:coal":1,"minecraft:pufferfish":1,"minecraft:dirt":10,"minecraft:diorite":1,"minecraft:cherry_trapdoor":34,"minecraft:wooden_axe":1,"minecraft:gold_nugget":3,"minecraft:mud":3,"minecraft:iron_pickaxe":4,"minecraft:bucket":1,"minecraft:bone":15,"minecraft:stone_axe":5,"minecraft:oak_trapdoor":30,"minecraft:carrot":9,"minecraft:potato":1,"minecraft:andesite":1,"minecraft:hopper":3,"minecraft:spider_eye":1,"minecraft:stone_pickaxe":3},"minecraft:killed":{"minecraft:spider":5,"minecraft:pufferfish":1,"minecraft:skeleton":11,"minecraft:creeper":11,"minecraft:zombie":12,"minecraft:villager":5},"minecraft:killed_by":{"minecraft:player":2,"minecraft:creeper":2,"minecraft:zombie":2},"minecraft:picked_up":{"minecraft:mud":101,"minecraft:clay_ball":144,"minecraft:lead":2,"minecraft:amethyst_block":3,"minecraft:string":41,"minecraft:raw_copper":83,"minecraft:iron_axe":3,"minecraft:pufferfish":1,"minecraft:blackstone":3,"minecraft:gold_nugget":18,"minecraft:cobbled_deepslate":15,"minecraft:bucket":1,"minecraft:oak_boat":1,"minecraft:iron_pickaxe":3,"minecraft:furnace":1,"minecraft:golden_helmet":1,"minecraft:stick":41,"minecraft:raw_iron":87,"minecraft:oak_door":2,"minecraft:torch":4,"minecraft:cherry_log":200,"minecraft:diorite":26,"minecraft:carrot":207,"minecraft:redstone":109,"minecraft:purple_candle":3,"minecraft:arrow":22,"minecraft:rotten_flesh":6,"minecraft:obsidian":1,"minecraft:white_wool":73,"minecraft:cobblestone":261,"minecraft:cherry_planks":1,"minecraft:water_bucket":1,"minecraft:andesite":29,"minecraft:leather":1,"minecraft:potato":44,"minecraft:flint":1,"minecraft:oak_log":194,"minecraft:ancient_debris":10,"minecraft:gunpowder":14,"minecraft:lapis_lazuli":164,"minecraft:dirt":427,"minecraft:blue_bed":1,"minecraft:bone":31,"minecraft:apple":1,"minecraft:bow":2,"minecraft:raw_gold":41,"minecraft:stone_pickaxe":3,"minecraft:glowstone_dust":38,"minecraft:moss_block":193,"minecraft:oak_planks":26,"minecraft:soul_sand":5,"minecraft:oak_slab":250,"minecraft:quartz":8,"minecraft:dripstone_block":84,"minecraft:gravel":15,"minecraft:spruce_sapling":13,"minecraft:white_bed":3,"minecraft:spruce_log":10,"minecraft:spider_eye":5,"minecraft:diamond":16,"minecraft:stone_axe":4,"minecraft:granite":38,"minecraft:cherry_sapling":74,"minecraft:emerald":20,"minecraft:baked_potato":17,"minecraft:oak_sapling":10,"minecraft:cherry_slab":1,"minecraft:netherrack":4,"minecraft:coal":110,"minecraft:diamond_pickaxe":4},"minecraft:mined":{"minecraft:white_bed":1,"minecraft:oak_sapling":2,"minecraft:deepslate_diamond_ore":4,"minecraft:oak_door":2,"minecraft:cherry_log":225,"minecraft:cherry_sapling":6,"minecraft:purple_candle":3,"minecraft:granite":17,"minecraft:grass_block":282,"minecraft:spruce_leaves":129,"minecraft:moss_block":146,"minecraft:redstone_ore":5,"minecraft:glowstone":2,"minecraft:furnace":1,"minecraft:carrots":87,"minecraft:iron_ore":48,"minecraft:cobbled_deepslate":3,"minecraft:andesite":16,"minecraft:deepslate_lapis_ore":2,"minecraft:potatoes":12,"minecraft:deepslate_iron_ore":5,"minecraft:stone":169,"minecraft:white_wool":79,"minecraft:tripwire":15,"minecraft:deepslate_redstone_ore":5,"minecraft:oak_slab":110,"minecraft:cherry_planks":1,"minecraft:soul_sand":1,"minecraft:clay":20,"minecraft:torch":2,"minecraft:nether_quartz_ore":3,"minecraft:copper_ore":7,"minecraft:deepslate_coal_ore":4,"minecraft:lapis_ore":6,"minecraft:deepslate_gold_ore":5,"minecraft:oak_planks":29,"minecraft:diorite":15,"minecraft:amethyst_block":1,"minecraft:cherry_slab":3,"minecraft:deepslate_copper_ore":1,"minecraft:mud":77,"minecraft:spruce_log":10,"minecraft:oak_log":183,"minecraft:coal_ore":42,"minecraft:cherry_leaves":22,"minecraft:gravel":16,"minecraft:dripstone_block":53,"minecraft:dirt":75,"minecraft:gold_ore":2,"minecraft:netherrack":1,"minecraft:ancient_debris":2,"minecraft:deepslate_emerald_ore":5,"minecraft:oak_leaves":71,"minecraft:deepslate":1}},"DataVersion":3953}