{"stats":{"minecraft:crafted":{"minecraft:oak_planks":1468,"minecraft:sand":64,"minecraft:stone":3,"minecraft:lever":1,"minecraft:potato":12,"minecraft:hopper":6,"minecraft:diamond_helmet":1,"minecraft:chest":9,"minecraft:cow_spawn_egg":2,"minecraft:stone_hoe":1,"minecraft:smoker":1,"minecraft:oak_slab":1926,"minecraft:wooden_shovel":1,"minecraft:crafting_table":1,"minecraft:gravel":40,"minecraft:baked_potato":56,"minecraft:string":18,"minecraft:diamond_pickaxe":1,"minecraft:emerald_block":4,"minecraft:stick":36,"minecraft:iron_ingot":122,"minecraft:iron_pickaxe":4,"minecraft:gold_ingot":45,"minecraft:shears":1,"minecraft:coarse_dirt":4,"minecraft:cherry_planks":128,"minecraft:coal":9,"minecraft:stone_shovel":1,"minecraft:tripwire_hook":2,"minecraft:cherry_sapling":1,"minecraft:bone_meal":246,"minecraft:diamond_block":2,"minecraft:oak_trapdoor":32,"minecraft:cherry_trapdoor":34,"minecraft:diamond":18,"minecraft:iron_axe":4,"minecraft:slime_ball":8,"minecraft:stone_pickaxe":3,"minecraft:diamond_boots":1,"minecraft:netherite_scrap":14,"minecraft:diamond_sword":1,"minecraft:blue_bed":1,"minecraft:bone":12,"minecraft:stone_axe":2,"minecraft:air":0,"minecraft:blue_dye":1,"minecraft:oak_boat":2,"minecraft:white_wool":2,"minecraft:cobblestone":4,"minecraft:wooden_axe":1,"minecraft:torch":108,"minecraft:carrot":18,"minecraft:clay":19,"minecraft:diamond_chestplate":1},"minecraft:used":{"minecraft:moss_block":12,"minecraft:cherry_sapling":10,"minecraft:purple_candle":4,"minecraft:chest":3,"minecraft:carrot":130,"minecraft:bow":69,"minecraft:oak_sapling":4,"minecraft:potato":26,"minecraft:diamond_boots":1,"minecraft:stone_pickaxe":273,"minecraft:oak_planks":148,"minecraft:blue_bed":2,"minecraft:white_wool":72,"minecraft:dripstone_block":68,"minecraft:shears":80,"minecraft:lever":1,"minecraft:string":2,"minecraft:gravel":16,"minecraft:golden_helmet":1,"minecraft:diamond_sword":118,"minecraft:pufferfish_bucket":3,"minecraft:oak_boat":2,"minecraft:bone_meal":162,"minecraft:oak_trapdoor":2,"minecraft:stone_shovel":131,"minecraft:wooden_shovel":43,"minecraft:stone_hoe":32,"minecraft:torch":103,"minecraft:dirt":352,"minecraft:hopper":6,"minecraft:diamond_helmet":1,"minecraft:wooden_axe":15,"minecraft:iron_axe":493,"minecraft:cherry_slab":5,"minecraft:cherry_trapdoor":1,"minecraft:diamond_chestplate":1,"minecraft:tripwire_hook":2,"minecraft:cobbled_deepslate":57,"minecraft:cherry_log":18,"minecraft:wheat_seeds":13,"minecraft:water_bucket":9,"minecraft:baked_potato":23,"minecraft:cherry_planks":1,"minecraft:oak_slab":1998,"minecraft:crafting_table":1,"minecraft:white_bed":2,"minecraft:smoker":1,"minecraft:mud":5,"minecraft:diamond_pickaxe":107,"minecraft:apple":1,"minecraft:iron_pickaxe":439,"minecraft:spruce_sapling":2,"minecraft:stone_axe":219,"minecraft:bucket":10,"minecraft:diamond_leggings":1},"minecraft:custom":{"minecraft:animals_bred":1,"minecraft:interact_with_crafting_table":107,"minecraft:leave_game":5,"minecraft:time_since_death":17752,"minecraft:sprint_one_cm":491647,"minecraft:drop":147,"minecraft:talked_to_villager":114,"minecraft:play_time":296728,"minecraft:deaths":11,"minecraft:jump":2169,"minecraft:walk_on_water_one_cm":5432,"minecraft:interact_with_furnace":69,"minecraft:traded_with_villager":16,"minecraft:sleep_in_bed":1,"minecraft:damage_dealt":9156,"minecraft:player_kills":3,"minecraft:crouch_one_cm":237769,"minecraft:interact_with_smoker":9,"minecraft:interact_with_smithing_table":3,"minecraft:mob_kills":202,"minecraft:inspect_hopper":1,"minecraft:walk_one_cm":503826,"minecraft:sneak_time":61422,"minecraft:walk_under_water_one_cm":25667,"minecraft:boat_one_cm":643,"minecraft:interact_with_blast_furnace":28,"minecraft:total_world_time":296728,"minecraft:time_since_rest":17781,"minecraft:damage_taken":4253,"minecraft:swim_one_cm":3028,"minecraft:fly_one_cm":504781,"minecraft:open_chest":789,"minecraft:fall_one_cm":15526},"minecraft:broken":{"minecraft:golden_helmet":1,"minecraft:stone_pickaxe":1,"minecraft:stone_axe":1,"minecraft:stone_shovel":1,"minecraft:iron_axe":1},"minecraft:dropped":{"minecraft:soul_sand":2,"minecraft:moss_block":17,"minecraft:brown_mushroom":2,"minecraft:baked_potato":27,"minecraft:music_disc_13":3,"minecraft:dirt":42,"minecraft:cherry_trapdoor":34,"minecraft:yellow_dye":1,"minecraft:gold_nugget":26,"minecraft:iron_pickaxe":4,"minecraft:music_disc_stal":2,"minecraft:white_wool":5,"minecraft:danger_pottery_sherd":2,"minecraft:bone":35,"minecraft:green_candle":1,"minecraft:music_disc_blocks":6,"minecraft:gravel":37,"minecraft:stone_axe":6,"minecraft:music_disc_chirp":2,"minecraft:golden_chestplate":1,"minecraft:cobbled_deepslate":5,"minecraft:obsidian":23,"minecraft:rotten_flesh":1,"minecraft:oak_planks":4,"minecraft:glowstone_dust":6,"minecraft:music_disc_far":1,"minecraft:carrot":9,"minecraft:gunpowder":78,"minecraft:melon_seeds":1,"minecraft:hopper":5,"minecraft:leather_boots":1,"minecraft:leather_leggings":1,"minecraft:brown_candle":1,"minecraft:arrow":64,"minecraft:netherrack":3,"minecraft:iron_ingot":35,"minecraft:golden_boots":1,"minecraft:oak_slab":77,"minecraft:golden_helmet":1,"minecraft:dripstone_block":23,"minecraft:poisonous_potato":1,"minecraft:lead":1,"minecraft:amethyst_block":1,"minecraft:granite":7,"minecraft:coal":9,"minecraft:pufferfish":1,"minecraft:spruce_hanging_sign":1,"minecraft:diorite":3,"minecraft:torch":10,"minecraft:wooden_axe":1,"minecraft:cherry_planks":1,"minecraft:music_disc_ward":3,"minecraft:mud":3,"minecraft:iron_shovel":2,"minecraft:string":1,"minecraft:bucket":1,"minecraft:music_disc_cat":2,"minecraft:redstone":13,"minecraft:oak_trapdoor":30,"minecraft:chicken":1,"minecraft:pumpkin_seeds":1,"minecraft:diamond_sword":1,"minecraft:potato":1,"minecraft:diamond_pickaxe":1,"minecraft:andesite":7,"minecraft:golden_leggings":1,"minecraft:spider_eye":2,"minecraft:bow":7,"minecraft:stone_pickaxe":3,"minecraft:raw_gold":3,"minecraft:music_disc_mellohi":2,"minecraft:brick":1},"minecraft:killed_by":{"minecraft:creeper":2,"minecraft:zombie":3,"minecraft:player":2,"minecraft:skeleton":1},"minecraft:killed":{"minecraft:witch":1,"minecraft:spider":9,"minecraft:pufferfish":1,"minecraft:skeleton":66,"minecraft:creeper":60,"minecraft:zombie":48,"minecraft:hoglin":3,"minecraft:villager":6},"minecraft:picked_up":{"minecraft:wheat":8,"minecraft:lead":4,"minecraft:diamond_sword":1,"minecraft:enchanted_book":1,"minecraft:amethyst_block":20,"minecraft:music_disc_cat":2,"minecraft:string":71,"minecraft:raw_copper":145,"minecraft:pufferfish":1,"minecraft:diamond_leggings":1,"minecraft:gold_nugget":65,"minecraft:cobbled_deepslate":45,"minecraft:bucket":1,"minecraft:iron_pickaxe":3,"minecraft:furnace":1,"minecraft:golden_helmet":2,"minecraft:stick":41,"minecraft:music_disc_blocks":8,"minecraft:torch":14,"minecraft:porkchop":10,"minecraft:cherry_log":200,"minecraft:diorite":34,"minecraft:golden_chestplate":1,"minecraft:rotten_flesh":142,"minecraft:music_disc_ward":3,"minecraft:spruce_hanging_sign":1,"minecraft:obsidian":20,"minecraft:cobblestone":326,"minecraft:feather":2,"minecraft:cherry_planks":3,"minecraft:water_bucket":1,"minecraft:andesite":50,"minecraft:golden_leggings":1,"minecraft:potato":45,"minecraft:flint":3,"minecraft:danger_pottery_sherd":2,"minecraft:lapis_lazuli":374,"minecraft:dirt":493,"minecraft:brown_candle":1,"minecraft:leather_boots":1,"minecraft:bone":129,"minecraft:bow":14,"minecraft:wheat_seeds":33,"minecraft:green_candle":1,"minecraft:raw_gold":63,"minecraft:glowstone_dust":54,"minecraft:diamond_helmet":2,"minecraft:moss_block":248,"minecraft:oak_planks":31,"minecraft:music_disc_13":3,"minecraft:poisonous_potato":1,"minecraft:diamond":41,"minecraft:granite":59,"minecraft:emerald":34,"minecraft:oak_sapling":10,"minecraft:cherry_slab":11,"minecraft:netherrack":13,"minecraft:diamond_pickaxe":7,"minecraft:mud":118,"minecraft:azure_bluet":1,"minecraft:chicken":1,"minecraft:clay_ball":228,"minecraft:leather_leggings":1,"minecraft:brown_mushroom":10,"minecraft:brick":1,"minecraft:cornflower":3,"minecraft:iron_axe":5,"minecraft:iron_shovel":2,"minecraft:blackstone":16,"minecraft:oak_boat":1,"minecraft:chest":2,"minecraft:raw_iron":101,"minecraft:oak_door":2,"minecraft:music_disc_mellohi":2,"minecraft:carrot":237,"minecraft:redstone":191,"minecraft:purple_candle":3,"minecraft:arrow":492,"minecraft:diamond_chestplate":2,"minecraft:diamond_boots":2,"minecraft:gold_ingot":2,"minecraft:white_wool":90,"minecraft:oxeye_daisy":1,"minecraft:leather":3,"minecraft:yellow_dye":1,"minecraft:music_disc_stal":2,"minecraft:oak_log":216,"minecraft:ancient_debris":20,"minecraft:golden_boots":1,"minecraft:gunpowder":248,"minecraft:blue_bed":1,"minecraft:apple":1,"minecraft:music_disc_far":1,"minecraft:iron_ingot":5,"minecraft:stone_pickaxe":3,"minecraft:soul_sand":11,"minecraft:music_disc_chirp":2,"minecraft:oak_slab":377,"minecraft:quartz":20,"minecraft:dandelion":8,"minecraft:dripstone_block":142,"minecraft:gravel":16,"minecraft:spruce_sapling":14,"minecraft:white_bed":3,"minecraft:spruce_log":10,"minecraft:spider_eye":8,"minecraft:pumpkin_seeds":1,"minecraft:slime_ball":3,"minecraft:stone_axe":5,"minecraft:cherry_sapling":74,"minecraft:baked_potato":122,"minecraft:melon_seeds":1,"minecraft:coal":134,"minecraft:hopper":9},"minecraft:mined":{"minecraft:oak_sapling":2,"minecraft:white_bed":1,"minecraft:cherry_log":225,"minecraft:granite":17,"minecraft:grass_block":282,"minecraft:hopper":1,"minecraft:oxeye_daisy":1,"minecraft:glowstone":2,"minecraft:iron_ore":48,"minecraft:cobbled_deepslate":9,"minecraft:deepslate_lapis_ore":2,"minecraft:azure_bluet":1,"minecraft:tripwire":15,"minecraft:deepslate_redstone_ore":5,"minecraft:clay":20,"minecraft:torch":2,"minecraft:nether_quartz_ore":3,"minecraft:cobblestone":6,"minecraft:oak_planks":31,"minecraft:amethyst_block":1,"minecraft:cherry_slab":3,"minecraft:deepslate_copper_ore":1,"minecraft:mud":77,"minecraft:wheat":12,"minecraft:oak_log":183,"minecraft:dirt":92,"minecraft:ancient_debris":2,"minecraft:netherrack":1,"minecraft:oak_leaves":71,"minecraft:deepslate":1,"minecraft:deepslate_diamond_ore":4,"minecraft:oak_door":2,"minecraft:cherry_sapling":6,"minecraft:purple_candle":3,"minecraft:spruce_leaves":129,"minecraft:moss_block":155,"minecraft:redstone_ore":5,"minecraft:furnace":1,"minecraft:carrots":87,"minecraft:andesite":19,"minecraft:potatoes":13,"minecraft:deepslate_iron_ore":5,"minecraft:stone":169,"minecraft:white_wool":102,"minecraft:oak_slab":126,"minecraft:cherry_planks":1,"minecraft:soul_sand":1,"minecraft:dandelion":7,"minecraft:cornflower":2,"minecraft:short_grass":8,"minecraft:tall_grass":30,"minecraft:copper_ore":7,"minecraft:deepslate_coal_ore":4,"minecraft:deepslate_gold_ore":5,"minecraft:lapis_ore":6,"minecraft:diorite":15,"minecraft:spruce_log":10,"minecraft:coal_ore":42,"minecraft:dripstone_block":75,"minecraft:cherry_leaves":22,"minecraft:pink_stained_glass_pane":1,"minecraft:gravel":19,"minecraft:gold_ore":2,"minecraft:deepslate_emerald_ore":5}},"DataVersion":3953}