{"stats":{"minecraft:used":{"minecraft:poppy":2,"minecraft:chest":1,"minecraft:decorated_pot":2,"minecraft:iron_sword":242,"minecraft:shield":79,"minecraft:cooked_chicken":1,"minecraft:trial_key":4,"minecraft:iron_chestplate":1,"minecraft:torch":7,"minecraft:dirt":3,"minecraft:carrot":11,"minecraft:tuff":1,"minecraft:honey_bottle":8,"minecraft:iron_axe":62,"minecraft:iron_helmet":1,"minecraft:golden_carrot":1,"minecraft:bow":9,"minecraft:oak_sapling":1,"minecraft:furnace":6,"minecraft:egg":2,"minecraft:cooked_beef":24,"minecraft:potato":6,"minecraft:cobbled_deepslate":58,"minecraft:iron_leggings":2,"minecraft:wheat_seeds":17,"minecraft:water_bucket":4,"minecraft:diorite":7,"minecraft:baked_potato":8,"minecraft:stone_pickaxe":147,"minecraft:oak_planks":10,"minecraft:wooden_pickaxe":36,"minecraft:white_wool":4,"minecraft:golden_apple":2,"minecraft:crafting_table":9,"minecraft:white_bed":2,"minecraft:dripstone_block":5,"minecraft:cake":1,"minecraft:diamond_pickaxe":118,"minecraft:apple":1,"minecraft:ominous_trial_key":1,"minecraft:wind_charge":20,"minecraft:bread":9,"minecraft:iron_pickaxe":158,"minecraft:stone_axe":87,"minecraft:cobblestone":98,"minecraft:diamond_sword":82,"minecraft:potion":4,"minecraft:cooked_porkchop":24,"minecraft:bucket":3,"minecraft:dandelion":4,"minecraft:candle":3},"minecraft:broken":{"minecraft:stone_pickaxe":1,"minecraft:shield":1,"minecraft:iron_sword":1},"minecraft:picked_up":{"minecraft:iron_chestplate":5,"minecraft:waxed_oxidized_cut_copper":1,"minecraft:crafting_table":10,"minecraft:wheat":14,"minecraft:diamond_sword":2,"minecraft:potion":10,"minecraft:enchanted_book":2,"minecraft:golden_shovel":2,"minecraft:shield":1,"minecraft:brick":14,"minecraft:wind_charge":9,"minecraft:string":251,"minecraft:flow_banner_pattern":4,"minecraft:raw_copper":9,"minecraft:iron_axe":2,"minecraft:iron_leggings":3,"minecraft:candle":3,"minecraft:cobbled_deepslate":266,"minecraft:bucket":2,"minecraft:beef":68,"minecraft:trial_key":7,"minecraft:poppy":2,"minecraft:iron_pickaxe":2,"minecraft:sugar_cane":38,"minecraft:waxed_oxidized_copper":1,"minecraft:furnace":7,"minecraft:egg":4,"minecraft:golden_helmet":1,"minecraft:tipped_arrow":45,"minecraft:stick":5,"minecraft:raw_iron":174,"minecraft:torch":60,"minecraft:porkchop":22,"minecraft:waxed_copper_grate":2,"minecraft:diorite":8,"minecraft:carrot":11,"minecraft:stone_sword":1,"minecraft:arrow":219,"minecraft:honey_bottle":4,"minecraft:rotten_flesh":25,"minecraft:decorated_pot":2,"minecraft:hay_block":2,"minecraft:tuff_bricks":38,"minecraft:mutton":46,"minecraft:rail":1,"minecraft:white_wool":35,"minecraft:cobblestone":576,"minecraft:cooked_beef":8,"minecraft:golden_carrot":8,"minecraft:glow_ink_sac":9,"minecraft:water_bucket":2,"minecraft:andesite":35,"minecraft:leather":8,"minecraft:potato":6,"minecraft:waxed_copper_bulb":4,"minecraft:tuff":5,"minecraft:oak_log":20,"minecraft:yellow_bed":1,"minecraft:gunpowder":8,"minecraft:lapis_lazuli":397,"minecraft:dirt":13,"minecraft:bone":75,"minecraft:apple":1,"minecraft:bow":2,"minecraft:wheat_seeds":20,"minecraft:raw_gold":14,"minecraft:iron_ingot":99,"minecraft:stone_pickaxe":2,"minecraft:cooked_chicken":1,"minecraft:guster_banner_pattern":4,"minecraft:stripped_oak_wood":1,"minecraft:oak_planks":49,"minecraft:honeycomb":4,"minecraft:scrape_pottery_sherd":2,"minecraft:scaffolding":51,"minecraft:cooked_porkchop":10,"minecraft:dandelion":4,"minecraft:dripstone_block":9,"minecraft:grass_block":1,"minecraft:spider_eye":20,"minecraft:polished_tuff":1,"minecraft:slime_ball":92,"minecraft:diamond":111,"minecraft:slime_block":30,"minecraft:stone_axe":2,"minecraft:iron_helmet":4,"minecraft:granite":23,"minecraft:breeze_rod":22,"minecraft:emerald":55,"minecraft:baked_potato":10,"minecraft:oak_sapling":1,"minecraft:ominous_trial_key":1,"minecraft:coal":118,"minecraft:chiseled_tuff_bricks":3},"minecraft:killed":{"minecraft:cave_spider":2,"minecraft:spider":44,"minecraft:slime":108,"minecraft:skeleton":17,"minecraft:pig":11,"minecraft:iron_golem":1,"minecraft:creeper":1,"minecraft:sheep":4,"minecraft:zombie":26,"minecraft:breeze":3,"minecraft:cow":3},"minecraft:killed_by":{"minecraft:skeleton":3},"minecraft:custom":{"minecraft:mob_kills":222,"minecraft:interact_with_crafting_table":38,"minecraft:open_barrel":9,"minecraft:eat_cake_slice":1,"minecraft:leave_game":3,"minecraft:time_since_death":8613,"minecraft:climb_one_cm":6546,"minecraft:sprint_one_cm":566555,"minecraft:walk_one_cm":266571,"minecraft:damage_blocked_by_shield":3047,"minecraft:drop":114,"minecraft:play_time":134192,"minecraft:sneak_time":10512,"minecraft:deaths":4,"minecraft:walk_under_water_one_cm":3325,"minecraft:jump":2982,"minecraft:walk_on_water_one_cm":36401,"minecraft:total_world_time":134192,"minecraft:interact_with_furnace":69,"minecraft:sleep_in_bed":14,"minecraft:time_since_rest":8639,"minecraft:damage_taken":6662,"minecraft:damage_absorbed":80,"minecraft:damage_dealt":21783,"minecraft:player_kills":1,"minecraft:swim_one_cm":22358,"minecraft:fly_one_cm":558510,"minecraft:open_chest":29,"minecraft:crouch_one_cm":25900,"minecraft:fall_one_cm":106854,"minecraft:inspect_dispenser":1},"minecraft:dropped":{"minecraft:enchanted_book":1,"minecraft:water_bucket":1,"minecraft:wheat_seeds":3,"minecraft:lapis_lazuli":1,"minecraft:golden_helmet":1,"minecraft:cooked_beef":3,"minecraft:glass_bottle":7,"minecraft:diamond":11,"minecraft:crafting_table":1,"minecraft:dripstone_block":1,"minecraft:cooked_porkchop":8,"minecraft:iron_helmet":1,"minecraft:cobblestone":325,"minecraft:waxed_copper_grate":2,"minecraft:polished_tuff":1,"minecraft:honeycomb":4,"minecraft:granite":23,"minecraft:grass_block":1,"minecraft:golden_apple":1,"minecraft:dirt":10,"minecraft:diorite":1,"minecraft:torch":109,"minecraft:mutton":26,"minecraft:scrape_pottery_sherd":2,"minecraft:waxed_copper_bulb":3,"minecraft:waxed_oxidized_copper":1,"minecraft:iron_axe":1,"minecraft:iron_pickaxe":2,"minecraft:stripped_oak_wood":1,"minecraft:stone_axe":2,"minecraft:tuff_bricks":24,"minecraft:sugar_cane":15,"minecraft:chiseled_tuff_bricks":3,"minecraft:cobbled_deepslate":113,"minecraft:raw_copper":9,"minecraft:tuff":4,"minecraft:wheat":2,"minecraft:raw_iron":48,"minecraft:rotten_flesh":25,"minecraft:oak_planks":18,"minecraft:golden_shovel":1,"minecraft:shield":1,"minecraft:gunpowder":6,"minecraft:trial_key":3,"minecraft:iron_chestplate":1,"minecraft:andesite":35,"minecraft:waxed_oxidized_cut_copper":1,"minecraft:spider_eye":6,"minecraft:bow":1,"minecraft:stone_pickaxe":1,"minecraft:beef":42,"minecraft:brick":8,"minecraft:egg":3},"minecraft:crafted":{"minecraft:oak_planks":56,"minecraft:wind_charge":8,"minecraft:furnace":1,"minecraft:slime_block":10,"minecraft:bow":1,"minecraft:iron_boots":2,"minecraft:iron_axe":1,"minecraft:stone_pickaxe":2,"minecraft:chest":1,"minecraft:wheat":18,"minecraft:cooked_beef":19,"minecraft:diamond_sword":1,"minecraft:cooked_porkchop":22,"minecraft:crafting_table":3,"minecraft:wooden_pickaxe":1,"minecraft:iron_helmet":2,"minecraft:iron_sword":1,"minecraft:stone_axe":2,"minecraft:bread":6,"minecraft:air":0,"minecraft:white_wool":7,"minecraft:iron_chestplate":2,"minecraft:diamond_pickaxe":1,"minecraft:shield":1,"minecraft:stick":24,"minecraft:iron_pickaxe":2,"minecraft:iron_ingot":45,"minecraft:iron_leggings":1,"minecraft:white_bed":2},"minecraft:mined":{"minecraft:diamond_ore":2,"minecraft:tuff":5,"minecraft:deepslate_diamond_ore":43,"minecraft:candle":1,"minecraft:granite":3,"minecraft:glow_lichen":1,"minecraft:grass_block":2,"minecraft:decorated_pot":4,"minecraft:chiseled_tuff_bricks":3,"minecraft:tuff_bricks":35,"minecraft:spawner":4,"minecraft:tall_seagrass":1,"minecraft:waxed_oxidized_cut_copper":1,"minecraft:furnace":5,"minecraft:carrots":8,"minecraft:waxed_copper_grate":3,"minecraft:iron_ore":31,"minecraft:polished_tuff":1,"minecraft:andesite":2,"minecraft:deepslate_lapis_ore":19,"minecraft:potatoes":6,"minecraft:deepslate_iron_ore":58,"minecraft:stone":112,"minecraft:dandelion":4,"minecraft:crafting_table":6,"minecraft:short_grass":25,"minecraft:poppy":1,"minecraft:tall_grass":5,"minecraft:cobblestone":12,"minecraft:deepslate_gold_ore":5,"minecraft:oak_planks":2,"minecraft:sugar_cane":3,"minecraft:wall_torch":5,"minecraft:diorite":7,"minecraft:waxed_copper_bulb":1,"minecraft:light_gray_stained_glass":2,"minecraft:wheat":15,"minecraft:stripped_oak_wood":1,"minecraft:yellow_bed":1,"minecraft:coal_ore":54,"minecraft:oak_log":13,"minecraft:waxed_oxidized_copper":1,"minecraft:dripstone_block":10,"minecraft:dirt":11,"minecraft:cobweb":32,"minecraft:oak_leaves":19,"minecraft:deepslate":29}},"DataVersion":3953}