{"stats":{"minecraft:crafted":{"minecraft:coarse_dirt":4,"minecraft:oak_slab":354,"minecraft:oak_planks":484,"minecraft:wooden_shovel":1,"minecraft:stone_shovel":1,"minecraft:coal":9,"minecraft:crafting_table":1,"minecraft:gravel":4,"minecraft:sand":64,"minecraft:cherry_sapling":1,"minecraft:bone_meal":57,"minecraft:bone":12,"minecraft:stone_axe":2,"minecraft:air":0,"minecraft:oak_boat":1,"minecraft:white_wool":2,"minecraft:string":18,"minecraft:cobblestone":4,"minecraft:iron_axe":1,"minecraft:slime_ball":8,"minecraft:stick":12,"minecraft:iron_ingot":64,"minecraft:iron_pickaxe":3,"minecraft:stone_pickaxe":3,"minecraft:wooden_axe":1,"minecraft:chest":1,"minecraft:gold_ingot":5,"minecraft:torch":12,"minecraft:stone_hoe":1,"minecraft:carrot":18,"minecraft:clay":19},"minecraft:used":{"minecraft:moss_block":11,"minecraft:cherry_sapling":10,"minecraft:water_bucket":5,"minecraft:stone_shovel":131,"minecraft:stone_pickaxe":273,"minecraft:chest":1,"minecraft:wooden_shovel":43,"minecraft:stone_hoe":32,"minecraft:torch":12,"minecraft:dirt":277,"minecraft:oak_slab":280,"minecraft:crafting_table":1,"minecraft:carrot":42,"minecraft:mud":4,"minecraft:wooden_axe":15,"minecraft:iron_axe":110,"minecraft:iron_pickaxe":439,"minecraft:spruce_sapling":2,"minecraft:gravel":16,"minecraft:stone_axe":219,"minecraft:pufferfish_bucket":2,"minecraft:oak_sapling":4,"minecraft:bucket":5,"minecraft:oak_boat":1,"minecraft:bone_meal":57},"minecraft:custom":{"minecraft:interact_with_furnace":47,"minecraft:mob_kills":2,"minecraft:traded_with_villager":12,"minecraft:interact_with_crafting_table":45,"minecraft:leave_game":1,"minecraft:time_since_death":40517,"minecraft:time_since_rest":40550,"minecraft:sprint_one_cm":113350,"minecraft:damage_taken":711,"minecraft:walk_one_cm":169224,"minecraft:drop":21,"minecraft:damage_dealt":827,"minecraft:player_kills":1,"minecraft:talked_to_villager":60,"minecraft:fly_one_cm":104034,"minecraft:open_chest":268,"minecraft:crouch_one_cm":89273,"minecraft:play_time":124158,"minecraft:deaths":3,"minecraft:sneak_time":24832,"minecraft:walk_under_water_one_cm":2754,"minecraft:boat_one_cm":473,"minecraft:jump":398,"minecraft:walk_on_water_one_cm":755,"minecraft:total_world_time":124158,"minecraft:fall_one_cm":2514},"minecraft:broken":{"minecraft:stone_pickaxe":1,"minecraft:stone_axe":1,"minecraft:stone_shovel":1},"minecraft:dropped":{"minecraft:stone_axe":5,"minecraft:oak_slab":25,"minecraft:granite":1,"minecraft:coal":1,"minecraft:dirt":9,"minecraft:diorite":1,"minecraft:wooden_axe":1,"minecraft:mud":3,"minecraft:stone_pickaxe":3,"minecraft:iron_pickaxe":4},"minecraft:killed":{"minecraft:creeper":1,"minecraft:zombie":1},"minecraft:killed_by":{"minecraft:player":1},"minecraft:picked_up":{"minecraft:mud":87,"minecraft:andesite":19,"minecraft:clay_ball":104,"minecraft:flint":1,"minecraft:oak_log":174,"minecraft:gunpowder":1,"minecraft:lapis_lazuli":95,"minecraft:dirt":390,"minecraft:raw_copper":43,"minecraft:apple":1,"minecraft:cobbled_deepslate":3,"minecraft:raw_gold":7,"minecraft:stone_pickaxe":3,"minecraft:iron_pickaxe":3,"minecraft:moss_block":161,"minecraft:oak_slab":11,"minecraft:stick":25,"minecraft:raw_iron":70,"minecraft:torch":1,"minecraft:dripstone_block":68,"minecraft:gravel":15,"minecraft:carrot":28,"minecraft:cherry_log":78,"minecraft:spruce_sapling":11,"minecraft:diorite":21,"minecraft:spruce_log":10,"minecraft:redstone":55,"minecraft:diamond":5,"minecraft:stone_axe":4,"minecraft:granite":23,"minecraft:cherry_sapling":27,"minecraft:emerald":6,"minecraft:oak_sapling":10,"minecraft:coal":63,"minecraft:cobblestone":230},"minecraft:mined":{"minecraft:deepslate_redstone_ore":3,"minecraft:oak_slab":14,"minecraft:oak_sapling":2,"minecraft:deepslate_diamond_ore":3,"minecraft:cherry_log":84,"minecraft:cherry_sapling":5,"minecraft:clay":18,"minecraft:torch":1,"minecraft:granite":14,"minecraft:grass_block":275,"minecraft:copper_ore":7,"minecraft:deepslate_coal_ore":1,"minecraft:deepslate_gold_ore":4,"minecraft:spruce_leaves":123,"minecraft:lapis_ore":6,"minecraft:moss_block":140,"minecraft:diorite":15,"minecraft:deepslate_copper_ore":1,"minecraft:redstone_ore":5,"minecraft:carrots":10,"minecraft:mud":72,"minecraft:iron_ore":48,"minecraft:spruce_log":10,"minecraft:andesite":14,"minecraft:deepslate_lapis_ore":1,"minecraft:oak_log":178,"minecraft:coal_ore":42,"minecraft:deepslate_iron_ore":3,"minecraft:cherry_leaves":13,"minecraft:dirt":74,"minecraft:gravel":16,"minecraft:dripstone_block":50,"minecraft:stone":163,"minecraft:gold_ore":2,"minecraft:deepslate_emerald_ore":2,"minecraft:oak_leaves":67,"minecraft:deepslate":1}},"DataVersion":3953}