{"stats":{"minecraft:crafted":{"minecraft:cooked_beef":2,"minecraft:oak_planks":44,"minecraft:cooked_porkchop":22,"minecraft:crafting_table":1,"minecraft:wooden_pickaxe":1,"minecraft:furnace":1,"minecraft:stone_axe":2,"minecraft:air":0,"minecraft:iron_boots":1,"minecraft:iron_chestplate":1,"minecraft:shield":1,"minecraft:stick":16,"minecraft:iron_ingot":17,"minecraft:iron_pickaxe":1,"minecraft:stone_pickaxe":2},"minecraft:used":{"minecraft:wheat_seeds":17,"minecraft:diorite":6,"minecraft:stone_pickaxe":147,"minecraft:poppy":2,"minecraft:wooden_pickaxe":36,"minecraft:torch":3,"minecraft:dirt":3,"minecraft:crafting_table":4,"minecraft:carrot":10,"minecraft:apple":1,"minecraft:iron_pickaxe":20,"minecraft:stone_axe":47,"minecraft:cobblestone":15,"minecraft:oak_sapling":1,"minecraft:furnace":3,"minecraft:cooked_porkchop":7,"minecraft:egg":1,"minecraft:cooked_beef":2,"minecraft:potato":6,"minecraft:dandelion":4},"minecraft:custom":{"minecraft:interact_with_furnace":31,"minecraft:mob_kills":19,"minecraft:interact_with_crafting_table":14,"minecraft:leave_game":1,"minecraft:time_since_death":21777,"minecraft:sleep_in_bed":2,"minecraft:climb_one_cm":962,"minecraft:time_since_rest":21810,"minecraft:sprint_one_cm":137553,"minecraft:damage_taken":889,"minecraft:walk_one_cm":45240,"minecraft:drop":8,"minecraft:damage_dealt":2458,"minecraft:swim_one_cm":11825,"minecraft:fly_one_cm":153581,"minecraft:open_chest":4,"minecraft:crouch_one_cm":5511,"minecraft:play_time":36822,"minecraft:deaths":1,"minecraft:sneak_time":2866,"minecraft:walk_under_water_one_cm":527,"minecraft:jump":720,"minecraft:walk_on_water_one_cm":6576,"minecraft:total_world_time":36822,"minecraft:fall_one_cm":27887},"minecraft:broken":{"minecraft:stone_pickaxe":1},"minecraft:dropped":{"minecraft:wheat_seeds":1,"minecraft:wheat":2,"minecraft:granite":2,"minecraft:grass_block":1,"minecraft:dirt":10,"minecraft:andesite":2,"minecraft:stripped_oak_wood":1},"minecraft:killed":{"minecraft:pig":11,"minecraft:iron_golem":1,"minecraft:sheep":4,"minecraft:cow":3},"minecraft:picked_up":{"minecraft:crafting_table":5,"minecraft:wheat":2,"minecraft:andesite":2,"minecraft:leather":5,"minecraft:potato":6,"minecraft:oak_log":17,"minecraft:yellow_bed":1,"minecraft:lapis_lazuli":33,"minecraft:dirt":13,"minecraft:bone":3,"minecraft:apple":1,"minecraft:wheat_seeds":18,"minecraft:cobbled_deepslate":4,"minecraft:raw_gold":5,"minecraft:stone_pickaxe":1,"minecraft:beef":22,"minecraft:iron_ingot":3,"minecraft:stripped_oak_wood":1,"minecraft:poppy":2,"minecraft:sugar_cane":16,"minecraft:oak_planks":9,"minecraft:egg":2,"minecraft:furnace":3,"minecraft:raw_iron":21,"minecraft:torch":10,"minecraft:dandelion":4,"minecraft:porkchop":22,"minecraft:diorite":7,"minecraft:grass_block":1,"minecraft:carrot":10,"minecraft:arrow":3,"minecraft:granite":2,"minecraft:oak_sapling":1,"minecraft:mutton":14,"minecraft:coal":73,"minecraft:white_wool":8,"minecraft:cobblestone":116},"minecraft:mined":{"minecraft:dandelion":4,"minecraft:crafting_table":4,"minecraft:granite":2,"minecraft:short_grass":25,"minecraft:grass_block":2,"minecraft:poppy":1,"minecraft:tall_grass":5,"minecraft:cobblestone":8,"minecraft:deepslate_gold_ore":5,"minecraft:sugar_cane":3,"minecraft:diorite":7,"minecraft:wall_torch":4,"minecraft:spawner":1,"minecraft:tall_seagrass":1,"minecraft:furnace":3,"minecraft:carrots":8,"minecraft:iron_ore":17,"minecraft:wheat":15,"minecraft:andesite":2,"minecraft:stripped_oak_wood":1,"minecraft:deepslate_lapis_ore":5,"minecraft:yellow_bed":1,"minecraft:coal_ore":34,"minecraft:potatoes":6,"minecraft:oak_log":11,"minecraft:deepslate_iron_ore":4,"minecraft:dirt":11,"minecraft:stone":101,"minecraft:deepslate":4,"minecraft:oak_leaves":18}},"DataVersion":3953}