{"stats":{"minecraft:killed":{"minecraft:cave_spider":2,"minecraft:spider":47,"minecraft:slime":108,"minecraft:skeleton":22,"minecraft:tropical_fish":5,"minecraft:pig":15,"minecraft:zombie_villager":2,"minecraft:iron_golem":3,"minecraft:creeper":3,"minecraft:sheep":4,"minecraft:zombie":44,"minecraft:breeze":3,"minecraft:cow":3},"minecraft:picked_up":{"minecraft:iron_chestplate":7,"minecraft:waxed_oxidized_cut_copper":1,"minecraft:crafting_table":14,"minecraft:wheat":22,"minecraft:clay_ball":2,"minecraft:diamond_sword":3,"minecraft:enchanted_book":2,"minecraft:potion":12,"minecraft:golden_shovel":2,"minecraft:brick":14,"minecraft:shield":2,"minecraft:wind_charge":9,"minecraft:oak_trapdoor":1,"minecraft:string":541,"minecraft:flow_banner_pattern":5,"minecraft:raw_copper":9,"minecraft:iron_axe":4,"minecraft:iron_leggings":5,"minecraft:candle":3,"minecraft:cobbled_deepslate":277,"minecraft:bucket":3,"minecraft:beef":68,"minecraft:trial_key":7,"minecraft:iron_pickaxe":4,"minecraft:poppy":3,"minecraft:sugar_cane":44,"minecraft:furnace":7,"minecraft:waxed_oxidized_copper":1,"minecraft:iron_boots":2,"minecraft:egg":4,"minecraft:tipped_arrow":60,"minecraft:golden_helmet":1,"minecraft:raw_iron":288,"minecraft:stick":6,"minecraft:torch":60,"minecraft:porkchop":40,"minecraft:waxed_copper_grate":2,"minecraft:pointed_dripstone":9,"minecraft:diorite":8,"minecraft:carrot":11,"minecraft:stone_sword":1,"minecraft:arrow":348,"minecraft:honey_bottle":4,"minecraft:rotten_flesh":41,"minecraft:tropical_fish":5,"minecraft:decorated_pot":2,"minecraft:hay_block":2,"minecraft:obsidian":1,"minecraft:tuff_bricks":38,"minecraft:mutton":46,"minecraft:rail":1,"minecraft:white_wool":60,"minecraft:cobblestone":579,"minecraft:magma_block":3,"minecraft:cooked_beef":8,"minecraft:golden_carrot":9,"minecraft:glow_ink_sac":12,"minecraft:water_bucket":3,"minecraft:andesite":35,"minecraft:leather":8,"minecraft:potato":6,"minecraft:waxed_copper_bulb":4,"minecraft:tuff":5,"minecraft:oak_log":34,"minecraft:yellow_bed":1,"minecraft:gunpowder":11,"minecraft:lapis_lazuli":601,"minecraft:dirt":28,"minecraft:bone":137,"minecraft:apple":1,"minecraft:bow":3,"minecraft:wheat_seeds":22,"minecraft:raw_gold":14,"minecraft:iron_ingot":126,"minecraft:stone_pickaxe":2,"minecraft:cooked_chicken":1,"minecraft:guster_banner_pattern":5,"minecraft:stripped_oak_wood":1,"minecraft:honeycomb":4,"minecraft:oak_planks":61,"minecraft:scrape_pottery_sherd":2,"minecraft:scaffolding":85,"minecraft:cooked_porkchop":10,"minecraft:dandelion":4,"minecraft:dripstone_block":16,"minecraft:gravel":1,"minecraft:grass_block":1,"minecraft:spider_eye":25,"minecraft:polished_tuff":1,"minecraft:slime_ball":92,"minecraft:stone_axe":2,"minecraft:diamond":199,"minecraft:slime_block":50,"minecraft:iron_helmet":7,"minecraft:granite":24,"minecraft:breeze_rod":32,"minecraft:diamond_axe":1,"minecraft:bone_meal":1,"minecraft:emerald":96,"minecraft:baked_potato":10,"minecraft:oak_sapling":1,"minecraft:ominous_trial_key":1,"minecraft:coal":122,"minecraft:chiseled_tuff_bricks":3},"minecraft:mined":{"minecraft:diamond_ore":2,"minecraft:tuff":5,"minecraft:deepslate_diamond_ore":48,"minecraft:candle":1,"minecraft:sculk_vein":1,"minecraft:glow_lichen":1,"minecraft:granite":4,"minecraft:grass_block":2,"minecraft:decorated_pot":4,"minecraft:chiseled_tuff_bricks":3,"minecraft:tuff_bricks":35,"minecraft:spawner":4,"minecraft:tall_seagrass":1,"minecraft:magma_block":2,"minecraft:oak_trapdoor":1,"minecraft:waxed_oxidized_cut_copper":1,"minecraft:sculk_catalyst":1,"minecraft:furnace":5,"minecraft:carrots":8,"minecraft:waxed_copper_grate":3,"minecraft:iron_ore":31,"minecraft:fire":1,"minecraft:polished_tuff":1,"minecraft:andesite":2,"minecraft:deepslate_lapis_ore":19,"minecraft:sculk_shrieker":2,"minecraft:potatoes":6,"minecraft:deepslate_iron_ore":68,"minecraft:stone":113,"minecraft:white_wool":12,"minecraft:dandelion":4,"minecraft:crafting_table":8,"minecraft:short_grass":28,"minecraft:poppy":1,"minecraft:sculk_sensor":1,"minecraft:tall_grass":5,"minecraft:cobblestone":13,"minecraft:deepslate_gold_ore":5,"minecraft:oak_planks":2,"minecraft:sugar_cane":9,"minecraft:wall_torch":5,"minecraft:sculk":2,"minecraft:diorite":7,"minecraft:waxed_copper_bulb":1,"minecraft:light_gray_stained_glass":2,"minecraft:wheat":15,"minecraft:stripped_oak_wood":1,"minecraft:yellow_bed":1,"minecraft:coal_ore":54,"minecraft:oak_log":27,"minecraft:gravel":1,"minecraft:waxed_oxidized_copper":1,"minecraft:dripstone_block":13,"minecraft:dirt":12,"minecraft:cobweb":32,"minecraft:deepslate":36,"minecraft:oak_leaves":19},"minecraft:used":{"minecraft:oak_trapdoor":1,"minecraft:tropical_fish":5,"minecraft:poppy":3,"minecraft:chest":1,"minecraft:decorated_pot":2,"minecraft:iron_sword":248,"minecraft:shield":94,"minecraft:cooked_chicken":1,"minecraft:trial_key":4,"minecraft:iron_chestplate":1,"minecraft:torch":7,"minecraft:dirt":4,"minecraft:carrot":11,"minecraft:tuff":1,"minecraft:granite":1,"minecraft:honey_bottle":8,"minecraft:lava_bucket":1,"minecraft:iron_axe":85,"minecraft:iron_helmet":2,"minecraft:golden_carrot":2,"minecraft:magma_block":1,"minecraft:bow":13,"minecraft:oak_sapling":1,"minecraft:furnace":6,"minecraft:egg":2,"minecraft:potato":6,"minecraft:cooked_beef":33,"minecraft:cobbled_deepslate":68,"minecraft:pointed_dripstone":9,"minecraft:golden_axe":7,"minecraft:iron_leggings":2,"minecraft:wheat_seeds":17,"minecraft:water_bucket":4,"minecraft:diorite":7,"minecraft:baked_potato":8,"minecraft:stone_pickaxe":147,"minecraft:oak_planks":10,"minecraft:wooden_pickaxe":36,"minecraft:sugar_cane":6,"minecraft:golden_apple":2,"minecraft:white_wool":13,"minecraft:crafting_table":11,"minecraft:white_bed":2,"minecraft:cake":1,"minecraft:dripstone_block":13,"minecraft:oak_log":10,"minecraft:diamond_pickaxe":118,"minecraft:apple":1,"minecraft:ominous_trial_key":1,"minecraft:wind_charge":20,"minecraft:bread":9,"minecraft:iron_pickaxe":195,"minecraft:stone_axe":87,"minecraft:potion":6,"minecraft:diamond_sword":197,"minecraft:cobblestone":100,"minecraft:cooked_porkchop":24,"minecraft:bucket":5,"minecraft:dandelion":4,"minecraft:candle":3},"minecraft:killed_by":{"minecraft:creeper":1,"minecraft:spider":1,"minecraft:skeleton":3},"minecraft:crafted":{"minecraft:oak_planks":72,"minecraft:wind_charge":8,"minecraft:furnace":1,"minecraft:slime_block":10,"minecraft:bow":1,"minecraft:iron_boots":2,"minecraft:iron_axe":1,"minecraft:stone_pickaxe":2,"minecraft:chest":1,"minecraft:wheat":18,"minecraft:cooked_beef":19,"minecraft:diamond_sword":2,"minecraft:emerald":11,"minecraft:cooked_porkchop":22,"minecraft:crafting_table":3,"minecraft:wooden_pickaxe":1,"minecraft:iron_helmet":2,"minecraft:iron_sword":1,"minecraft:stone_axe":2,"minecraft:bread":6,"minecraft:air":0,"minecraft:iron_chestplate":2,"minecraft:white_wool":7,"minecraft:diamond_pickaxe":1,"minecraft:shield":2,"minecraft:stick":24,"minecraft:iron_ingot":45,"minecraft:iron_pickaxe":2,"minecraft:iron_leggings":1,"minecraft:white_bed":2},"minecraft:dropped":{"minecraft:enchanted_book":1,"minecraft:water_bucket":1,"minecraft:wheat_seeds":4,"minecraft:diamond_axe":1,"minecraft:lapis_lazuli":1,"minecraft:golden_helmet":1,"minecraft:cooked_beef":3,"minecraft:glass_bottle":9,"minecraft:diamond":11,"minecraft:crafting_table":1,"minecraft:dripstone_block":3,"minecraft:cooked_porkchop":8,"minecraft:iron_helmet":2,"minecraft:cobblestone":326,"minecraft:waxed_copper_grate":2,"minecraft:polished_tuff":1,"minecraft:honeycomb":4,"minecraft:granite":23,"minecraft:grass_block":1,"minecraft:golden_apple":1,"minecraft:dirt":10,"minecraft:diorite":1,"minecraft:torch":109,"minecraft:mutton":26,"minecraft:scrape_pottery_sherd":2,"minecraft:waxed_copper_bulb":3,"minecraft:waxed_oxidized_copper":1,"minecraft:iron_leggings":1,"minecraft:iron_axe":1,"minecraft:iron_pickaxe":2,"minecraft:stripped_oak_wood":1,"minecraft:string":30,"minecraft:bone":1,"minecraft:gravel":1,"minecraft:stone_axe":2,"minecraft:tuff_bricks":24,"minecraft:sugar_cane":15,"minecraft:chiseled_tuff_bricks":3,"minecraft:cobbled_deepslate":113,"minecraft:raw_copper":9,"minecraft:tuff":4,"minecraft:wheat":2,"minecraft:obsidian":1,"minecraft:raw_iron":48,"minecraft:rotten_flesh":37,"minecraft:clay_ball":2,"minecraft:oak_planks":18,"minecraft:golden_shovel":1,"minecraft:shield":2,"minecraft:gunpowder":6,"minecraft:trial_key":3,"minecraft:iron_chestplate":1,"minecraft:andesite":35,"minecraft:waxed_oxidized_cut_copper":1,"minecraft:spider_eye":12,"minecraft:bow":1,"minecraft:stone_pickaxe":1,"minecraft:beef":42,"minecraft:magma_block":2,"minecraft:brick":8,"minecraft:egg":3},"minecraft:broken":{"minecraft:iron_leggings":1,"minecraft:stone_pickaxe":1,"minecraft:shield":1,"minecraft:iron_sword":1},"minecraft:custom":{"minecraft:mob_kills":264,"minecraft:inspect_hopper":4,"minecraft:interact_with_crafting_table":40,"minecraft:open_barrel":9,"minecraft:eat_cake_slice":1,"minecraft:leave_game":5,"minecraft:time_since_death":1770,"minecraft:climb_one_cm":6546,"minecraft:sprint_one_cm":685293,"minecraft:walk_one_cm":335232,"minecraft:damage_blocked_by_shield":4293,"minecraft:drop":148,"minecraft:talked_to_villager":40,"minecraft:play_time":176994,"minecraft:sneak_time":13995,"minecraft:deaths":6,"minecraft:walk_under_water_one_cm":16216,"minecraft:jump":3958,"minecraft:walk_on_water_one_cm":56230,"minecraft:total_world_time":176994,"minecraft:interact_with_furnace":70,"minecraft:traded_with_villager":11,"minecraft:sleep_in_bed":14,"minecraft:time_since_rest":1804,"minecraft:damage_taken":8274,"minecraft:damage_absorbed":80,"minecraft:damage_dealt":29787,"minecraft:player_kills":1,"minecraft:swim_one_cm":64212,"minecraft:fly_one_cm":944447,"minecraft:open_chest":44,"minecraft:crouch_one_cm":33093,"minecraft:fall_one_cm":133587,"minecraft:inspect_dispenser":1}},"DataVersion":3953}