{"stats":{"minecraft:crafted":{"minecraft:coarse_dirt":4,"minecraft:cherry_planks":128,"minecraft:oak_planks":1468,"minecraft:stone_shovel":1,"minecraft:coal":9,"minecraft:tripwire_hook":2,"minecraft:sand":64,"minecraft:stone":3,"minecraft:cherry_sapling":1,"minecraft:bone_meal":162,"minecraft:lever":1,"minecraft:potato":12,"minecraft:diamond_block":2,"minecraft:oak_trapdoor":32,"minecraft:cherry_trapdoor":34,"minecraft:hopper":5,"minecraft:diamond":18,"minecraft:diamond_helmet":1,"minecraft:iron_axe":4,"minecraft:slime_ball":8,"minecraft:stone_pickaxe":3,"minecraft:chest":8,"minecraft:cow_spawn_egg":2,"minecraft:diamond_boots":1,"minecraft:netherite_scrap":14,"minecraft:stone_hoe":1,"minecraft:smoker":1,"minecraft:oak_slab":1926,"minecraft:wooden_shovel":1,"minecraft:diamond_sword":1,"minecraft:crafting_table":1,"minecraft:baked_potato":56,"minecraft:gravel":40,"minecraft:blue_bed":1,"minecraft:bone":12,"minecraft:stone_axe":2,"minecraft:air":0,"minecraft:blue_dye":1,"minecraft:oak_boat":2,"minecraft:string":18,"minecraft:white_wool":2,"minecraft:cobblestone":4,"minecraft:diamond_pickaxe":1,"minecraft:emerald_block":4,"minecraft:stick":36,"minecraft:iron_ingot":122,"minecraft:iron_pickaxe":4,"minecraft:wooden_axe":1,"minecraft:gold_ingot":45,"minecraft:torch":108,"minecraft:carrot":18,"minecraft:shears":1,"minecraft:clay":19,"minecraft:diamond_chestplate":1},"minecraft:used":{"minecraft:oak_trapdoor":2,"minecraft:moss_block":12,"minecraft:cherry_sapling":10,"minecraft:purple_candle":4,"minecraft:stone_shovel":131,"minecraft:chest":3,"minecraft:wooden_shovel":43,"minecraft:stone_hoe":32,"minecraft:torch":103,"minecraft:dirt":349,"minecraft:hopper":5,"minecraft:carrot":130,"minecraft:diamond_helmet":1,"minecraft:wooden_axe":15,"minecraft:iron_axe":447,"minecraft:cherry_slab":5,"minecraft:cherry_trapdoor":1,"minecraft:diamond_chestplate":1,"minecraft:tripwire_hook":2,"minecraft:bow":57,"minecraft:oak_sapling":4,"minecraft:potato":25,"minecraft:cherry_log":18,"minecraft:water_bucket":9,"minecraft:diamond_boots":1,"minecraft:stone_pickaxe":273,"minecraft:baked_potato":20,"minecraft:oak_planks":144,"minecraft:cherry_planks":1,"minecraft:blue_bed":2,"minecraft:white_wool":67,"minecraft:oak_slab":1988,"minecraft:crafting_table":1,"minecraft:white_bed":2,"minecraft:dripstone_block":67,"minecraft:shears":80,"minecraft:smoker":1,"minecraft:mud":5,"minecraft:lever":1,"minecraft:diamond_pickaxe":93,"minecraft:apple":1,"minecraft:string":2,"minecraft:iron_pickaxe":439,"minecraft:spruce_sapling":2,"minecraft:gravel":16,"minecraft:golden_helmet":1,"minecraft:stone_axe":219,"minecraft:diamond_sword":118,"minecraft:pufferfish_bucket":3,"minecraft:diamond_leggings":1,"minecraft:bucket":10,"minecraft:oak_boat":2,"minecraft:bone_meal":142},"minecraft:custom":{"minecraft:interact_with_smithing_table":3,"minecraft:mob_kills":188,"minecraft:animals_bred":1,"minecraft:inspect_hopper":1,"minecraft:interact_with_crafting_table":106,"minecraft:leave_game":5,"minecraft:time_since_death":5752,"minecraft:sprint_one_cm":466603,"minecraft:walk_one_cm":475545,"minecraft:drop":124,"minecraft:talked_to_villager":110,"minecraft:play_time":284728,"minecraft:deaths":11,"minecraft:sneak_time":59068,"minecraft:walk_under_water_one_cm":25667,"minecraft:boat_one_cm":643,"minecraft:jump":2040,"minecraft:interact_with_blast_furnace":28,"minecraft:walk_on_water_one_cm":5432,"minecraft:total_world_time":284728,"minecraft:interact_with_furnace":69,"minecraft:traded_with_villager":16,"minecraft:sleep_in_bed":1,"minecraft:time_since_rest":5781,"minecraft:damage_taken":4030,"minecraft:damage_dealt":7914,"minecraft:player_kills":3,"minecraft:swim_one_cm":3028,"minecraft:fly_one_cm":483617,"minecraft:open_chest":769,"minecraft:crouch_one_cm":229168,"minecraft:interact_with_smoker":9,"minecraft:fall_one_cm":13634},"minecraft:broken":{"minecraft:golden_helmet":1,"minecraft:stone_pickaxe":1,"minecraft:iron_axe":1,"minecraft:stone_axe":1,"minecraft:stone_shovel":1},"minecraft:dropped":{"minecraft:soul_sand":2,"minecraft:brown_mushroom":2,"minecraft:oak_slab":26,"minecraft:moss_block":17,"minecraft:golden_helmet":1,"minecraft:dripstone_block":16,"minecraft:granite":7,"minecraft:coal":8,"minecraft:music_disc_13":2,"minecraft:pufferfish":1,"minecraft:dirt":32,"minecraft:spruce_hanging_sign":1,"minecraft:diorite":3,"minecraft:cherry_trapdoor":34,"minecraft:yellow_dye":1,"minecraft:wooden_axe":1,"minecraft:cherry_planks":1,"minecraft:gold_nugget":26,"minecraft:music_disc_ward":3,"minecraft:mud":3,"minecraft:iron_pickaxe":4,"minecraft:iron_shovel":2,"minecraft:string":1,"minecraft:music_disc_stal":2,"minecraft:bucket":1,"minecraft:music_disc_cat":2,"minecraft:danger_pottery_sherd":2,"minecraft:redstone":13,"minecraft:green_candle":1,"minecraft:bone":17,"minecraft:music_disc_blocks":6,"minecraft:gravel":36,"minecraft:stone_axe":5,"minecraft:oak_trapdoor":30,"minecraft:music_disc_chirp":2,"minecraft:golden_chestplate":1,"minecraft:cobbled_deepslate":5,"minecraft:obsidian":19,"minecraft:chicken":1,"minecraft:rotten_flesh":1,"minecraft:oak_planks":3,"minecraft:glowstone_dust":6,"minecraft:music_disc_far":1,"minecraft:pumpkin_seeds":1,"minecraft:carrot":9,"minecraft:potato":1,"minecraft:gunpowder":67,"minecraft:andesite":4,"minecraft:melon_seeds":1,"minecraft:hopper":5,"minecraft:leather_boots":1,"minecraft:golden_leggings":1,"minecraft:leather_leggings":1,"minecraft:spider_eye":2,"minecraft:brown_candle":1,"minecraft:bow":7,"minecraft:stone_pickaxe":3,"minecraft:music_disc_mellohi":2,"minecraft:brick":1,"minecraft:netherrack":3,"minecraft:golden_boots":1},"minecraft:killed":{"minecraft:spider":9,"minecraft:pufferfish":1,"minecraft:skeleton":64,"minecraft:creeper":59,"minecraft:zombie":41,"minecraft:villager":6},"minecraft:killed_by":{"minecraft:player":2,"minecraft:creeper":2,"minecraft:skeleton":1,"minecraft:zombie":3},"minecraft:picked_up":{"minecraft:mud":108,"minecraft:chicken":1,"minecraft:leather_leggings":1,"minecraft:clay_ball":192,"minecraft:brown_mushroom":10,"minecraft:lead":3,"minecraft:brick":1,"minecraft:amethyst_block":10,"minecraft:music_disc_cat":2,"minecraft:string":71,"minecraft:raw_copper":117,"minecraft:iron_axe":5,"minecraft:iron_shovel":2,"minecraft:pufferfish":1,"minecraft:blackstone":10,"minecraft:diamond_leggings":1,"minecraft:gold_nugget":51,"minecraft:cobbled_deepslate":29,"minecraft:bucket":1,"minecraft:oak_boat":1,"minecraft:iron_pickaxe":3,"minecraft:chest":2,"minecraft:furnace":1,"minecraft:golden_helmet":2,"minecraft:stick":41,"minecraft:raw_iron":95,"minecraft:music_disc_blocks":8,"minecraft:oak_door":2,"minecraft:torch":4,"minecraft:music_disc_mellohi":2,"minecraft:cherry_log":200,"minecraft:diorite":30,"minecraft:carrot":237,"minecraft:redstone":168,"minecraft:golden_chestplate":1,"minecraft:diamond_chestplate":2,"minecraft:purple_candle":3,"minecraft:arrow":465,"minecraft:rotten_flesh":86,"minecraft:music_disc_ward":3,"minecraft:diamond_boots":2,"minecraft:spruce_hanging_sign":1,"minecraft:obsidian":10,"minecraft:white_wool":76,"minecraft:cobblestone":302,"minecraft:feather":2,"minecraft:cherry_planks":3,"minecraft:music_disc_stal":2,"minecraft:water_bucket":1,"minecraft:andesite":38,"minecraft:golden_leggings":1,"minecraft:leather":1,"minecraft:yellow_dye":1,"minecraft:potato":44,"minecraft:flint":1,"minecraft:oak_log":207,"minecraft:ancient_debris":18,"minecraft:danger_pottery_sherd":2,"minecraft:golden_boots":1,"minecraft:gunpowder":239,"minecraft:lapis_lazuli":316,"minecraft:dirt":468,"minecraft:blue_bed":1,"minecraft:brown_candle":1,"minecraft:leather_boots":1,"minecraft:bone":126,"minecraft:apple":1,"minecraft:bow":14,"minecraft:green_candle":1,"minecraft:raw_gold":53,"minecraft:diamond_helmet":2,"minecraft:iron_ingot":5,"minecraft:music_disc_far":1,"minecraft:stone_pickaxe":3,"minecraft:glowstone_dust":54,"minecraft:moss_block":233,"minecraft:oak_planks":31,"minecraft:soul_sand":10,"minecraft:music_disc_chirp":2,"minecraft:oak_slab":343,"minecraft:music_disc_13":2,"minecraft:quartz":17,"minecraft:dripstone_block":121,"minecraft:gravel":15,"minecraft:spruce_sapling":14,"minecraft:white_bed":3,"minecraft:spruce_log":10,"minecraft:spider_eye":8,"minecraft:pumpkin_seeds":1,"minecraft:slime_ball":3,"minecraft:diamond":27,"minecraft:stone_axe":4,"minecraft:melon_seeds":1,"minecraft:granite":51,"minecraft:cherry_sapling":74,"minecraft:emerald":27,"minecraft:baked_potato":91,"minecraft:oak_sapling":10,"minecraft:cherry_slab":11,"minecraft:netherrack":9,"minecraft:coal":122,"minecraft:hopper":9,"minecraft:diamond_pickaxe":6},"minecraft:mined":{"minecraft:white_bed":1,"minecraft:oak_sapling":2,"minecraft:deepslate_diamond_ore":4,"minecraft:oak_door":2,"minecraft:cherry_log":225,"minecraft:cherry_sapling":6,"minecraft:purple_candle":3,"minecraft:granite":17,"minecraft:grass_block":282,"minecraft:spruce_leaves":129,"minecraft:moss_block":155,"minecraft:hopper":1,"minecraft:redstone_ore":5,"minecraft:glowstone":2,"minecraft:furnace":1,"minecraft:carrots":87,"minecraft:iron_ore":48,"minecraft:cobbled_deepslate":3,"minecraft:andesite":16,"minecraft:deepslate_lapis_ore":2,"minecraft:potatoes":12,"minecraft:deepslate_iron_ore":5,"minecraft:stone":169,"minecraft:white_wool":82,"minecraft:tripwire":15,"minecraft:deepslate_redstone_ore":5,"minecraft:oak_slab":112,"minecraft:cherry_planks":1,"minecraft:soul_sand":1,"minecraft:clay":20,"minecraft:torch":2,"minecraft:cobblestone":6,"minecraft:nether_quartz_ore":3,"minecraft:copper_ore":7,"minecraft:deepslate_coal_ore":4,"minecraft:lapis_ore":6,"minecraft:deepslate_gold_ore":5,"minecraft:oak_planks":31,"minecraft:diorite":15,"minecraft:amethyst_block":1,"minecraft:cherry_slab":3,"minecraft:deepslate_copper_ore":1,"minecraft:mud":77,"minecraft:spruce_log":10,"minecraft:oak_log":183,"minecraft:coal_ore":42,"minecraft:cherry_leaves":22,"minecraft:gravel":16,"minecraft:dripstone_block":75,"minecraft:dirt":89,"minecraft:gold_ore":2,"minecraft:netherrack":1,"minecraft:ancient_debris":2,"minecraft:deepslate_emerald_ore":5,"minecraft:oak_leaves":71,"minecraft:deepslate":1}},"DataVersion":3953}