{"stats":{"minecraft:crafted":{"minecraft:furnace":1,"minecraft:oak_planks":20,"minecraft:stone_axe":1,"minecraft:crafting_table":1,"minecraft:stick":8,"minecraft:wooden_pickaxe":1,"minecraft:stone_pickaxe":1},"minecraft:used":{"minecraft:stone_axe":7,"minecraft:apple":1,"minecraft:crafting_table":1,"minecraft:oak_sapling":1,"minecraft:wooden_pickaxe":36,"minecraft:dandelion":4},"minecraft:custom":{"minecraft:time_since_rest":8651,"minecraft:crouch_one_cm":2189,"minecraft:play_time":8651,"minecraft:sprint_one_cm":26606,"minecraft:damage_taken":60,"minecraft:walk_one_cm":9345,"minecraft:sneak_time":969,"minecraft:jump":149,"minecraft:damage_dealt":10,"minecraft:walk_on_water_one_cm":121,"minecraft:time_since_death":8651,"minecraft:total_world_time":8651,"minecraft:interact_with_crafting_table":2,"minecraft:fall_one_cm":6717,"minecraft:fly_one_cm":28729},"minecraft:picked_up":{"minecraft:crafting_table":1,"minecraft:apple":1,"minecraft:dandelion":4,"minecraft:oak_log":11,"minecraft:oak_sapling":1,"minecraft:coal":14,"minecraft:cobblestone":22},"minecraft:mined":{"minecraft:short_grass":10,"minecraft:coal_ore":14,"minecraft:oak_log":11,"minecraft:stone":22,"minecraft:dandelion":4,"minecraft:crafting_table":1,"minecraft:oak_leaves":18}},"DataVersion":3953}