{"stats":{"minecraft:mined":{"minecraft:oak_slab":10,"minecraft:oak_sapling":2,"minecraft:cherry_sapling":1,"minecraft:grass_block":165,"minecraft:spruce_leaves":70,"minecraft:moss_block":80,"minecraft:mud":34,"minecraft:iron_ore":6,"minecraft:spruce_log":10,"minecraft:oak_log":88,"minecraft:coal_ore":10,"minecraft:gravel":16,"minecraft:dripstone_block":8,"minecraft:dirt":60,"minecraft:stone":62,"minecraft:oak_leaves":29},"minecraft:custom":{"minecraft:interact_with_furnace":12,"minecraft:traded_with_villager":2,"minecraft:interact_with_crafting_table":26,"minecraft:leave_game":1,"minecraft:time_since_death":49549,"minecraft:time_since_rest":49577,"minecraft:sprint_one_cm":25649,"minecraft:damage_taken":270,"minecraft:walk_one_cm":60343,"minecraft:drop":6,"minecraft:talked_to_villager":26,"minecraft:fly_one_cm":18409,"minecraft:open_chest":56,"minecraft:crouch_one_cm":60525,"minecraft:play_time":59017,"minecraft:deaths":1,"minecraft:sneak_time":16755,"minecraft:boat_one_cm":473,"minecraft:jump":99,"minecraft:total_world_time":59017,"minecraft:fall_one_cm":1258},"minecraft:broken":{"minecraft:stone_pickaxe":1},"minecraft:used":{"minecraft:moss_block":11,"minecraft:cherry_sapling":2,"minecraft:stone_shovel":106,"minecraft:stone_pickaxe":156,"minecraft:chest":1,"minecraft:wooden_shovel":43,"minecraft:torch":4,"minecraft:dirt":107,"minecraft:oak_slab":210,"minecraft:crafting_table":1,"minecraft:mud":4,"minecraft:wooden_axe":15,"minecraft:spruce_sapling":2,"minecraft:gravel":16,"minecraft:stone_axe":110,"minecraft:oak_sapling":4,"minecraft:oak_boat":1},"minecraft:dropped":{"minecraft:stone_axe":2,"minecraft:oak_slab":25,"minecraft:dirt":9,"minecraft:wooden_axe":1,"minecraft:stone_pickaxe":1},"minecraft:picked_up":{"minecraft:mud":40,"minecraft:flint":1,"minecraft:oak_log":91,"minecraft:dirt":242,"minecraft:apple":1,"minecraft:stone_pickaxe":1,"minecraft:moss_block":92,"minecraft:stick":2,"minecraft:oak_slab":8,"minecraft:raw_iron":12,"minecraft:dripstone_block":13,"minecraft:gravel":15,"minecraft:spruce_sapling":8,"minecraft:spruce_log":9,"minecraft:stone_axe":2,"minecraft:cherry_sapling":1,"minecraft:oak_sapling":5,"minecraft:coal":17,"minecraft:cobblestone":94},"minecraft:crafted":{"minecraft:coarse_dirt":4,"minecraft:oak_slab":258,"minecraft:oak_planks":228,"minecraft:wooden_shovel":1,"minecraft:coal":9,"minecraft:stone_shovel":1,"minecraft:crafting_table":1,"minecraft:gravel":4,"minecraft:cherry_sapling":1,"minecraft:stone_axe":1,"minecraft:air":0,"minecraft:oak_boat":1,"minecraft:cobblestone":4,"minecraft:stick":12,"minecraft:iron_ingot":13,"minecraft:stone_pickaxe":3,"minecraft:wooden_axe":1,"minecraft:chest":1,"minecraft:torch":4}},"DataVersion":3953}