{"stats":{"minecraft:crafted":{"minecraft:oak_planks":1508,"minecraft:lightning_rod":1,"minecraft:sand":64,"minecraft:stone":3,"minecraft:lever":1,"minecraft:potato":12,"minecraft:hopper":6,"minecraft:diamond_helmet":1,"minecraft:chest":9,"minecraft:cow_spawn_egg":2,"minecraft:stone_hoe":1,"minecraft:smoker":1,"minecraft:oak_slab":1926,"minecraft:wooden_shovel":1,"minecraft:cooked_porkchop":10,"minecraft:crafting_table":1,"minecraft:gravel":40,"minecraft:baked_potato":56,"minecraft:string":18,"minecraft:diamond_pickaxe":1,"minecraft:emerald_block":4,"minecraft:stick":36,"minecraft:iron_ingot":122,"minecraft:iron_pickaxe":4,"minecraft:gold_ingot":103,"minecraft:shears":1,"minecraft:coarse_dirt":4,"minecraft:cherry_planks":128,"minecraft:coal":9,"minecraft:stone_shovel":1,"minecraft:tripwire_hook":2,"minecraft:cherry_sapling":1,"minecraft:bone_meal":246,"minecraft:diamond_block":2,"minecraft:oak_trapdoor":32,"minecraft:cherry_trapdoor":34,"minecraft:diamond":18,"minecraft:iron_axe":4,"minecraft:slime_ball":8,"minecraft:stone_pickaxe":3,"minecraft:diamond_boots":1,"minecraft:netherite_scrap":47,"minecraft:diamond_sword":2,"minecraft:blue_bed":1,"minecraft:bone":12,"minecraft:stone_axe":2,"minecraft:air":0,"minecraft:blue_dye":1,"minecraft:oak_boat":2,"minecraft:white_wool":2,"minecraft:cobblestone":4,"minecraft:wooden_axe":1,"minecraft:torch":108,"minecraft:carrot":18,"minecraft:clay":19,"minecraft:diamond_chestplate":1},"minecraft:used":{"minecraft:moss_block":12,"minecraft:cherry_sapling":10,"minecraft:purple_candle":4,"minecraft:chest":3,"minecraft:carrot":130,"minecraft:bow":97,"minecraft:oak_sapling":4,"minecraft:potato":26,"minecraft:diamond_boots":1,"minecraft:stone_pickaxe":273,"minecraft:oak_planks":177,"minecraft:blue_bed":2,"minecraft:white_wool":72,"minecraft:dripstone_block":68,"minecraft:shears":80,"minecraft:lightning_rod":1,"minecraft:lever":1,"minecraft:string":3,"minecraft:gravel":16,"minecraft:golden_helmet":1,"minecraft:diamond_sword":181,"minecraft:pufferfish_bucket":3,"minecraft:oak_boat":2,"minecraft:bone_meal":163,"minecraft:oak_trapdoor":2,"minecraft:stone_shovel":131,"minecraft:wooden_shovel":43,"minecraft:stone_hoe":32,"minecraft:torch":103,"minecraft:dirt":352,"minecraft:hopper":6,"minecraft:twisting_vines":1,"minecraft:diamond_helmet":1,"minecraft:wooden_axe":15,"minecraft:iron_axe":570,"minecraft:cherry_slab":5,"minecraft:cherry_trapdoor":1,"minecraft:diamond_chestplate":1,"minecraft:tripwire_hook":2,"minecraft:cobbled_deepslate":57,"minecraft:cherry_log":18,"minecraft:wheat_seeds":13,"minecraft:water_bucket":9,"minecraft:baked_potato":30,"minecraft:cherry_planks":1,"minecraft:oak_slab":2002,"minecraft:crafting_table":1,"minecraft:white_bed":2,"minecraft:spruce_log":10,"minecraft:smoker":1,"minecraft:mud":5,"minecraft:diamond_pickaxe":111,"minecraft:apple":1,"minecraft:iron_pickaxe":439,"minecraft:spruce_sapling":2,"minecraft:stone_axe":219,"minecraft:cobblestone":22,"minecraft:bucket":10,"minecraft:diamond_leggings":1},"minecraft:custom":{"minecraft:animals_bred":1,"minecraft:interact_with_crafting_table":110,"minecraft:leave_game":5,"minecraft:time_since_death":41752,"minecraft:sprint_one_cm":530912,"minecraft:drop":219,"minecraft:talked_to_villager":119,"minecraft:play_time":320728,"minecraft:deaths":11,"minecraft:jump":2359,"minecraft:walk_on_water_one_cm":5532,"minecraft:enchant_item":1,"minecraft:interact_with_furnace":69,"minecraft:traded_with_villager":16,"minecraft:sleep_in_bed":1,"minecraft:damage_dealt":12321,"minecraft:player_kills":3,"minecraft:crouch_one_cm":250949,"minecraft:interact_with_smoker":13,"minecraft:interact_with_smithing_table":3,"minecraft:mob_kills":240,"minecraft:inspect_hopper":1,"minecraft:walk_one_cm":552704,"minecraft:sneak_time":66260,"minecraft:walk_under_water_one_cm":25667,"minecraft:boat_one_cm":643,"minecraft:interact_with_blast_furnace":36,"minecraft:total_world_time":320728,"minecraft:time_since_rest":41781,"minecraft:damage_taken":4572,"minecraft:swim_one_cm":3028,"minecraft:fly_one_cm":530934,"minecraft:open_chest":844,"minecraft:fall_one_cm":17214},"minecraft:broken":{"minecraft:golden_helmet":1,"minecraft:stone_pickaxe":1,"minecraft:stone_axe":1,"minecraft:stone_shovel":1,"minecraft:iron_axe":2},"minecraft:dropped":{"minecraft:soul_sand":2,"minecraft:moss_block":40,"minecraft:brown_mushroom":2,"minecraft:baked_potato":27,"minecraft:warped_roots":1,"minecraft:music_disc_13":3,"minecraft:dirt":43,"minecraft:cherry_trapdoor":34,"minecraft:yellow_dye":1,"minecraft:gold_nugget":77,"minecraft:bone_meal":18,"minecraft:iron_pickaxe":4,"minecraft:music_disc_stal":2,"minecraft:white_wool":10,"minecraft:danger_pottery_sherd":2,"minecraft:gold_ingot":110,"minecraft:bone":35,"minecraft:green_candle":1,"minecraft:music_disc_blocks":6,"minecraft:gravel":37,"minecraft:stone_axe":6,"minecraft:blackstone":1,"minecraft:ancient_debris":2,"minecraft:music_disc_chirp":2,"minecraft:golden_chestplate":1,"minecraft:cobbled_deepslate":8,"minecraft:obsidian":23,"minecraft:rotten_flesh":1,"minecraft:oak_planks":4,"minecraft:glowstone_dust":6,"minecraft:music_disc_far":1,"minecraft:carrot":9,"minecraft:gunpowder":78,"minecraft:melon_seeds":1,"minecraft:hopper":5,"minecraft:leather_boots":1,"minecraft:leather_leggings":1,"minecraft:brown_candle":1,"minecraft:arrow":64,"minecraft:quartz":1,"minecraft:netherrack":4,"minecraft:iron_ingot":35,"minecraft:golden_boots":1,"minecraft:oak_slab":77,"minecraft:golden_helmet":1,"minecraft:dripstone_block":25,"minecraft:poisonous_potato":1,"minecraft:cobblestone":1,"minecraft:lead":1,"minecraft:amethyst_block":7,"minecraft:granite":9,"minecraft:coal":9,"minecraft:stick":4,"minecraft:pufferfish":1,"minecraft:spruce_hanging_sign":1,"minecraft:diorite":3,"minecraft:torch":10,"minecraft:wooden_axe":1,"minecraft:cherry_planks":1,"minecraft:music_disc_ward":3,"minecraft:mud":7,"minecraft:iron_shovel":2,"minecraft:string":4,"minecraft:bucket":1,"minecraft:music_disc_cat":2,"minecraft:spruce_sapling":2,"minecraft:redstone":13,"minecraft:oak_trapdoor":30,"minecraft:raw_copper":28,"minecraft:raw_iron":1,"minecraft:chicken":1,"minecraft:pumpkin_seeds":1,"minecraft:diamond_sword":2,"minecraft:potato":1,"minecraft:diamond_pickaxe":3,"minecraft:andesite":7,"minecraft:golden_leggings":1,"minecraft:oak_sapling":1,"minecraft:golden_sword":1,"minecraft:spider_eye":2,"minecraft:bow":7,"minecraft:stone_pickaxe":3,"minecraft:raw_gold":9,"minecraft:music_disc_mellohi":2,"minecraft:brick":1},"minecraft:killed_by":{"minecraft:creeper":2,"minecraft:zombie":3,"minecraft:player":2,"minecraft:skeleton":1},"minecraft:killed":{"minecraft:zombified_piglin":6,"minecraft:witch":2,"minecraft:spider":9,"minecraft:pufferfish":1,"minecraft:skeleton":73,"minecraft:piglin":2,"minecraft:zombie_villager":1,"minecraft:creeper":67,"minecraft:zombie":53,"minecraft:hoglin":8,"minecraft:villager":8},"minecraft:picked_up":{"minecraft:wheat":8,"minecraft:lead":4,"minecraft:diamond_sword":2,"minecraft:potion":2,"minecraft:enchanted_book":3,"minecraft:golden_sword":2,"minecraft:amethyst_block":34,"minecraft:music_disc_cat":2,"minecraft:string":98,"minecraft:raw_copper":206,"minecraft:pufferfish":1,"minecraft:diamond_leggings":1,"minecraft:gold_nugget":139,"minecraft:cobbled_deepslate":66,"minecraft:bucket":1,"minecraft:iron_pickaxe":3,"minecraft:iron_boots":1,"minecraft:furnace":1,"minecraft:golden_helmet":2,"minecraft:stick":48,"minecraft:music_disc_blocks":8,"minecraft:torch":14,"minecraft:porkchop":22,"minecraft:lightning_rod":1,"minecraft:cherry_log":200,"minecraft:diorite":48,"minecraft:golden_chestplate":1,"minecraft:rotten_flesh":145,"minecraft:music_disc_ward":3,"minecraft:spruce_hanging_sign":1,"minecraft:obsidian":36,"minecraft:cobblestone":407,"minecraft:feather":2,"minecraft:cherry_planks":3,"minecraft:water_bucket":1,"minecraft:andesite":61,"minecraft:golden_leggings":1,"minecraft:potato":45,"minecraft:flint":3,"minecraft:danger_pottery_sherd":2,"minecraft:lapis_lazuli":448,"minecraft:dirt":585,"minecraft:brown_candle":1,"minecraft:twisting_vines":1,"minecraft:leather_boots":1,"minecraft:bone":129,"minecraft:bow":14,"minecraft:wheat_seeds":33,"minecraft:green_candle":1,"minecraft:raw_gold":84,"minecraft:glowstone_dust":72,"minecraft:diamond_helmet":2,"minecraft:moss_block":288,"minecraft:oak_planks":32,"minecraft:music_disc_13":3,"minecraft:poisonous_potato":1,"minecraft:spectral_arrow":29,"minecraft:diamond":55,"minecraft:granite":83,"minecraft:emerald":56,"minecraft:oak_sapling":12,"minecraft:cherry_slab":11,"minecraft:netherrack":75,"minecraft:diamond_pickaxe":9,"minecraft:mud":148,"minecraft:azure_bluet":1,"minecraft:chicken":1,"minecraft:clay_ball":272,"minecraft:leather_leggings":1,"minecraft:brown_mushroom":10,"minecraft:brick":1,"minecraft:cornflower":3,"minecraft:iron_axe":5,"minecraft:flint_and_steel":1,"minecraft:iron_shovel":2,"minecraft:blackstone":52,"minecraft:oak_boat":1,"minecraft:chest":2,"minecraft:raw_iron":154,"minecraft:oak_door":2,"minecraft:music_disc_mellohi":2,"minecraft:carrot":237,"minecraft:redstone":248,"minecraft:purple_candle":3,"minecraft:arrow":492,"minecraft:diamond_chestplate":2,"minecraft:diamond_boots":2,"minecraft:gold_ingot":75,"minecraft:white_wool":91,"minecraft:oxeye_daisy":1,"minecraft:leather":10,"minecraft:yellow_dye":1,"minecraft:music_disc_stal":2,"minecraft:oak_log":251,"minecraft:ancient_debris":36,"minecraft:golden_boots":1,"minecraft:gunpowder":248,"minecraft:blue_bed":1,"minecraft:apple":1,"minecraft:music_disc_far":1,"minecraft:iron_ingot":5,"minecraft:stone_pickaxe":3,"minecraft:soul_sand":32,"minecraft:music_disc_chirp":2,"minecraft:oak_slab":379,"minecraft:quartz":49,"minecraft:dandelion":8,"minecraft:dripstone_block":169,"minecraft:gravel":16,"minecraft:spruce_sapling":20,"minecraft:white_bed":3,"minecraft:spruce_log":103,"minecraft:crying_obsidian":3,"minecraft:spider_eye":8,"minecraft:pumpkin_seeds":1,"minecraft:slime_ball":3,"minecraft:stone_axe":5,"minecraft:cherry_sapling":74,"minecraft:warped_roots":3,"minecraft:baked_potato":122,"minecraft:melon_seeds":1,"minecraft:coal":149,"minecraft:hopper":9,"minecraft:ender_pearl":4},"minecraft:mined":{"minecraft:oak_sapling":2,"minecraft:white_bed":1,"minecraft:cherry_log":225,"minecraft:granite":17,"minecraft:grass_block":282,"minecraft:hopper":1,"minecraft:oxeye_daisy":1,"minecraft:glowstone":2,"minecraft:fire":1,"minecraft:iron_ore":48,"minecraft:cobbled_deepslate":9,"minecraft:deepslate_lapis_ore":2,"minecraft:azure_bluet":1,"minecraft:tripwire":15,"minecraft:deepslate_redstone_ore":5,"minecraft:clay":20,"minecraft:torch":2,"minecraft:nether_quartz_ore":3,"minecraft:cobblestone":8,"minecraft:oak_planks":32,"minecraft:amethyst_block":1,"minecraft:cherry_slab":3,"minecraft:deepslate_copper_ore":1,"minecraft:seagrass":2,"minecraft:mud":77,"minecraft:wheat":12,"minecraft:oak_log":183,"minecraft:dirt":92,"minecraft:ancient_debris":2,"minecraft:netherrack":1,"minecraft:oak_leaves":71,"minecraft:deepslate":1,"minecraft:deepslate_diamond_ore":4,"minecraft:oak_door":2,"minecraft:cherry_sapling":6,"minecraft:purple_candle":3,"minecraft:spruce_leaves":129,"minecraft:moss_block":155,"minecraft:redstone_ore":5,"minecraft:spruce_sapling":1,"minecraft:furnace":1,"minecraft:carrots":87,"minecraft:andesite":19,"minecraft:potatoes":13,"minecraft:deepslate_iron_ore":5,"minecraft:stone":169,"minecraft:white_wool":103,"minecraft:oak_slab":127,"minecraft:cherry_planks":1,"minecraft:soul_sand":1,"minecraft:dandelion":7,"minecraft:cornflower":2,"minecraft:short_grass":8,"minecraft:lightning_rod":1,"minecraft:tall_grass":30,"minecraft:copper_ore":7,"minecraft:deepslate_coal_ore":4,"minecraft:deepslate_gold_ore":5,"minecraft:lapis_ore":6,"minecraft:diorite":15,"minecraft:spruce_log":109,"minecraft:coal_ore":42,"minecraft:dripstone_block":75,"minecraft:cherry_leaves":22,"minecraft:pink_stained_glass_pane":1,"minecraft:gravel":19,"minecraft:gold_ore":2,"minecraft:deepslate_emerald_ore":5}},"DataVersion":3953}