{"stats":{"minecraft:crafted":{"minecraft:oak_planks":56,"minecraft:wind_charge":8,"minecraft:furnace":1,"minecraft:bow":1,"minecraft:iron_boots":1,"minecraft:iron_axe":1,"minecraft:stone_pickaxe":2,"minecraft:chest":1,"minecraft:wheat":18,"minecraft:cooked_beef":19,"minecraft:cooked_porkchop":22,"minecraft:crafting_table":2,"minecraft:wooden_pickaxe":1,"minecraft:iron_helmet":1,"minecraft:iron_sword":1,"minecraft:stone_axe":2,"minecraft:bread":6,"minecraft:air":0,"minecraft:white_wool":7,"minecraft:iron_chestplate":1,"minecraft:diamond_pickaxe":1,"minecraft:shield":1,"minecraft:stick":20,"minecraft:iron_ingot":45,"minecraft:iron_pickaxe":1,"minecraft:iron_leggings":1,"minecraft:white_bed":2},"minecraft:used":{"minecraft:poppy":2,"minecraft:decorated_pot":2,"minecraft:chest":1,"minecraft:shield":32,"minecraft:iron_sword":204,"minecraft:cooked_chicken":1,"minecraft:trial_key":4,"minecraft:torch":7,"minecraft:dirt":3,"minecraft:carrot":11,"minecraft:honey_bottle":6,"minecraft:iron_axe":5,"minecraft:iron_helmet":1,"minecraft:bow":2,"minecraft:furnace":6,"minecraft:oak_sapling":1,"minecraft:egg":1,"minecraft:potato":6,"minecraft:cooked_beef":10,"minecraft:cobbled_deepslate":45,"minecraft:iron_leggings":1,"minecraft:wheat_seeds":17,"minecraft:diorite":7,"minecraft:stone_pickaxe":147,"minecraft:oak_planks":10,"minecraft:wooden_pickaxe":36,"minecraft:golden_apple":1,"minecraft:crafting_table":8,"minecraft:white_bed":2,"minecraft:cake":1,"minecraft:diamond_pickaxe":27,"minecraft:apple":1,"minecraft:wind_charge":8,"minecraft:bread":9,"minecraft:iron_pickaxe":123,"minecraft:stone_axe":87,"minecraft:potion":1,"minecraft:cobblestone":51,"minecraft:cooked_porkchop":24,"minecraft:candle":3,"minecraft:dandelion":4},"minecraft:custom":{"minecraft:mob_kills":144,"minecraft:interact_with_crafting_table":32,"minecraft:open_barrel":9,"minecraft:leave_game":1,"minecraft:time_since_death":81777,"minecraft:climb_one_cm":5082,"minecraft:sprint_one_cm":399097,"minecraft:walk_one_cm":181932,"minecraft:damage_blocked_by_shield":1480,"minecraft:drop":89,"minecraft:play_time":96822,"minecraft:deaths":1,"minecraft:sneak_time":6904,"minecraft:walk_under_water_one_cm":2228,"minecraft:jump":1926,"minecraft:walk_on_water_one_cm":21310,"minecraft:total_world_time":96822,"minecraft:interact_with_furnace":69,"minecraft:sleep_in_bed":13,"minecraft:time_since_rest":7940,"minecraft:damage_taken":3746,"minecraft:damage_absorbed":40,"minecraft:damage_dealt":12331,"minecraft:swim_one_cm":19713,"minecraft:fly_one_cm":344942,"minecraft:open_chest":23,"minecraft:crouch_one_cm":17544,"minecraft:fall_one_cm":70048,"minecraft:inspect_dispenser":1},"minecraft:broken":{"minecraft:stone_pickaxe":1},"minecraft:dropped":{"minecraft:enchanted_book":1,"minecraft:water_bucket":1,"minecraft:wheat_seeds":3,"minecraft:lapis_lazuli":1,"minecraft:glass_bottle":3,"minecraft:diamond":11,"minecraft:crafting_table":1,"minecraft:dripstone_block":1,"minecraft:cooked_porkchop":8,"minecraft:iron_helmet":1,"minecraft:cobblestone":325,"minecraft:waxed_copper_grate":2,"minecraft:honeycomb":4,"minecraft:granite":23,"minecraft:grass_block":1,"minecraft:golden_apple":1,"minecraft:dirt":10,"minecraft:diorite":1,"minecraft:torch":48,"minecraft:mutton":26,"minecraft:scrape_pottery_sherd":2,"minecraft:waxed_copper_bulb":3,"minecraft:iron_axe":1,"minecraft:iron_pickaxe":2,"minecraft:stripped_oak_wood":1,"minecraft:stone_axe":2,"minecraft:tuff_bricks":6,"minecraft:sugar_cane":15,"minecraft:cobbled_deepslate":113,"minecraft:raw_copper":9,"minecraft:wheat":2,"minecraft:raw_iron":48,"minecraft:rotten_flesh":15,"minecraft:oak_planks":18,"minecraft:golden_shovel":1,"minecraft:shield":1,"minecraft:gunpowder":6,"minecraft:trial_key":3,"minecraft:iron_chestplate":1,"minecraft:andesite":35,"minecraft:spider_eye":2,"minecraft:beef":42,"minecraft:stone_pickaxe":1,"minecraft:brick":8,"minecraft:egg":3},"minecraft:killed":{"minecraft:cave_spider":2,"minecraft:spider":23,"minecraft:slime":82,"minecraft:skeleton":10,"minecraft:pig":11,"minecraft:iron_golem":1,"minecraft:sheep":4,"minecraft:zombie":7,"minecraft:breeze":1,"minecraft:cow":3},"minecraft:picked_up":{"minecraft:iron_chestplate":3,"minecraft:crafting_table":9,"minecraft:wheat":2,"minecraft:enchanted_book":2,"minecraft:potion":3,"minecraft:golden_shovel":2,"minecraft:shield":1,"minecraft:brick":14,"minecraft:string":39,"minecraft:raw_copper":9,"minecraft:iron_axe":1,"minecraft:iron_leggings":1,"minecraft:candle":3,"minecraft:cobbled_deepslate":252,"minecraft:beef":68,"minecraft:trial_key":7,"minecraft:poppy":2,"minecraft:iron_pickaxe":2,"minecraft:sugar_cane":38,"minecraft:furnace":7,"minecraft:egg":4,"minecraft:tipped_arrow":9,"minecraft:raw_iron":110,"minecraft:stick":2,"minecraft:torch":60,"minecraft:porkchop":22,"minecraft:waxed_copper_grate":2,"minecraft:diorite":8,"minecraft:carrot":11,"minecraft:stone_sword":1,"minecraft:honey_bottle":4,"minecraft:arrow":33,"minecraft:rotten_flesh":15,"minecraft:decorated_pot":2,"minecraft:hay_block":2,"minecraft:tuff_bricks":6,"minecraft:mutton":46,"minecraft:rail":1,"minecraft:white_wool":11,"minecraft:cobblestone":576,"minecraft:cooked_beef":2,"minecraft:water_bucket":2,"minecraft:andesite":35,"minecraft:leather":8,"minecraft:potato":6,"minecraft:waxed_copper_bulb":4,"minecraft:oak_log":20,"minecraft:yellow_bed":1,"minecraft:lapis_lazuli":108,"minecraft:dirt":13,"minecraft:bone":13,"minecraft:apple":1,"minecraft:wheat_seeds":20,"minecraft:raw_gold":14,"minecraft:iron_ingot":12,"minecraft:stone_pickaxe":2,"minecraft:cooked_chicken":1,"minecraft:guster_banner_pattern":1,"minecraft:stripped_oak_wood":1,"minecraft:honeycomb":4,"minecraft:scrape_pottery_sherd":2,"minecraft:oak_planks":34,"minecraft:cooked_porkchop":10,"minecraft:dandelion":4,"minecraft:dripstone_block":1,"minecraft:grass_block":1,"minecraft:spider_eye":13,"minecraft:slime_ball":68,"minecraft:diamond":20,"minecraft:stone_axe":2,"minecraft:iron_helmet":2,"minecraft:breeze_rod":2,"minecraft:granite":23,"minecraft:emerald":5,"minecraft:baked_potato":4,"minecraft:oak_sapling":1,"minecraft:coal":112},"minecraft:mined":{"minecraft:diamond_ore":2,"minecraft:deepslate_diamond_ore":9,"minecraft:candle":1,"minecraft:glow_lichen":1,"minecraft:granite":3,"minecraft:grass_block":2,"minecraft:decorated_pot":4,"minecraft:tuff_bricks":3,"minecraft:spawner":3,"minecraft:tall_seagrass":1,"minecraft:furnace":5,"minecraft:carrots":8,"minecraft:waxed_copper_grate":3,"minecraft:iron_ore":31,"minecraft:andesite":2,"minecraft:deepslate_lapis_ore":11,"minecraft:potatoes":6,"minecraft:deepslate_iron_ore":37,"minecraft:stone":112,"minecraft:dandelion":4,"minecraft:crafting_table":5,"minecraft:short_grass":25,"minecraft:poppy":1,"minecraft:cobblestone":12,"minecraft:tall_grass":5,"minecraft:deepslate_gold_ore":5,"minecraft:oak_planks":2,"minecraft:sugar_cane":3,"minecraft:diorite":7,"minecraft:wall_torch":5,"minecraft:waxed_copper_bulb":1,"minecraft:wheat":15,"minecraft:stripped_oak_wood":1,"minecraft:yellow_bed":1,"minecraft:oak_log":13,"minecraft:coal_ore":54,"minecraft:dripstone_block":2,"minecraft:dirt":11,"minecraft:cobweb":9,"minecraft:oak_leaves":19,"minecraft:deepslate":18}},"DataVersion":3953}