{"stats":{"minecraft:crafted":{"minecraft:coarse_dirt":4,"minecraft:oak_slab":354,"minecraft:oak_planks":228,"minecraft:wooden_shovel":1,"minecraft:stone_shovel":1,"minecraft:coal":9,"minecraft:crafting_table":1,"minecraft:gravel":4,"minecraft:sand":64,"minecraft:cherry_sapling":1,"minecraft:bone_meal":27,"minecraft:bone":12,"minecraft:stone_axe":2,"minecraft:air":0,"minecraft:oak_boat":1,"minecraft:cobblestone":4,"minecraft:iron_axe":1,"minecraft:slime_ball":8,"minecraft:stick":12,"minecraft:iron_ingot":55,"minecraft:iron_pickaxe":3,"minecraft:stone_pickaxe":3,"minecraft:wooden_axe":1,"minecraft:chest":1,"minecraft:gold_ingot":5,"minecraft:torch":12,"minecraft:stone_hoe":1,"minecraft:carrot":18,"minecraft:clay":19},"minecraft:used":{"minecraft:moss_block":11,"minecraft:cherry_sapling":10,"minecraft:water_bucket":5,"minecraft:stone_shovel":131,"minecraft:stone_pickaxe":273,"minecraft:chest":1,"minecraft:wooden_shovel":43,"minecraft:stone_hoe":32,"minecraft:torch":12,"minecraft:dirt":213,"minecraft:oak_slab":280,"minecraft:crafting_table":1,"minecraft:carrot":38,"minecraft:mud":4,"minecraft:wooden_axe":15,"minecraft:iron_axe":88,"minecraft:iron_pickaxe":416,"minecraft:spruce_sapling":2,"minecraft:gravel":16,"minecraft:stone_axe":219,"minecraft:pufferfish_bucket":2,"minecraft:oak_sapling":4,"minecraft:bucket":5,"minecraft:oak_boat":1,"minecraft:bone_meal":27},"minecraft:custom":{"minecraft:interact_with_furnace":46,"minecraft:traded_with_villager":10,"minecraft:interact_with_crafting_table":42,"minecraft:leave_game":1,"minecraft:time_since_death":28517,"minecraft:time_since_rest":28550,"minecraft:sprint_one_cm":91452,"minecraft:damage_taken":711,"minecraft:walk_one_cm":146820,"minecraft:drop":21,"minecraft:damage_dealt":427,"minecraft:player_kills":1,"minecraft:talked_to_villager":55,"minecraft:fly_one_cm":86039,"minecraft:open_chest":226,"minecraft:crouch_one_cm":82654,"minecraft:play_time":112158,"minecraft:deaths":3,"minecraft:sneak_time":23598,"minecraft:walk_under_water_one_cm":2754,"minecraft:boat_one_cm":473,"minecraft:jump":340,"minecraft:walk_on_water_one_cm":755,"minecraft:total_world_time":112158,"minecraft:fall_one_cm":2514},"minecraft:broken":{"minecraft:stone_pickaxe":1,"minecraft:stone_axe":1,"minecraft:stone_shovel":1},"minecraft:dropped":{"minecraft:stone_axe":5,"minecraft:oak_slab":25,"minecraft:granite":1,"minecraft:coal":1,"minecraft:dirt":9,"minecraft:diorite":1,"minecraft:wooden_axe":1,"minecraft:mud":3,"minecraft:stone_pickaxe":3,"minecraft:iron_pickaxe":4},"minecraft:killed_by":{"minecraft:player":1},"minecraft:picked_up":{"minecraft:mud":84,"minecraft:andesite":17,"minecraft:clay_ball":92,"minecraft:flint":1,"minecraft:oak_log":171,"minecraft:lapis_lazuli":66,"minecraft:dirt":372,"minecraft:raw_copper":34,"minecraft:apple":1,"minecraft:cobbled_deepslate":1,"minecraft:raw_gold":5,"minecraft:stone_pickaxe":3,"minecraft:iron_pickaxe":3,"minecraft:moss_block":160,"minecraft:oak_slab":11,"minecraft:stick":24,"minecraft:raw_iron":67,"minecraft:torch":1,"minecraft:dripstone_block":67,"minecraft:gravel":15,"minecraft:carrot":27,"minecraft:cherry_log":63,"minecraft:spruce_sapling":11,"minecraft:diorite":18,"minecraft:spruce_log":10,"minecraft:redstone":45,"minecraft:diamond":2,"minecraft:stone_axe":4,"minecraft:granite":22,"minecraft:cherry_sapling":26,"minecraft:emerald":2,"minecraft:oak_sapling":10,"minecraft:coal":62,"minecraft:cobblestone":225},"minecraft:mined":{"minecraft:deepslate_redstone_ore":2,"minecraft:oak_slab":14,"minecraft:oak_sapling":2,"minecraft:deepslate_diamond_ore":1,"minecraft:cherry_log":69,"minecraft:cherry_sapling":5,"minecraft:clay":17,"minecraft:torch":1,"minecraft:granite":14,"minecraft:grass_block":271,"minecraft:copper_ore":7,"minecraft:deepslate_gold_ore":2,"minecraft:spruce_leaves":122,"minecraft:lapis_ore":6,"minecraft:moss_block":140,"minecraft:diorite":14,"minecraft:deepslate_copper_ore":1,"minecraft:redstone_ore":5,"minecraft:carrots":8,"minecraft:mud":71,"minecraft:iron_ore":48,"minecraft:spruce_log":10,"minecraft:andesite":13,"minecraft:deepslate_lapis_ore":1,"minecraft:oak_log":175,"minecraft:coal_ore":42,"minecraft:deepslate_iron_ore":1,"minecraft:cherry_leaves":13,"minecraft:dirt":73,"minecraft:gravel":16,"minecraft:dripstone_block":49,"minecraft:stone":159,"minecraft:gold_ore":2,"minecraft:deepslate_emerald_ore":1,"minecraft:oak_leaves":67,"minecraft:deepslate":1}},"DataVersion":3953}