{"stats":{"minecraft:crafted":{"minecraft:cooked_beef":2,"minecraft:oak_planks":44,"minecraft:cooked_porkchop":22,"minecraft:crafting_table":1,"minecraft:wooden_pickaxe":1,"minecraft:iron_helmet":1,"minecraft:iron_sword":1,"minecraft:furnace":1,"minecraft:stone_axe":2,"minecraft:air":0,"minecraft:diamond_pickaxe":1,"minecraft:iron_boots":1,"minecraft:iron_chestplate":1,"minecraft:shield":1,"minecraft:iron_axe":1,"minecraft:stick":20,"minecraft:iron_ingot":36,"minecraft:iron_pickaxe":1,"minecraft:stone_pickaxe":2,"minecraft:iron_leggings":1},"minecraft:used":{"minecraft:wheat_seeds":17,"minecraft:diorite":7,"minecraft:oak_planks":2,"minecraft:stone_pickaxe":147,"minecraft:poppy":2,"minecraft:shield":20,"minecraft:wooden_pickaxe":36,"minecraft:iron_sword":11,"minecraft:torch":6,"minecraft:dirt":3,"minecraft:crafting_table":5,"minecraft:carrot":10,"minecraft:diamond_pickaxe":5,"minecraft:apple":1,"minecraft:iron_axe":1,"minecraft:iron_pickaxe":123,"minecraft:iron_helmet":1,"minecraft:stone_axe":87,"minecraft:cobblestone":25,"minecraft:oak_sapling":1,"minecraft:furnace":5,"minecraft:cooked_porkchop":22,"minecraft:egg":1,"minecraft:iron_leggings":1,"minecraft:cooked_beef":2,"minecraft:potato":6,"minecraft:cobbled_deepslate":45,"minecraft:dandelion":4},"minecraft:custom":{"minecraft:interact_with_furnace":58,"minecraft:mob_kills":34,"minecraft:interact_with_crafting_table":24,"minecraft:leave_game":1,"minecraft:time_since_death":45777,"minecraft:sleep_in_bed":2,"minecraft:climb_one_cm":962,"minecraft:time_since_rest":45810,"minecraft:sprint_one_cm":228815,"minecraft:damage_taken":2151,"minecraft:walk_one_cm":79622,"minecraft:damage_blocked_by_shield":1225,"minecraft:drop":47,"minecraft:damage_dealt":5598,"minecraft:swim_one_cm":12650,"minecraft:fly_one_cm":247049,"minecraft:open_chest":4,"minecraft:crouch_one_cm":11692,"minecraft:play_time":60822,"minecraft:deaths":1,"minecraft:sneak_time":4901,"minecraft:walk_under_water_one_cm":653,"minecraft:jump":1418,"minecraft:walk_on_water_one_cm":8008,"minecraft:total_world_time":60822,"minecraft:fall_one_cm":53505},"minecraft:broken":{"minecraft:stone_pickaxe":1},"minecraft:dropped":{"minecraft:stone_axe":1,"minecraft:tuff_bricks":6,"minecraft:wheat_seeds":1,"minecraft:lapis_lazuli":1,"minecraft:cobbled_deepslate":83,"minecraft:raw_copper":9,"minecraft:diamond":2,"minecraft:dripstone_block":1,"minecraft:cooked_porkchop":8,"minecraft:wheat":2,"minecraft:raw_iron":48,"minecraft:cobblestone":197,"minecraft:rotten_flesh":11,"minecraft:granite":21,"minecraft:grass_block":1,"minecraft:golden_apple":1,"minecraft:dirt":10,"minecraft:gunpowder":6,"minecraft:diorite":1,"minecraft:torch":48,"minecraft:mutton":13,"minecraft:andesite":35,"minecraft:waxed_copper_bulb":2,"minecraft:stone_pickaxe":1,"minecraft:iron_pickaxe":2,"minecraft:beef":21,"minecraft:stripped_oak_wood":1,"minecraft:egg":1},"minecraft:killed":{"minecraft:pig":11,"minecraft:iron_golem":1,"minecraft:sheep":4,"minecraft:skeleton":9,"minecraft:zombie":6,"minecraft:cow":3},"minecraft:picked_up":{"minecraft:crafting_table":6,"minecraft:wheat":2,"minecraft:andesite":35,"minecraft:leather":8,"minecraft:potato":6,"minecraft:waxed_copper_bulb":2,"minecraft:oak_log":17,"minecraft:yellow_bed":1,"minecraft:lapis_lazuli":108,"minecraft:dirt":13,"minecraft:raw_copper":9,"minecraft:bone":11,"minecraft:apple":1,"minecraft:wheat_seeds":18,"minecraft:cobbled_deepslate":128,"minecraft:raw_gold":14,"minecraft:stone_pickaxe":1,"minecraft:beef":26,"minecraft:iron_ingot":5,"minecraft:iron_pickaxe":1,"minecraft:stripped_oak_wood":1,"minecraft:poppy":2,"minecraft:sugar_cane":23,"minecraft:oak_planks":13,"minecraft:egg":2,"minecraft:furnace":6,"minecraft:stick":2,"minecraft:raw_iron":99,"minecraft:cooked_porkchop":10,"minecraft:torch":13,"minecraft:dandelion":4,"minecraft:dripstone_block":1,"minecraft:porkchop":22,"minecraft:diorite":8,"minecraft:grass_block":1,"minecraft:carrot":11,"minecraft:arrow":10,"minecraft:rotten_flesh":13,"minecraft:diamond":11,"minecraft:granite":21,"minecraft:tuff_bricks":6,"minecraft:oak_sapling":1,"minecraft:mutton":20,"minecraft:coal":112,"minecraft:white_wool":11,"minecraft:cobblestone":250},"minecraft:mined":{"minecraft:diamond_ore":2,"minecraft:deepslate_diamond_ore":9,"minecraft:dandelion":4,"minecraft:crafting_table":5,"minecraft:glow_lichen":1,"minecraft:granite":2,"minecraft:short_grass":25,"minecraft:grass_block":2,"minecraft:poppy":1,"minecraft:tall_grass":5,"minecraft:cobblestone":12,"minecraft:deepslate_gold_ore":5,"minecraft:sugar_cane":3,"minecraft:diorite":7,"minecraft:tuff_bricks":3,"minecraft:wall_torch":5,"minecraft:spawner":1,"minecraft:waxed_copper_bulb":1,"minecraft:tall_seagrass":1,"minecraft:furnace":5,"minecraft:carrots":8,"minecraft:iron_ore":27,"minecraft:wheat":15,"minecraft:andesite":2,"minecraft:stripped_oak_wood":1,"minecraft:deepslate_lapis_ore":11,"minecraft:yellow_bed":1,"minecraft:coal_ore":54,"minecraft:potatoes":6,"minecraft:oak_log":11,"minecraft:deepslate_iron_ore":33,"minecraft:dripstone_block":2,"minecraft:dirt":11,"minecraft:stone":104,"minecraft:deepslate":18,"minecraft:oak_leaves":18}},"DataVersion":3953}