{"stats":{"minecraft:mined":{"minecraft:grass_block":39,"minecraft:moss_block":4,"minecraft:dirt":3},"minecraft:custom":{"minecraft:jump":2,"minecraft:time_since_rest":5017,"minecraft:crouch_one_cm":9125,"minecraft:leave_game":1,"minecraft:play_time":5017,"minecraft:damage_taken":20,"minecraft:time_since_death":5017,"minecraft:walk_one_cm":1277,"minecraft:sneak_time":2279,"minecraft:total_world_time":5017,"minecraft:fall_one_cm":422},"minecraft:used":{"minecraft:dirt":30},"minecraft:picked_up":{"minecraft:moss_block":4,"minecraft:dirt":39}},"DataVersion":3953}