{"stats":{"minecraft:crafted":{"minecraft:coarse_dirt":4,"minecraft:oak_planks":824,"minecraft:coal":9,"minecraft:stone_shovel":1,"minecraft:tripwire_hook":2,"minecraft:sand":64,"minecraft:stone":3,"minecraft:cherry_sapling":1,"minecraft:bone_meal":57,"minecraft:lever":1,"minecraft:diamond_block":2,"minecraft:oak_trapdoor":2,"minecraft:diamond":18,"minecraft:iron_axe":2,"minecraft:slime_ball":8,"minecraft:stone_pickaxe":3,"minecraft:chest":1,"minecraft:stone_hoe":1,"minecraft:oak_slab":786,"minecraft:wooden_shovel":1,"minecraft:crafting_table":1,"minecraft:gravel":4,"minecraft:blue_bed":1,"minecraft:bone":12,"minecraft:stone_axe":2,"minecraft:air":0,"minecraft:blue_dye":1,"minecraft:oak_boat":1,"minecraft:string":18,"minecraft:white_wool":2,"minecraft:emerald_block":4,"minecraft:cobblestone":4,"minecraft:stick":12,"minecraft:iron_pickaxe":4,"minecraft:iron_ingot":69,"minecraft:wooden_axe":1,"minecraft:gold_ingot":12,"minecraft:torch":12,"minecraft:carrot":18,"minecraft:shears":1,"minecraft:clay":19},"minecraft:used":{"minecraft:moss_block":11,"minecraft:oak_trapdoor":2,"minecraft:cherry_sapling":10,"minecraft:stone_shovel":131,"minecraft:chest":1,"minecraft:wooden_shovel":43,"minecraft:stone_hoe":32,"minecraft:torch":13,"minecraft:dirt":277,"minecraft:carrot":62,"minecraft:wooden_axe":15,"minecraft:iron_axe":316,"minecraft:tripwire_hook":2,"minecraft:oak_sapling":4,"minecraft:cherry_log":18,"minecraft:water_bucket":7,"minecraft:stone_pickaxe":273,"minecraft:oak_planks":40,"minecraft:blue_bed":1,"minecraft:oak_slab":819,"minecraft:crafting_table":1,"minecraft:shears":1,"minecraft:mud":4,"minecraft:lever":1,"minecraft:string":2,"minecraft:iron_pickaxe":439,"minecraft:spruce_sapling":2,"minecraft:gravel":16,"minecraft:stone_axe":219,"minecraft:pufferfish_bucket":2,"minecraft:bucket":7,"minecraft:oak_boat":1,"minecraft:bone_meal":57},"minecraft:custom":{"minecraft:mob_kills":10,"minecraft:animals_bred":1,"minecraft:interact_with_crafting_table":70,"minecraft:leave_game":1,"minecraft:time_since_death":10390,"minecraft:sprint_one_cm":251119,"minecraft:walk_one_cm":255637,"minecraft:drop":23,"minecraft:talked_to_villager":85,"minecraft:play_time":172158,"minecraft:deaths":6,"minecraft:sneak_time":35543,"minecraft:walk_under_water_one_cm":2754,"minecraft:boat_one_cm":473,"minecraft:jump":893,"minecraft:interact_with_blast_furnace":3,"minecraft:walk_on_water_one_cm":1698,"minecraft:total_world_time":172158,"minecraft:interact_with_furnace":57,"minecraft:traded_with_villager":12,"minecraft:time_since_rest":10421,"minecraft:damage_taken":1536,"minecraft:damage_dealt":2367,"minecraft:fly_one_cm":222848,"minecraft:player_kills":1,"minecraft:open_chest":405,"minecraft:crouch_one_cm":129992,"minecraft:fall_one_cm":5480},"minecraft:broken":{"minecraft:stone_pickaxe":1,"minecraft:iron_axe":1,"minecraft:stone_axe":1,"minecraft:stone_shovel":1},"minecraft:dropped":{"minecraft:oak_slab":25,"minecraft:granite":1,"minecraft:coal":1,"minecraft:dirt":9,"minecraft:diorite":1,"minecraft:wooden_axe":1,"minecraft:mud":3,"minecraft:iron_pickaxe":4,"minecraft:bucket":1,"minecraft:bone":15,"minecraft:stone_axe":5,"minecraft:stone_pickaxe":3},"minecraft:killed":{"minecraft:spider":2,"minecraft:creeper":1,"minecraft:zombie":4,"minecraft:villager":1},"minecraft:killed_by":{"minecraft:player":1,"minecraft:creeper":1,"minecraft:zombie":1},"minecraft:picked_up":{"minecraft:mud":89,"minecraft:clay_ball":108,"minecraft:lead":2,"minecraft:string":26,"minecraft:raw_copper":53,"minecraft:iron_axe":1,"minecraft:cobbled_deepslate":4,"minecraft:bucket":1,"minecraft:iron_pickaxe":3,"minecraft:stick":41,"minecraft:raw_iron":70,"minecraft:torch":1,"minecraft:cherry_log":200,"minecraft:diorite":23,"minecraft:carrot":44,"minecraft:redstone":55,"minecraft:rotten_flesh":4,"minecraft:cobblestone":237,"minecraft:andesite":22,"minecraft:leather":1,"minecraft:flint":1,"minecraft:oak_log":177,"minecraft:gunpowder":1,"minecraft:lapis_lazuli":103,"minecraft:dirt":394,"minecraft:apple":1,"minecraft:raw_gold":28,"minecraft:stone_pickaxe":3,"minecraft:glowstone_dust":4,"minecraft:moss_block":166,"minecraft:oak_planks":12,"minecraft:soul_sand":1,"minecraft:oak_slab":25,"minecraft:dripstone_block":71,"minecraft:gravel":15,"minecraft:spruce_sapling":13,"minecraft:white_bed":1,"minecraft:spruce_log":10,"minecraft:spider_eye":2,"minecraft:stone_axe":4,"minecraft:diamond":7,"minecraft:granite":24,"minecraft:cherry_sapling":74,"minecraft:emerald":6,"minecraft:oak_sapling":10,"minecraft:coal":64,"minecraft:diamond_pickaxe":1},"minecraft:mined":{"minecraft:white_bed":1,"minecraft:oak_sapling":2,"minecraft:deepslate_diamond_ore":3,"minecraft:cherry_log":225,"minecraft:cherry_sapling":6,"minecraft:granite":14,"minecraft:grass_block":275,"minecraft:spruce_leaves":125,"minecraft:moss_block":140,"minecraft:redstone_ore":5,"minecraft:glowstone":1,"minecraft:carrots":20,"minecraft:iron_ore":48,"minecraft:andesite":14,"minecraft:deepslate_lapis_ore":1,"minecraft:deepslate_iron_ore":3,"minecraft:stone":163,"minecraft:deepslate_redstone_ore":3,"minecraft:oak_slab":45,"minecraft:soul_sand":1,"minecraft:clay":18,"minecraft:torch":1,"minecraft:copper_ore":7,"minecraft:deepslate_coal_ore":1,"minecraft:lapis_ore":6,"minecraft:deepslate_gold_ore":4,"minecraft:oak_planks":12,"minecraft:diorite":15,"minecraft:deepslate_copper_ore":1,"minecraft:mud":74,"minecraft:spruce_log":10,"minecraft:coal_ore":42,"minecraft:oak_log":178,"minecraft:dripstone_block":50,"minecraft:cherry_leaves":22,"minecraft:gravel":16,"minecraft:dirt":74,"minecraft:gold_ore":2,"minecraft:oak_leaves":67,"minecraft:deepslate_emerald_ore":2,"minecraft:deepslate":1}},"DataVersion":3953}