{"stats":{"minecraft:crafted":{"minecraft:coarse_dirt":4,"minecraft:oak_slab":258,"minecraft:oak_planks":228,"minecraft:wooden_shovel":1,"minecraft:stone_shovel":1,"minecraft:coal":9,"minecraft:crafting_table":1,"minecraft:gravel":4,"minecraft:cherry_sapling":1,"minecraft:stone_axe":1,"minecraft:air":0,"minecraft:oak_boat":1,"minecraft:cobblestone":4,"minecraft:slime_ball":8,"minecraft:stick":12,"minecraft:iron_ingot":43,"minecraft:iron_pickaxe":1,"minecraft:stone_pickaxe":3,"minecraft:wooden_axe":1,"minecraft:chest":1,"minecraft:torch":4},"minecraft:used":{"minecraft:moss_block":11,"minecraft:cherry_sapling":2,"minecraft:stone_shovel":131,"minecraft:stone_pickaxe":273,"minecraft:chest":1,"minecraft:wooden_shovel":43,"minecraft:torch":4,"minecraft:dirt":107,"minecraft:oak_slab":210,"minecraft:crafting_table":1,"minecraft:mud":4,"minecraft:wooden_axe":15,"minecraft:iron_pickaxe":100,"minecraft:spruce_sapling":2,"minecraft:gravel":16,"minecraft:stone_axe":132,"minecraft:oak_sapling":4,"minecraft:oak_boat":1},"minecraft:custom":{"minecraft:interact_with_furnace":23,"minecraft:traded_with_villager":4,"minecraft:interact_with_crafting_table":27,"minecraft:leave_game":1,"minecraft:time_since_death":5197,"minecraft:time_since_rest":5225,"minecraft:sprint_one_cm":31589,"minecraft:damage_taken":496,"minecraft:walk_one_cm":75272,"minecraft:drop":10,"minecraft:talked_to_villager":33,"minecraft:fly_one_cm":25018,"minecraft:open_chest":81,"minecraft:crouch_one_cm":62708,"minecraft:play_time":70158,"minecraft:deaths":2,"minecraft:sneak_time":17648,"minecraft:boat_one_cm":473,"minecraft:jump":127,"minecraft:total_world_time":70158,"minecraft:fall_one_cm":1678},"minecraft:broken":{"minecraft:stone_pickaxe":1,"minecraft:stone_axe":1,"minecraft:stone_shovel":1},"minecraft:dropped":{"minecraft:stone_axe":3,"minecraft:oak_slab":25,"minecraft:dirt":9,"minecraft:wooden_axe":1,"minecraft:stone_pickaxe":3,"minecraft:iron_pickaxe":1},"minecraft:picked_up":{"minecraft:mud":54,"minecraft:flint":1,"minecraft:oak_log":118,"minecraft:dirt":286,"minecraft:apple":1,"minecraft:stone_pickaxe":3,"minecraft:iron_pickaxe":1,"minecraft:moss_block":126,"minecraft:oak_slab":8,"minecraft:stick":4,"minecraft:raw_iron":30,"minecraft:dripstone_block":31,"minecraft:gravel":15,"minecraft:spruce_sapling":9,"minecraft:spruce_log":10,"minecraft:stone_axe":3,"minecraft:cherry_sapling":1,"minecraft:oak_sapling":6,"minecraft:coal":34,"minecraft:cobblestone":149},"minecraft:mined":{"minecraft:oak_slab":10,"minecraft:oak_sapling":2,"minecraft:cherry_sapling":1,"minecraft:grass_block":217,"minecraft:spruce_leaves":96,"minecraft:moss_block":114,"minecraft:mud":49,"minecraft:iron_ore":23,"minecraft:spruce_log":10,"minecraft:oak_log":117,"minecraft:coal_ore":26,"minecraft:dirt":60,"minecraft:gravel":16,"minecraft:dripstone_block":25,"minecraft:stone":110,"minecraft:oak_leaves":41}},"DataVersion":3953}