{"stats":{"minecraft:mined":{"minecraft:oak_slab":6,"minecraft:mud":11,"minecraft:grass_block":104,"minecraft:oak_log":39,"minecraft:gravel":16,"minecraft:dirt":42,"minecraft:spruce_leaves":5,"minecraft:moss_block":43,"minecraft:oak_leaves":4},"minecraft:custom":{"minecraft:time_since_rest":25577,"minecraft:interact_with_furnace":1,"minecraft:sprint_one_cm":11253,"minecraft:damage_taken":270,"minecraft:walk_one_cm":28294,"minecraft:drop":2,"minecraft:traded_with_villager":1,"minecraft:interact_with_crafting_table":17,"minecraft:talked_to_villager":10,"minecraft:fly_one_cm":5278,"minecraft:open_chest":19,"minecraft:crouch_one_cm":47172,"minecraft:play_time":35017,"minecraft:deaths":1,"minecraft:sneak_time":13112,"minecraft:boat_one_cm":473,"minecraft:jump":39,"minecraft:leave_game":1,"minecraft:time_since_death":25549,"minecraft:total_world_time":35017,"minecraft:fall_one_cm":631},"minecraft:used":{"minecraft:moss_block":11,"minecraft:mud":2,"minecraft:wooden_axe":15,"minecraft:chest":1,"minecraft:gravel":16,"minecraft:wooden_shovel":43,"minecraft:torch":4,"minecraft:dirt":107,"minecraft:crafting_table":1,"minecraft:oak_slab":131,"minecraft:oak_sapling":2},"minecraft:dropped":{"minecraft:dirt":9,"minecraft:wooden_axe":1},"minecraft:picked_up":{"minecraft:oak_slab":4,"minecraft:mud":7,"minecraft:gravel":15,"minecraft:flint":1,"minecraft:oak_log":42,"minecraft:dirt":146,"minecraft:oak_sapling":2,"minecraft:moss_block":41},"minecraft:crafted":{"minecraft:oak_slab":168,"minecraft:oak_planks":144,"minecraft:wooden_shovel":1,"minecraft:coal":9,"minecraft:cobblestone":4,"minecraft:crafting_table":1,"minecraft:stick":8,"minecraft:gravel":4,"minecraft:wooden_axe":1,"minecraft:chest":1,"minecraft:torch":4,"minecraft:air":0}},"DataVersion":3953}