{"stats":{"minecraft:mined":{"minecraft:oak_slab":6,"minecraft:mud":1,"minecraft:grass_block":86,"minecraft:oak_log":26,"minecraft:dirt":25,"minecraft:spruce_leaves":2,"minecraft:moss_block":33,"minecraft:oak_leaves":2},"minecraft:custom":{"minecraft:time_since_rest":7577,"minecraft:sprint_one_cm":925,"minecraft:damage_taken":260,"minecraft:walk_one_cm":12758,"minecraft:drop":1,"minecraft:traded_with_villager":1,"minecraft:interact_with_crafting_table":8,"minecraft:talked_to_villager":3,"minecraft:crouch_one_cm":30918,"minecraft:play_time":17017,"minecraft:deaths":1,"minecraft:sneak_time":8547,"minecraft:boat_one_cm":473,"minecraft:jump":4,"minecraft:leave_game":1,"minecraft:time_since_death":7549,"minecraft:total_world_time":17017,"minecraft:fall_one_cm":422},"minecraft:used":{"minecraft:moss_block":11,"minecraft:mud":1,"minecraft:wooden_axe":15,"minecraft:wooden_shovel":43,"minecraft:torch":4,"minecraft:dirt":57,"minecraft:crafting_table":1,"minecraft:oak_slab":46},"minecraft:dropped":{"minecraft:wooden_axe":1},"minecraft:picked_up":{"minecraft:oak_slab":4,"minecraft:mud":1,"minecraft:oak_log":29,"minecraft:dirt":120,"minecraft:moss_block":30},"minecraft:crafted":{"minecraft:oak_slab":114,"minecraft:oak_planks":100,"minecraft:wooden_shovel":1,"minecraft:coal":9,"minecraft:crafting_table":1,"minecraft:stick":8,"minecraft:wooden_axe":1,"minecraft:torch":4,"minecraft:air":0}},"DataVersion":3953}