{"stats":{"minecraft:crafted":{"minecraft:coarse_dirt":4,"minecraft:oak_slab":354,"minecraft:oak_planks":228,"minecraft:wooden_shovel":1,"minecraft:stone_shovel":1,"minecraft:coal":9,"minecraft:crafting_table":1,"minecraft:gravel":4,"minecraft:cherry_sapling":1,"minecraft:bone_meal":27,"minecraft:stone_axe":2,"minecraft:air":0,"minecraft:oak_boat":1,"minecraft:cobblestone":4,"minecraft:slime_ball":8,"minecraft:stick":12,"minecraft:iron_ingot":43,"minecraft:iron_pickaxe":2,"minecraft:stone_pickaxe":3,"minecraft:wooden_axe":1,"minecraft:chest":1,"minecraft:gold_ingot":1,"minecraft:torch":12,"minecraft:stone_hoe":1,"minecraft:carrot":18,"minecraft:clay":19},"minecraft:used":{"minecraft:moss_block":11,"minecraft:cherry_sapling":10,"minecraft:water_bucket":5,"minecraft:stone_shovel":131,"minecraft:stone_pickaxe":273,"minecraft:chest":1,"minecraft:wooden_shovel":43,"minecraft:stone_hoe":3,"minecraft:torch":11,"minecraft:dirt":193,"minecraft:oak_slab":280,"minecraft:crafting_table":1,"minecraft:mud":4,"minecraft:wooden_axe":15,"minecraft:iron_pickaxe":309,"minecraft:spruce_sapling":2,"minecraft:gravel":16,"minecraft:stone_axe":219,"minecraft:pufferfish_bucket":2,"minecraft:oak_sapling":4,"minecraft:bucket":5,"minecraft:oak_boat":1,"minecraft:bone_meal":11},"minecraft:custom":{"minecraft:interact_with_furnace":39,"minecraft:traded_with_villager":7,"minecraft:interact_with_crafting_table":40,"minecraft:leave_game":1,"minecraft:time_since_death":16517,"minecraft:time_since_rest":16550,"minecraft:sprint_one_cm":66787,"minecraft:damage_taken":711,"minecraft:walk_one_cm":121329,"minecraft:drop":19,"minecraft:damage_dealt":360,"minecraft:player_kills":1,"minecraft:talked_to_villager":46,"minecraft:fly_one_cm":66601,"minecraft:open_chest":182,"minecraft:crouch_one_cm":77203,"minecraft:play_time":100158,"minecraft:deaths":3,"minecraft:sneak_time":21641,"minecraft:walk_under_water_one_cm":2754,"minecraft:boat_one_cm":473,"minecraft:jump":270,"minecraft:walk_on_water_one_cm":579,"minecraft:total_world_time":100158,"minecraft:fall_one_cm":2305},"minecraft:broken":{"minecraft:stone_pickaxe":1,"minecraft:stone_axe":1,"minecraft:stone_shovel":1},"minecraft:dropped":{"minecraft:stone_axe":5,"minecraft:oak_slab":25,"minecraft:granite":1,"minecraft:coal":1,"minecraft:dirt":9,"minecraft:diorite":1,"minecraft:wooden_axe":1,"minecraft:mud":1,"minecraft:stone_pickaxe":3,"minecraft:iron_pickaxe":4},"minecraft:killed_by":{"minecraft:player":1},"minecraft:picked_up":{"minecraft:mud":77,"minecraft:andesite":13,"minecraft:clay_ball":68,"minecraft:flint":1,"minecraft:oak_log":161,"minecraft:lapis_lazuli":9,"minecraft:dirt":352,"minecraft:raw_copper":4,"minecraft:apple":1,"minecraft:stone_pickaxe":3,"minecraft:iron_pickaxe":3,"minecraft:moss_block":153,"minecraft:oak_slab":11,"minecraft:stick":15,"minecraft:raw_iron":60,"minecraft:dripstone_block":59,"minecraft:gravel":15,"minecraft:cherry_log":16,"minecraft:spruce_sapling":10,"minecraft:diorite":12,"minecraft:spruce_log":10,"minecraft:stone_axe":4,"minecraft:granite":17,"minecraft:cherry_sapling":18,"minecraft:oak_sapling":9,"minecraft:coal":55,"minecraft:cobblestone":206},"minecraft:mined":{"minecraft:oak_slab":14,"minecraft:oak_sapling":2,"minecraft:cherry_log":16,"minecraft:cherry_sapling":5,"minecraft:clay":12,"minecraft:granite":11,"minecraft:grass_block":256,"minecraft:spruce_leaves":113,"minecraft:lapis_ore":1,"minecraft:moss_block":133,"minecraft:diorite":10,"minecraft:mud":64,"minecraft:iron_ore":40,"minecraft:spruce_log":10,"minecraft:andesite":11,"minecraft:oak_log":162,"minecraft:coal_ore":38,"minecraft:cherry_leaves":1,"minecraft:dirt":73,"minecraft:gravel":16,"minecraft:dripstone_block":45,"minecraft:stone":145,"minecraft:oak_leaves":61}},"DataVersion":3953}