{"stats":{"minecraft:crafted":{"minecraft:cooked_beef":2,"minecraft:oak_planks":44,"minecraft:cooked_porkchop":22,"minecraft:crafting_table":1,"minecraft:wooden_pickaxe":1,"minecraft:furnace":1,"minecraft:stone_axe":2,"minecraft:air":0,"minecraft:iron_boots":1,"minecraft:iron_chestplate":1,"minecraft:shield":1,"minecraft:stick":16,"minecraft:iron_ingot":17,"minecraft:iron_pickaxe":1,"minecraft:stone_pickaxe":2},"minecraft:used":{"minecraft:wheat_seeds":17,"minecraft:diorite":6,"minecraft:stone_pickaxe":147,"minecraft:poppy":2,"minecraft:shield":13,"minecraft:wooden_pickaxe":36,"minecraft:torch":5,"minecraft:dirt":3,"minecraft:crafting_table":4,"minecraft:carrot":10,"minecraft:apple":1,"minecraft:iron_pickaxe":90,"minecraft:stone_axe":78,"minecraft:cobblestone":24,"minecraft:oak_sapling":1,"minecraft:furnace":3,"minecraft:cooked_porkchop":17,"minecraft:egg":1,"minecraft:cooked_beef":2,"minecraft:potato":6,"minecraft:cobbled_deepslate":11,"minecraft:dandelion":4},"minecraft:custom":{"minecraft:interact_with_furnace":35,"minecraft:mob_kills":29,"minecraft:interact_with_crafting_table":15,"minecraft:leave_game":1,"minecraft:time_since_death":33777,"minecraft:sleep_in_bed":2,"minecraft:climb_one_cm":962,"minecraft:time_since_rest":33810,"minecraft:sprint_one_cm":182456,"minecraft:damage_taken":1777,"minecraft:walk_one_cm":63441,"minecraft:damage_blocked_by_shield":741,"minecraft:drop":19,"minecraft:damage_dealt":4505,"minecraft:swim_one_cm":12650,"minecraft:fly_one_cm":197237,"minecraft:open_chest":4,"minecraft:crouch_one_cm":8365,"minecraft:play_time":48822,"minecraft:deaths":1,"minecraft:sneak_time":3788,"minecraft:walk_under_water_one_cm":653,"minecraft:jump":1103,"minecraft:walk_on_water_one_cm":8008,"minecraft:total_world_time":48822,"minecraft:fall_one_cm":42965},"minecraft:broken":{"minecraft:stone_pickaxe":1},"minecraft:dropped":{"minecraft:wheat_seeds":1,"minecraft:lapis_lazuli":1,"minecraft:cobbled_deepslate":20,"minecraft:dripstone_block":1,"minecraft:cooked_porkchop":1,"minecraft:wheat":2,"minecraft:cobblestone":69,"minecraft:rotten_flesh":2,"minecraft:granite":4,"minecraft:grass_block":1,"minecraft:dirt":10,"minecraft:gunpowder":6,"minecraft:diorite":1,"minecraft:andesite":2,"minecraft:stripped_oak_wood":1},"minecraft:killed":{"minecraft:pig":11,"minecraft:iron_golem":1,"minecraft:sheep":4,"minecraft:skeleton":7,"minecraft:zombie":3,"minecraft:cow":3},"minecraft:picked_up":{"minecraft:crafting_table":5,"minecraft:wheat":2,"minecraft:andesite":35,"minecraft:leather":8,"minecraft:potato":6,"minecraft:oak_log":17,"minecraft:yellow_bed":1,"minecraft:lapis_lazuli":108,"minecraft:dirt":13,"minecraft:raw_copper":9,"minecraft:bone":10,"minecraft:apple":1,"minecraft:wheat_seeds":18,"minecraft:cobbled_deepslate":98,"minecraft:raw_gold":14,"minecraft:stone_pickaxe":1,"minecraft:beef":26,"minecraft:iron_ingot":5,"minecraft:iron_pickaxe":1,"minecraft:stripped_oak_wood":1,"minecraft:poppy":2,"minecraft:sugar_cane":23,"minecraft:oak_planks":13,"minecraft:egg":2,"minecraft:furnace":4,"minecraft:stick":2,"minecraft:raw_iron":51,"minecraft:cooked_porkchop":10,"minecraft:torch":13,"minecraft:dandelion":4,"minecraft:dripstone_block":1,"minecraft:porkchop":22,"minecraft:diorite":7,"minecraft:grass_block":1,"minecraft:carrot":10,"minecraft:arrow":9,"minecraft:rotten_flesh":11,"minecraft:diamond":7,"minecraft:granite":21,"minecraft:oak_sapling":1,"minecraft:mutton":20,"minecraft:coal":96,"minecraft:white_wool":11,"minecraft:cobblestone":249},"minecraft:mined":{"minecraft:deepslate_diamond_ore":5,"minecraft:dandelion":4,"minecraft:crafting_table":4,"minecraft:granite":2,"minecraft:short_grass":25,"minecraft:grass_block":2,"minecraft:poppy":1,"minecraft:tall_grass":5,"minecraft:cobblestone":12,"minecraft:deepslate_gold_ore":5,"minecraft:sugar_cane":3,"minecraft:diorite":7,"minecraft:wall_torch":5,"minecraft:spawner":1,"minecraft:tall_seagrass":1,"minecraft:furnace":3,"minecraft:carrots":8,"minecraft:iron_ore":18,"minecraft:wheat":15,"minecraft:andesite":2,"minecraft:stripped_oak_wood":1,"minecraft:deepslate_lapis_ore":11,"minecraft:yellow_bed":1,"minecraft:coal_ore":54,"minecraft:potatoes":6,"minecraft:oak_log":11,"minecraft:deepslate_iron_ore":18,"minecraft:dripstone_block":2,"minecraft:dirt":11,"minecraft:stone":103,"minecraft:deepslate":18,"minecraft:oak_leaves":18}},"DataVersion":3953}