{"stats":{"minecraft:crafted":{"minecraft:oak_boat":1,"minecraft:oak_slab":48,"minecraft:oak_planks":56,"minecraft:stick":28,"minecraft:wooden_pickaxe":2,"minecraft:iron_pickaxe":1,"minecraft:stone_pickaxe":3,"minecraft:furnace":1,"minecraft:bone":12,"minecraft:air":0,"minecraft:potato":5},"minecraft:used":{"minecraft:stone_pickaxe":278,"minecraft:oak_planks":1,"minecraft:iron_pickaxe":158,"minecraft:wooden_pickaxe":118,"minecraft:gravel":6,"minecraft:dirt":39,"minecraft:oak_slab":67,"minecraft:furnace":2,"minecraft:oak_boat":3,"minecraft:moss_block":34,"minecraft:wooden_axe":32,"minecraft:oak_log":1},"minecraft:custom":{"minecraft:time_since_rest":35629,"minecraft:sprint_one_cm":24996,"minecraft:interact_with_furnace":10,"minecraft:damage_taken":240,"minecraft:walk_one_cm":93114,"minecraft:drop":12,"minecraft:damage_dealt":116,"minecraft:traded_with_villager":2,"minecraft:interact_with_crafting_table":25,"minecraft:talked_to_villager":14,"minecraft:fly_one_cm":11788,"minecraft:open_chest":58,"minecraft:crouch_one_cm":15487,"minecraft:play_time":57085,"minecraft:deaths":1,"minecraft:sneak_time":5522,"minecraft:boat_one_cm":4731,"minecraft:jump":134,"minecraft:leave_game":2,"minecraft:time_since_death":35592,"minecraft:total_world_time":57085,"minecraft:fall_one_cm":2208},"minecraft:broken":{"minecraft:stone_pickaxe":1,"minecraft:wooden_pickaxe":2},"minecraft:dropped":{"minecraft:dirt":23,"minecraft:potato":5},"minecraft:picked_up":{"minecraft:wooden_axe":1,"minecraft:oak_slab":32,"minecraft:mud":32,"minecraft:stick":5,"minecraft:raw_iron":19,"minecraft:dripstone_block":12,"minecraft:gravel":6,"minecraft:oak_log":51,"minecraft:spruce_sapling":1,"minecraft:dirt":157,"minecraft:iron_ingot":2,"minecraft:oak_boat":2,"minecraft:furnace":1,"minecraft:oak_sapling":3,"minecraft:moss_block":108,"minecraft:oak_planks":1,"minecraft:coal":29,"minecraft:cobblestone":88},"minecraft:mined":{"minecraft:oak_slab":12,"minecraft:furnace":1,"minecraft:mud":45,"minecraft:iron_ore":27,"minecraft:grass_block":167,"minecraft:oak_log":60,"minecraft:coal_ore":22,"minecraft:gravel":6,"minecraft:dripstone_block":20,"minecraft:dirt":26,"minecraft:spruce_leaves":67,"minecraft:stone":142,"minecraft:moss_block":140,"minecraft:oak_planks":1,"minecraft:oak_leaves":63}},"DataVersion":3953}