{"stats":{"minecraft:crafted":{"minecraft:oak_door":3,"minecraft:oak_planks":116,"minecraft:furnace":1,"minecraft:pufferfish_bucket":5,"minecraft:raw_copper_block":18,"minecraft:potato":5,"minecraft:terracotta":7,"minecraft:diamond_leggings":1,"minecraft:iron_axe":1,"minecraft:stone_pickaxe":3,"minecraft:chest":5,"minecraft:redstone_block":21,"minecraft:wolf_spawn_egg":2,"minecraft:oak_slab":60,"minecraft:wooden_pickaxe":2,"minecraft:iron_sword":1,"minecraft:bone":36,"minecraft:air":0,"minecraft:oak_boat":1,"minecraft:white_wool":373,"minecraft:diamond_pickaxe":2,"minecraft:stick":32,"minecraft:iron_pickaxe":4,"minecraft:iron_ingot":49,"minecraft:gold_ingot":25,"minecraft:white_bed":3,"minecraft:lapis_block":59,"minecraft:diamond_chestplate":1},"minecraft:used":{"minecraft:moss_block":36,"minecraft:cherry_sapling":7,"minecraft:chest":7,"minecraft:iron_sword":72,"minecraft:oak_door":2,"minecraft:torch":1,"minecraft:dirt":39,"minecraft:carrot":23,"minecraft:wooden_axe":32,"minecraft:iron_axe":39,"minecraft:furnace":2,"minecraft:cobbled_deepslate":3,"minecraft:stone_pickaxe":278,"minecraft:oak_planks":21,"minecraft:wooden_pickaxe":118,"minecraft:white_wool":79,"minecraft:oak_slab":92,"minecraft:crafting_table":1,"minecraft:white_bed":3,"minecraft:oak_log":1,"minecraft:diamond_pickaxe":1814,"minecraft:string":16,"minecraft:iron_pickaxe":1110,"minecraft:gravel":6,"minecraft:oak_boat":3},"minecraft:custom":{"minecraft:mob_kills":77,"minecraft:interact_with_crafting_table":51,"minecraft:leave_game":3,"minecraft:time_since_death":7864,"minecraft:sprint_one_cm":204088,"minecraft:walk_one_cm":356096,"minecraft:drop":14,"minecraft:talked_to_villager":63,"minecraft:play_time":217152,"minecraft:deaths":9,"minecraft:sneak_time":6254,"minecraft:walk_under_water_one_cm":1201,"minecraft:boat_one_cm":4731,"minecraft:jump":794,"minecraft:interact_with_blast_furnace":13,"minecraft:walk_on_water_one_cm":13727,"minecraft:total_world_time":217152,"minecraft:interact_with_furnace":63,"minecraft:traded_with_villager":11,"minecraft:sleep_in_bed":2,"minecraft:time_since_rest":8193,"minecraft:damage_taken":2640,"minecraft:damage_dealt":3099,"minecraft:fly_one_cm":116083,"minecraft:player_kills":1,"minecraft:open_chest":401,"minecraft:crouch_one_cm":15813,"minecraft:interact_with_smoker":2,"minecraft:fall_one_cm":6793},"minecraft:broken":{"minecraft:wooden_pickaxe":2,"minecraft:stone_pickaxe":1,"minecraft:iron_pickaxe":5},"minecraft:dropped":{"minecraft:dirt":23,"minecraft:iron_axe":1,"minecraft:oak_planks":1,"minecraft:potato":5},"minecraft:killed":{"minecraft:spider":1,"minecraft:skeleton":21,"minecraft:creeper":30,"minecraft:trader_llama":1,"minecraft:zombie":22},"minecraft:killed_by":{"minecraft:player":2,"minecraft:enderman":1,"minecraft:zombie":2},"minecraft:picked_up":{"minecraft:wooden_axe":1,"minecraft:mud":137,"minecraft:crafting_table":1,"minecraft:clay_ball":384,"minecraft:string":2003,"minecraft:raw_copper":310,"minecraft:iron_axe":2,"minecraft:pufferfish":2,"minecraft:gold_nugget":121,"minecraft:cobbled_deepslate":69,"minecraft:oak_boat":3,"minecraft:iron_pickaxe":2,"minecraft:chest":3,"minecraft:furnace":1,"minecraft:raw_iron":132,"minecraft:stick":25,"minecraft:torch":1,"minecraft:cherry_log":4,"minecraft:diorite":80,"minecraft:carrot":71,"minecraft:redstone":275,"minecraft:arrow":3,"minecraft:rotten_flesh":7,"minecraft:white_wool":20,"minecraft:cobblestone":366,"minecraft:andesite":89,"minecraft:leather":2,"minecraft:oak_log":207,"minecraft:ancient_debris":21,"minecraft:gunpowder":5,"minecraft:lapis_lazuli":537,"minecraft:dirt":421,"minecraft:bone":18,"minecraft:apple":2,"minecraft:raw_gold":65,"minecraft:iron_ingot":2,"minecraft:glowstone_dust":79,"minecraft:moss_block":239,"minecraft:oak_planks":85,"minecraft:soul_sand":23,"minecraft:oak_slab":50,"minecraft:quartz":21,"minecraft:dripstone_block":106,"minecraft:gravel":6,"minecraft:spruce_sapling":6,"minecraft:spider_eye":2,"minecraft:diamond":129,"minecraft:granite":66,"minecraft:cherry_sapling":16,"minecraft:emerald":84,"minecraft:oak_sapling":6,"minecraft:netherrack":26,"minecraft:coal":120,"minecraft:diamond_pickaxe":2},"minecraft:mined":{"minecraft:nether_gold_ore":29,"minecraft:deepslate_diamond_ore":99,"minecraft:cherry_log":2,"minecraft:granite":78,"minecraft:grass_block":492,"minecraft:spruce_leaves":179,"minecraft:moss_block":300,"minecraft:redstone_ore":14,"minecraft:glowstone":24,"minecraft:furnace":1,"minecraft:carrots":17,"minecraft:iron_ore":73,"minecraft:andesite":97,"minecraft:deepslate_lapis_ore":67,"minecraft:deepslate_iron_ore":91,"minecraft:stone":457,"minecraft:tripwire":1,"minecraft:deepslate_redstone_ore":52,"minecraft:oak_slab":20,"minecraft:soul_sand":19,"minecraft:clay":100,"minecraft:crafting_table":1,"minecraft:torch":1,"minecraft:chest":3,"minecraft:nether_quartz_ore":25,"minecraft:copper_ore":15,"minecraft:deepslate_coal_ore":77,"minecraft:lapis_ore":20,"minecraft:deepslate_gold_ore":66,"minecraft:oak_planks":9,"minecraft:diorite":89,"minecraft:deepslate_copper_ore":72,"minecraft:mud":162,"minecraft:oak_log":215,"minecraft:coal_ore":56,"minecraft:cherry_leaves":8,"minecraft:gravel":6,"minecraft:dripstone_block":135,"minecraft:dirt":26,"minecraft:netherrack":25,"minecraft:ancient_debris":19,"minecraft:oak_leaves":215,"minecraft:gold_ore":11,"minecraft:deepslate_emerald_ore":92,"minecraft:deepslate":67}},"DataVersion":3953}