{"stats":{"minecraft:crafted":{"minecraft:oak_slab":48,"minecraft:oak_planks":56,"minecraft:wooden_pickaxe":2,"minecraft:furnace":1,"minecraft:bone":36,"minecraft:potato":5,"minecraft:air":0,"minecraft:oak_boat":1,"minecraft:stick":28,"minecraft:iron_ingot":31,"minecraft:iron_pickaxe":2,"minecraft:stone_pickaxe":3},"minecraft:used":{"minecraft:moss_block":34,"minecraft:cherry_sapling":1,"minecraft:stone_pickaxe":278,"minecraft:oak_planks":1,"minecraft:wooden_pickaxe":118,"minecraft:dirt":39,"minecraft:oak_slab":67,"minecraft:crafting_table":1,"minecraft:oak_log":1,"minecraft:wooden_axe":32,"minecraft:iron_pickaxe":427,"minecraft:gravel":6,"minecraft:furnace":2,"minecraft:oak_boat":3},"minecraft:custom":{"minecraft:interact_with_furnace":19,"minecraft:traded_with_villager":4,"minecraft:interact_with_crafting_table":26,"minecraft:leave_game":2,"minecraft:time_since_death":6148,"minecraft:time_since_rest":6178,"minecraft:sprint_one_cm":37437,"minecraft:damage_taken":825,"minecraft:walk_one_cm":110749,"minecraft:drop":12,"minecraft:damage_dealt":407,"minecraft:player_kills":1,"minecraft:talked_to_villager":21,"minecraft:fly_one_cm":21830,"minecraft:open_chest":101,"minecraft:crouch_one_cm":15489,"minecraft:play_time":75085,"minecraft:deaths":3,"minecraft:sneak_time":5572,"minecraft:boat_one_cm":4731,"minecraft:jump":195,"minecraft:total_world_time":75085,"minecraft:fall_one_cm":2208},"minecraft:broken":{"minecraft:stone_pickaxe":1,"minecraft:iron_pickaxe":1,"minecraft:wooden_pickaxe":2},"minecraft:dropped":{"minecraft:dirt":23,"minecraft:potato":5},"minecraft:killed_by":{"minecraft:player":1},"minecraft:picked_up":{"minecraft:wooden_axe":1,"minecraft:mud":39,"minecraft:crafting_table":1,"minecraft:clay_ball":8,"minecraft:andesite":5,"minecraft:oak_log":62,"minecraft:dirt":173,"minecraft:iron_ingot":2,"minecraft:oak_boat":2,"minecraft:moss_block":115,"minecraft:oak_planks":1,"minecraft:furnace":1,"minecraft:oak_slab":32,"minecraft:stick":7,"minecraft:raw_iron":26,"minecraft:dripstone_block":15,"minecraft:gravel":6,"minecraft:spruce_sapling":2,"minecraft:diorite":4,"minecraft:granite":5,"minecraft:cherry_sapling":1,"minecraft:oak_sapling":4,"minecraft:coal":38,"minecraft:cobblestone":111},"minecraft:mined":{"minecraft:oak_slab":12,"minecraft:clay":10,"minecraft:crafting_table":1,"minecraft:granite":11,"minecraft:grass_block":209,"minecraft:spruce_leaves":79,"minecraft:oak_planks":1,"minecraft:moss_block":159,"minecraft:diorite":8,"minecraft:furnace":1,"minecraft:mud":66,"minecraft:iron_ore":48,"minecraft:andesite":10,"minecraft:coal_ore":38,"minecraft:oak_log":74,"minecraft:dirt":26,"minecraft:gravel":6,"minecraft:dripstone_block":37,"minecraft:stone":190,"minecraft:oak_leaves":112}},"DataVersion":3953}