{"stats":{"minecraft:mined":{"minecraft:oak_slab":12,"minecraft:mud":38,"minecraft:iron_ore":16,"minecraft:grass_block":142,"minecraft:oak_log":51,"minecraft:coal_ore":13,"minecraft:gravel":6,"minecraft:dripstone_block":11,"minecraft:dirt":26,"minecraft:spruce_leaves":62,"minecraft:stone":121,"minecraft:moss_block":127,"minecraft:oak_planks":1,"minecraft:oak_leaves":56},"minecraft:custom":{"minecraft:time_since_rest":27067,"minecraft:sprint_one_cm":22539,"minecraft:interact_with_furnace":7,"minecraft:damage_taken":240,"minecraft:walk_one_cm":87969,"minecraft:drop":12,"minecraft:damage_dealt":10,"minecraft:traded_with_villager":1,"minecraft:interact_with_crafting_table":23,"minecraft:talked_to_villager":11,"minecraft:fly_one_cm":11240,"minecraft:open_chest":44,"minecraft:crouch_one_cm":15486,"minecraft:play_time":48523,"minecraft:deaths":1,"minecraft:sneak_time":5502,"minecraft:boat_one_cm":4731,"minecraft:jump":125,"minecraft:leave_game":2,"minecraft:time_since_death":27030,"minecraft:total_world_time":48523,"minecraft:fall_one_cm":2208},"minecraft:broken":{"minecraft:stone_pickaxe":1,"minecraft:wooden_pickaxe":2},"minecraft:used":{"minecraft:stone_pickaxe":278,"minecraft:oak_planks":1,"minecraft:iron_pickaxe":38,"minecraft:wooden_pickaxe":118,"minecraft:gravel":6,"minecraft:dirt":39,"minecraft:oak_slab":67,"minecraft:furnace":1,"minecraft:oak_boat":3,"minecraft:moss_block":34,"minecraft:wooden_axe":32,"minecraft:oak_log":1},"minecraft:dropped":{"minecraft:dirt":23,"minecraft:potato":5},"minecraft:picked_up":{"minecraft:wooden_axe":1,"minecraft:oak_slab":32,"minecraft:mud":25,"minecraft:stick":5,"minecraft:raw_iron":9,"minecraft:dripstone_block":6,"minecraft:gravel":6,"minecraft:oak_log":42,"minecraft:spruce_sapling":1,"minecraft:dirt":128,"minecraft:oak_boat":2,"minecraft:oak_sapling":2,"minecraft:moss_block":97,"minecraft:oak_planks":1,"minecraft:coal":5,"minecraft:cobblestone":76},"minecraft:crafted":{"minecraft:oak_boat":1,"minecraft:oak_slab":48,"minecraft:oak_planks":32,"minecraft:stick":28,"minecraft:wooden_pickaxe":2,"minecraft:iron_pickaxe":1,"minecraft:stone_pickaxe":3,"minecraft:furnace":1,"minecraft:potato":5}},"DataVersion":3953}