{"stats":{"minecraft:crafted":{"minecraft:oak_slab":48,"minecraft:oak_planks":56,"minecraft:wooden_pickaxe":2,"minecraft:furnace":1,"minecraft:pufferfish_bucket":5,"minecraft:bone":36,"minecraft:potato":5,"minecraft:air":0,"minecraft:terracotta":7,"minecraft:oak_boat":1,"minecraft:stick":28,"minecraft:iron_ingot":42,"minecraft:iron_pickaxe":3,"minecraft:stone_pickaxe":3,"minecraft:gold_ingot":3},"minecraft:used":{"minecraft:moss_block":34,"minecraft:cherry_sapling":7,"minecraft:stone_pickaxe":278,"minecraft:oak_planks":1,"minecraft:wooden_pickaxe":118,"minecraft:dirt":39,"minecraft:oak_slab":67,"minecraft:crafting_table":1,"minecraft:oak_log":1,"minecraft:wooden_axe":32,"minecraft:iron_pickaxe":844,"minecraft:gravel":6,"minecraft:furnace":2,"minecraft:oak_boat":3},"minecraft:custom":{"minecraft:interact_with_furnace":31,"minecraft:traded_with_villager":9,"minecraft:interact_with_crafting_table":27,"minecraft:leave_game":2,"minecraft:time_since_death":30148,"minecraft:time_since_rest":30178,"minecraft:sprint_one_cm":54517,"minecraft:damage_taken":835,"minecraft:walk_one_cm":135467,"minecraft:drop":12,"minecraft:damage_dealt":407,"minecraft:player_kills":1,"minecraft:talked_to_villager":38,"minecraft:fly_one_cm":33569,"minecraft:open_chest":137,"minecraft:crouch_one_cm":15489,"minecraft:play_time":99085,"minecraft:deaths":3,"minecraft:sneak_time":5600,"minecraft:boat_one_cm":4731,"minecraft:jump":237,"minecraft:total_world_time":99085,"minecraft:fall_one_cm":2208},"minecraft:broken":{"minecraft:stone_pickaxe":1,"minecraft:iron_pickaxe":3,"minecraft:wooden_pickaxe":2},"minecraft:dropped":{"minecraft:dirt":23,"minecraft:potato":5},"minecraft:killed_by":{"minecraft:player":1},"minecraft:picked_up":{"minecraft:wooden_axe":1,"minecraft:mud":58,"minecraft:crafting_table":1,"minecraft:clay_ball":92,"minecraft:andesite":24,"minecraft:oak_log":81,"minecraft:lapis_lazuli":100,"minecraft:dirt":219,"minecraft:raw_copper":42,"minecraft:raw_gold":9,"minecraft:iron_ingot":2,"minecraft:oak_boat":2,"minecraft:moss_block":140,"minecraft:oak_planks":1,"minecraft:furnace":1,"minecraft:oak_slab":32,"minecraft:stick":18,"minecraft:raw_iron":50,"minecraft:dripstone_block":26,"minecraft:gravel":6,"minecraft:cherry_log":2,"minecraft:spruce_sapling":2,"minecraft:diorite":14,"minecraft:redstone":54,"minecraft:diamond":1,"minecraft:granite":15,"minecraft:cherry_sapling":8,"minecraft:emerald":1,"minecraft:oak_sapling":4,"minecraft:coal":51,"minecraft:cobblestone":160},"minecraft:mined":{"minecraft:deepslate_redstone_ore":1,"minecraft:oak_slab":12,"minecraft:deepslate_diamond_ore":2,"minecraft:clay":33,"minecraft:crafting_table":1,"minecraft:granite":24,"minecraft:grass_block":266,"minecraft:copper_ore":15,"minecraft:deepslate_coal_ore":2,"minecraft:spruce_leaves":100,"minecraft:lapis_ore":20,"minecraft:oak_planks":1,"minecraft:moss_block":188,"minecraft:diorite":20,"minecraft:redstone_ore":14,"minecraft:furnace":1,"minecraft:mud":85,"minecraft:iron_ore":73,"minecraft:andesite":33,"minecraft:coal_ore":56,"minecraft:oak_log":93,"minecraft:deepslate_iron_ore":1,"minecraft:cherry_leaves":7,"minecraft:dirt":26,"minecraft:gravel":6,"minecraft:dripstone_block":51,"minecraft:stone":249,"minecraft:gold_ore":11,"minecraft:deepslate_emerald_ore":2,"minecraft:oak_leaves":129}},"DataVersion":3953}