{"stats":{"minecraft:crafted":{"minecraft:oak_door":3,"minecraft:wolf_spawn_egg":2,"minecraft:oak_slab":60,"minecraft:oak_planks":72,"minecraft:wooden_pickaxe":2,"minecraft:furnace":1,"minecraft:pufferfish_bucket":5,"minecraft:bone":36,"minecraft:raw_copper_block":18,"minecraft:potato":5,"minecraft:air":0,"minecraft:terracotta":7,"minecraft:oak_boat":1,"minecraft:white_wool":18,"minecraft:diamond_pickaxe":1,"minecraft:iron_axe":1,"minecraft:stick":28,"minecraft:iron_ingot":49,"minecraft:iron_pickaxe":3,"minecraft:stone_pickaxe":3,"minecraft:chest":2,"minecraft:gold_ingot":25,"minecraft:white_bed":3,"minecraft:redstone_block":21,"minecraft:lapis_block":33},"minecraft:used":{"minecraft:moss_block":34,"minecraft:cherry_sapling":7,"minecraft:stone_pickaxe":278,"minecraft:oak_planks":21,"minecraft:chest":3,"minecraft:wooden_pickaxe":118,"minecraft:oak_door":2,"minecraft:torch":1,"minecraft:dirt":39,"minecraft:oak_slab":83,"minecraft:crafting_table":1,"minecraft:carrot":23,"minecraft:white_bed":3,"minecraft:oak_log":1,"minecraft:wooden_axe":32,"minecraft:diamond_pickaxe":700,"minecraft:iron_axe":34,"minecraft:iron_pickaxe":1013,"minecraft:gravel":6,"minecraft:furnace":2,"minecraft:oak_boat":3},"minecraft:custom":{"minecraft:interact_with_furnace":58,"minecraft:mob_kills":8,"minecraft:traded_with_villager":11,"minecraft:interact_with_crafting_table":41,"minecraft:leave_game":2,"minecraft:time_since_death":39740,"minecraft:sleep_in_bed":2,"minecraft:time_since_rest":17500,"minecraft:sprint_one_cm":145709,"minecraft:damage_taken":1595,"minecraft:walk_one_cm":253170,"minecraft:drop":14,"minecraft:damage_dealt":1497,"minecraft:player_kills":1,"minecraft:talked_to_villager":56,"minecraft:fly_one_cm":69943,"minecraft:open_chest":312,"minecraft:crouch_one_cm":15556,"minecraft:play_time":159085,"minecraft:deaths":5,"minecraft:sneak_time":5824,"minecraft:boat_one_cm":4731,"minecraft:jump":480,"minecraft:interact_with_blast_furnace":8,"minecraft:walk_on_water_one_cm":1163,"minecraft:total_world_time":159085,"minecraft:fall_one_cm":2835},"minecraft:broken":{"minecraft:stone_pickaxe":1,"minecraft:iron_pickaxe":5,"minecraft:wooden_pickaxe":2},"minecraft:dropped":{"minecraft:oak_planks":1,"minecraft:dirt":23,"minecraft:potato":5,"minecraft:iron_axe":1},"minecraft:killed":{"minecraft:skeleton":2,"minecraft:trader_llama":1,"minecraft:zombie":4},"minecraft:killed_by":{"minecraft:player":1,"minecraft:zombie":1},"minecraft:picked_up":{"minecraft:wooden_axe":1,"minecraft:mud":84,"minecraft:crafting_table":1,"minecraft:clay_ball":172,"minecraft:andesite":43,"minecraft:leather":2,"minecraft:oak_log":125,"minecraft:ancient_debris":2,"minecraft:lapis_lazuli":289,"minecraft:string":72,"minecraft:dirt":297,"minecraft:raw_copper":155,"minecraft:iron_axe":1,"minecraft:bone":17,"minecraft:apple":2,"minecraft:gold_nugget":3,"minecraft:cobbled_deepslate":20,"minecraft:raw_gold":30,"minecraft:iron_ingot":2,"minecraft:oak_boat":2,"minecraft:iron_pickaxe":1,"minecraft:moss_block":173,"minecraft:chest":1,"minecraft:oak_planks":84,"minecraft:furnace":1,"minecraft:oak_slab":41,"minecraft:stick":24,"minecraft:raw_iron":77,"minecraft:quartz":1,"minecraft:torch":1,"minecraft:dripstone_block":50,"minecraft:gravel":6,"minecraft:cherry_log":4,"minecraft:spruce_sapling":5,"minecraft:diorite":40,"minecraft:carrot":48,"minecraft:redstone":154,"minecraft:arrow":2,"minecraft:rotten_flesh":3,"minecraft:diamond":39,"minecraft:granite":38,"minecraft:cherry_sapling":16,"minecraft:emerald":47,"minecraft:netherrack":1,"minecraft:oak_sapling":6,"minecraft:coal":75,"minecraft:cobblestone":244},"minecraft:mined":{"minecraft:nether_gold_ore":1,"minecraft:deepslate_redstone_ore":24,"minecraft:oak_slab":18,"minecraft:deepslate_diamond_ore":46,"minecraft:cherry_log":2,"minecraft:clay":55,"minecraft:crafting_table":1,"minecraft:torch":1,"minecraft:granite":48,"minecraft:grass_block":366,"minecraft:chest":1,"minecraft:nether_quartz_ore":1,"minecraft:copper_ore":15,"minecraft:deepslate_coal_ore":33,"minecraft:spruce_leaves":138,"minecraft:deepslate_gold_ore":26,"minecraft:lapis_ore":20,"minecraft:oak_planks":9,"minecraft:moss_block":231,"minecraft:diorite":55,"minecraft:deepslate_copper_ore":36,"minecraft:redstone_ore":14,"minecraft:furnace":1,"minecraft:carrots":17,"minecraft:mud":118,"minecraft:iron_ore":73,"minecraft:andesite":59,"minecraft:deepslate_lapis_ore":33,"minecraft:coal_ore":56,"minecraft:oak_log":150,"minecraft:deepslate_iron_ore":34,"minecraft:cherry_leaves":8,"minecraft:dirt":26,"minecraft:gravel":6,"minecraft:dripstone_block":80,"minecraft:stone":350,"minecraft:netherrack":2,"minecraft:ancient_debris":2,"minecraft:gold_ore":11,"minecraft:deepslate_emerald_ore":53,"minecraft:oak_leaves":164,"minecraft:deepslate":23}},"DataVersion":3953}