{"stats":{"minecraft:crafted":{"minecraft:oak_door":3,"minecraft:oak_planks":120,"minecraft:furnace":1,"minecraft:pufferfish_bucket":5,"minecraft:bone_meal":120,"minecraft:raw_copper_block":18,"minecraft:potato":5,"minecraft:terracotta":7,"minecraft:diamond_leggings":1,"minecraft:iron_axe":1,"minecraft:stone_pickaxe":3,"minecraft:chest":5,"minecraft:redstone_block":21,"minecraft:wolf_spawn_egg":2,"minecraft:oak_slab":60,"minecraft:wooden_pickaxe":2,"minecraft:baked_potato":29,"minecraft:iron_sword":1,"minecraft:bone":36,"minecraft:air":0,"minecraft:oak_boat":1,"minecraft:white_wool":373,"minecraft:diamond_pickaxe":4,"minecraft:stick":36,"minecraft:iron_pickaxe":4,"minecraft:iron_ingot":49,"minecraft:gold_ingot":25,"minecraft:white_bed":3,"minecraft:lapis_block":59,"minecraft:diamond_chestplate":1},"minecraft:used":{"minecraft:moss_block":36,"minecraft:cherry_sapling":7,"minecraft:chest":7,"minecraft:iron_sword":72,"minecraft:oak_door":2,"minecraft:torch":1,"minecraft:dirt":39,"minecraft:carrot":34,"minecraft:wooden_axe":32,"minecraft:iron_axe":39,"minecraft:furnace":2,"minecraft:potato":44,"minecraft:cobbled_deepslate":3,"minecraft:stone_pickaxe":278,"minecraft:baked_potato":4,"minecraft:oak_planks":21,"minecraft:wooden_pickaxe":118,"minecraft:white_wool":79,"minecraft:oak_slab":92,"minecraft:crafting_table":1,"minecraft:white_bed":3,"minecraft:oak_log":1,"minecraft:diamond_pickaxe":4571,"minecraft:string":16,"minecraft:iron_pickaxe":1110,"minecraft:gravel":6,"minecraft:oak_boat":3,"minecraft:bone_meal":101},"minecraft:custom":{"minecraft:mob_kills":77,"minecraft:interact_with_crafting_table":56,"minecraft:leave_game":3,"minecraft:time_since_death":0,"minecraft:sprint_one_cm":216802,"minecraft:walk_one_cm":421173,"minecraft:drop":17,"minecraft:talked_to_villager":63,"minecraft:play_time":319152,"minecraft:deaths":10,"minecraft:sneak_time":6298,"minecraft:walk_under_water_one_cm":1201,"minecraft:boat_one_cm":4731,"minecraft:jump":851,"minecraft:interact_with_blast_furnace":13,"minecraft:walk_on_water_one_cm":14183,"minecraft:total_world_time":319152,"minecraft:interact_with_furnace":63,"minecraft:traded_with_villager":11,"minecraft:sleep_in_bed":2,"minecraft:time_since_rest":3814,"minecraft:damage_taken":3078,"minecraft:damage_dealt":3099,"minecraft:fly_one_cm":126105,"minecraft:player_kills":1,"minecraft:open_chest":442,"minecraft:crouch_one_cm":15827,"minecraft:interact_with_smoker":9,"minecraft:fall_one_cm":6793},"minecraft:broken":{"minecraft:wooden_pickaxe":2,"minecraft:stone_pickaxe":1,"minecraft:diamond_pickaxe":1,"minecraft:iron_pickaxe":5},"minecraft:dropped":{"minecraft:poisonous_potato":3,"minecraft:dirt":23,"minecraft:iron_axe":1,"minecraft:oak_planks":1,"minecraft:potato":5},"minecraft:killed":{"minecraft:spider":1,"minecraft:skeleton":21,"minecraft:creeper":30,"minecraft:trader_llama":1,"minecraft:zombie":22},"minecraft:killed_by":{"minecraft:player":2,"minecraft:enderman":1,"minecraft:piglin":1,"minecraft:zombie":2},"minecraft:picked_up":{"minecraft:wooden_axe":1,"minecraft:mud":165,"minecraft:crafting_table":1,"minecraft:clay_ball":476,"minecraft:amethyst_block":18,"minecraft:string":2003,"minecraft:raw_copper":379,"minecraft:iron_axe":2,"minecraft:pufferfish":2,"minecraft:blackstone":39,"minecraft:gold_nugget":187,"minecraft:cobbled_deepslate":95,"minecraft:oak_boat":3,"minecraft:iron_pickaxe":2,"minecraft:chest":3,"minecraft:furnace":1,"minecraft:raw_iron":162,"minecraft:stick":26,"minecraft:torch":1,"minecraft:cherry_log":4,"minecraft:diorite":106,"minecraft:carrot":128,"minecraft:redstone":341,"minecraft:arrow":4,"minecraft:rotten_flesh":7,"minecraft:obsidian":28,"minecraft:white_wool":20,"minecraft:cobblestone":448,"minecraft:andesite":120,"minecraft:leather":2,"minecraft:potato":144,"minecraft:oak_log":256,"minecraft:ancient_debris":33,"minecraft:gunpowder":5,"minecraft:lapis_lazuli":665,"minecraft:dirt":528,"minecraft:bone":18,"minecraft:apple":2,"minecraft:raw_gold":89,"minecraft:iron_ingot":2,"minecraft:glowstone_dust":138,"minecraft:moss_block":298,"minecraft:oak_planks":85,"minecraft:soul_sand":40,"minecraft:oak_slab":50,"minecraft:quartz":46,"minecraft:poisonous_potato":4,"minecraft:dripstone_block":133,"minecraft:gravel":6,"minecraft:spruce_sapling":9,"minecraft:spider_eye":2,"minecraft:diamond":158,"minecraft:granite":79,"minecraft:bone_meal":8,"minecraft:cherry_sapling":16,"minecraft:warped_roots":1,"minecraft:emerald":111,"minecraft:oak_sapling":7,"minecraft:netherrack":50,"minecraft:coal":159,"minecraft:diamond_pickaxe":3},"minecraft:mined":{"minecraft:nether_gold_ore":71,"minecraft:deepslate_diamond_ore":188,"minecraft:cherry_log":2,"minecraft:obsidian":73,"minecraft:granite":148,"minecraft:grass_block":804,"minecraft:spruce_leaves":280,"minecraft:moss_block":446,"minecraft:redstone_ore":14,"minecraft:glowstone":67,"minecraft:furnace":1,"minecraft:carrots":32,"minecraft:iron_ore":73,"minecraft:andesite":170,"minecraft:deepslate_lapis_ore":131,"minecraft:potatoes":39,"minecraft:deepslate_iron_ore":184,"minecraft:stone":711,"minecraft:tripwire":1,"minecraft:deepslate_redstone_ore":107,"minecraft:oak_slab":25,"minecraft:blackstone":72,"minecraft:soul_sand":62,"minecraft:clay":170,"minecraft:crafting_table":1,"minecraft:torch":1,"minecraft:chest":3,"minecraft:nether_quartz_ore":89,"minecraft:copper_ore":15,"minecraft:deepslate_coal_ore":170,"minecraft:lapis_ore":20,"minecraft:deepslate_gold_ore":137,"minecraft:oak_planks":11,"minecraft:sculk":68,"minecraft:diorite":143,"minecraft:amethyst_block":56,"minecraft:deepslate_copper_ore":142,"minecraft:mud":261,"minecraft:oak_log":339,"minecraft:coal_ore":56,"minecraft:cherry_leaves":8,"minecraft:gravel":6,"minecraft:dripstone_block":232,"minecraft:dirt":26,"minecraft:netherrack":79,"minecraft:ancient_debris":61,"minecraft:oak_leaves":299,"minecraft:gold_ore":11,"minecraft:deepslate_emerald_ore":169,"minecraft:deepslate":164}},"DataVersion":3953}