{"stats":{"minecraft:crafted":{"minecraft:oak_slab":48,"minecraft:oak_planks":64,"minecraft:wooden_pickaxe":2,"minecraft:furnace":1,"minecraft:pufferfish_bucket":5,"minecraft:bone":36,"minecraft:potato":5,"minecraft:air":0,"minecraft:terracotta":7,"minecraft:oak_boat":1,"minecraft:diamond_pickaxe":1,"minecraft:stick":28,"minecraft:iron_ingot":43,"minecraft:iron_pickaxe":3,"minecraft:stone_pickaxe":3,"minecraft:chest":2,"minecraft:gold_ingot":3},"minecraft:used":{"minecraft:moss_block":34,"minecraft:cherry_sapling":7,"minecraft:stone_pickaxe":278,"minecraft:oak_planks":1,"minecraft:chest":3,"minecraft:wooden_pickaxe":118,"minecraft:dirt":39,"minecraft:oak_slab":67,"minecraft:crafting_table":1,"minecraft:carrot":15,"minecraft:oak_log":1,"minecraft:wooden_axe":32,"minecraft:diamond_pickaxe":233,"minecraft:iron_pickaxe":848,"minecraft:gravel":6,"minecraft:furnace":2,"minecraft:oak_boat":3},"minecraft:custom":{"minecraft:interact_with_furnace":34,"minecraft:traded_with_villager":9,"minecraft:interact_with_crafting_table":30,"minecraft:leave_game":2,"minecraft:time_since_death":1705,"minecraft:time_since_rest":1744,"minecraft:sprint_one_cm":62672,"minecraft:damage_taken":1035,"minecraft:walk_one_cm":152291,"minecraft:drop":12,"minecraft:damage_dealt":523,"minecraft:player_kills":1,"minecraft:talked_to_villager":39,"minecraft:fly_one_cm":36352,"minecraft:open_chest":174,"minecraft:crouch_one_cm":15552,"minecraft:play_time":111085,"minecraft:deaths":4,"minecraft:sneak_time":5712,"minecraft:boat_one_cm":4731,"minecraft:jump":257,"minecraft:total_world_time":111085,"minecraft:fall_one_cm":2208},"minecraft:broken":{"minecraft:stone_pickaxe":1,"minecraft:iron_pickaxe":3,"minecraft:wooden_pickaxe":2},"minecraft:dropped":{"minecraft:dirt":23,"minecraft:potato":5},"minecraft:killed_by":{"minecraft:player":1},"minecraft:picked_up":{"minecraft:wooden_axe":1,"minecraft:mud":64,"minecraft:crafting_table":1,"minecraft:clay_ball":96,"minecraft:andesite":26,"minecraft:oak_log":92,"minecraft:lapis_lazuli":157,"minecraft:dirt":236,"minecraft:raw_copper":69,"minecraft:cobbled_deepslate":2,"minecraft:raw_gold":16,"minecraft:iron_ingot":2,"minecraft:oak_boat":2,"minecraft:moss_block":146,"minecraft:chest":1,"minecraft:oak_planks":1,"minecraft:furnace":1,"minecraft:oak_slab":32,"minecraft:stick":20,"minecraft:raw_iron":57,"minecraft:dripstone_block":35,"minecraft:gravel":6,"minecraft:cherry_log":2,"minecraft:spruce_sapling":2,"minecraft:diorite":19,"minecraft:carrot":47,"minecraft:redstone":77,"minecraft:diamond":8,"minecraft:granite":17,"minecraft:cherry_sapling":9,"minecraft:emerald":13,"minecraft:oak_sapling":5,"minecraft:coal":54,"minecraft:cobblestone":181},"minecraft:mined":{"minecraft:deepslate_redstone_ore":8,"minecraft:oak_slab":12,"minecraft:deepslate_diamond_ore":11,"minecraft:clay":37,"minecraft:crafting_table":1,"minecraft:granite":29,"minecraft:grass_block":298,"minecraft:chest":1,"minecraft:copper_ore":15,"minecraft:deepslate_coal_ore":8,"minecraft:spruce_leaves":114,"minecraft:deepslate_gold_ore":8,"minecraft:lapis_ore":20,"minecraft:oak_planks":1,"minecraft:moss_block":200,"minecraft:diorite":30,"minecraft:deepslate_copper_ore":10,"minecraft:redstone_ore":14,"minecraft:furnace":1,"minecraft:carrots":15,"minecraft:mud":95,"minecraft:iron_ore":73,"minecraft:andesite":36,"minecraft:deepslate_lapis_ore":12,"minecraft:coal_ore":56,"minecraft:oak_log":107,"minecraft:deepslate_iron_ore":11,"minecraft:cherry_leaves":7,"minecraft:dirt":26,"minecraft:gravel":6,"minecraft:dripstone_block":60,"minecraft:stone":276,"minecraft:gold_ore":11,"minecraft:deepslate_emerald_ore":19,"minecraft:oak_leaves":141,"minecraft:deepslate":4}},"DataVersion":3953}