{"stats":{"minecraft:mined":{"minecraft:oak_slab":12,"minecraft:mud":19,"minecraft:grass_block":65,"minecraft:oak_log":30,"minecraft:gravel":6,"minecraft:dirt":26,"minecraft:spruce_leaves":28,"minecraft:stone":33,"minecraft:moss_block":75,"minecraft:oak_planks":1,"minecraft:oak_leaves":30},"minecraft:broken":{"minecraft:wooden_pickaxe":1},"minecraft:custom":{"minecraft:time_since_rest":4959,"minecraft:sprint_one_cm":11547,"minecraft:damage_taken":240,"minecraft:walk_one_cm":61827,"minecraft:drop":12,"minecraft:damage_dealt":10,"minecraft:traded_with_villager":1,"minecraft:interact_with_crafting_table":13,"minecraft:talked_to_villager":8,"minecraft:fly_one_cm":4871,"minecraft:open_chest":21,"minecraft:crouch_one_cm":11935,"minecraft:play_time":26415,"minecraft:deaths":1,"minecraft:sneak_time":4840,"minecraft:boat_one_cm":3411,"minecraft:jump":85,"minecraft:time_since_death":4922,"minecraft:total_world_time":26415,"minecraft:fall_one_cm":1372,"minecraft:interact_with_furnace":1},"minecraft:used":{"minecraft:oak_log":1,"minecraft:moss_block":34,"minecraft:wooden_axe":32,"minecraft:stone_pickaxe":24,"minecraft:oak_planks":1,"minecraft:wooden_pickaxe":70,"minecraft:gravel":6,"minecraft:dirt":18,"minecraft:oak_slab":52,"minecraft:furnace":1,"minecraft:oak_boat":1},"minecraft:dropped":{"minecraft:dirt":23,"minecraft:potato":5},"minecraft:picked_up":{"minecraft:wooden_axe":1,"minecraft:mud":19,"minecraft:oak_slab":7,"minecraft:stick":5,"minecraft:gravel":6,"minecraft:oak_log":26,"minecraft:dirt":89,"minecraft:oak_sapling":2,"minecraft:moss_block":62,"minecraft:oak_planks":1,"minecraft:cobblestone":28},"minecraft:crafted":{"minecraft:oak_boat":1,"minecraft:oak_slab":48,"minecraft:oak_planks":32,"minecraft:stick":8,"minecraft:wooden_pickaxe":2,"minecraft:stone_pickaxe":1,"minecraft:furnace":1,"minecraft:potato":5}},"DataVersion":3953}