{"stats":{"minecraft:crafted":{"minecraft:wolf_spawn_egg":1,"minecraft:oak_slab":48,"minecraft:oak_planks":64,"minecraft:wooden_pickaxe":2,"minecraft:furnace":1,"minecraft:pufferfish_bucket":5,"minecraft:bone":36,"minecraft:potato":5,"minecraft:air":0,"minecraft:terracotta":7,"minecraft:oak_boat":1,"minecraft:diamond_pickaxe":1,"minecraft:stick":28,"minecraft:iron_ingot":43,"minecraft:iron_pickaxe":3,"minecraft:stone_pickaxe":3,"minecraft:chest":2,"minecraft:gold_ingot":11},"minecraft:used":{"minecraft:moss_block":34,"minecraft:cherry_sapling":7,"minecraft:stone_pickaxe":278,"minecraft:oak_planks":12,"minecraft:chest":3,"minecraft:wooden_pickaxe":118,"minecraft:dirt":39,"minecraft:oak_slab":67,"minecraft:crafting_table":1,"minecraft:carrot":15,"minecraft:oak_log":1,"minecraft:wooden_axe":32,"minecraft:diamond_pickaxe":346,"minecraft:iron_pickaxe":924,"minecraft:gravel":6,"minecraft:furnace":2,"minecraft:oak_boat":3},"minecraft:custom":{"minecraft:interact_with_furnace":43,"minecraft:mob_kills":2,"minecraft:traded_with_villager":10,"minecraft:interact_with_crafting_table":30,"minecraft:leave_game":2,"minecraft:time_since_death":3740,"minecraft:time_since_rest":3766,"minecraft:sprint_one_cm":84892,"minecraft:damage_taken":1305,"minecraft:walk_one_cm":175893,"minecraft:drop":14,"minecraft:damage_dealt":757,"minecraft:player_kills":1,"minecraft:talked_to_villager":44,"minecraft:fly_one_cm":45070,"minecraft:open_chest":210,"minecraft:crouch_one_cm":15553,"minecraft:play_time":123085,"minecraft:deaths":5,"minecraft:sneak_time":5744,"minecraft:boat_one_cm":4731,"minecraft:jump":295,"minecraft:walk_on_water_one_cm":187,"minecraft:total_world_time":123085,"minecraft:fall_one_cm":2208},"minecraft:broken":{"minecraft:stone_pickaxe":1,"minecraft:iron_pickaxe":4,"minecraft:wooden_pickaxe":2},"minecraft:dropped":{"minecraft:oak_planks":1,"minecraft:dirt":23,"minecraft:potato":5,"minecraft:iron_axe":1},"minecraft:killed":{"minecraft:zombie":2},"minecraft:killed_by":{"minecraft:player":1,"minecraft:zombie":1},"minecraft:picked_up":{"minecraft:wooden_axe":1,"minecraft:mud":68,"minecraft:crafting_table":1,"minecraft:clay_ball":144,"minecraft:andesite":33,"minecraft:oak_log":100,"minecraft:lapis_lazuli":229,"minecraft:dirt":255,"minecraft:raw_copper":97,"minecraft:iron_axe":1,"minecraft:apple":2,"minecraft:cobbled_deepslate":10,"minecraft:raw_gold":22,"minecraft:iron_ingot":2,"minecraft:oak_boat":2,"minecraft:iron_pickaxe":1,"minecraft:moss_block":159,"minecraft:chest":1,"minecraft:oak_planks":77,"minecraft:furnace":1,"minecraft:oak_slab":32,"minecraft:stick":22,"minecraft:raw_iron":60,"minecraft:dripstone_block":42,"minecraft:gravel":6,"minecraft:cherry_log":2,"minecraft:spruce_sapling":5,"minecraft:diorite":28,"minecraft:carrot":47,"minecraft:redstone":116,"minecraft:rotten_flesh":1,"minecraft:diamond":15,"minecraft:granite":22,"minecraft:cherry_sapling":9,"minecraft:emerald":26,"minecraft:oak_sapling":5,"minecraft:coal":58,"minecraft:cobblestone":201},"minecraft:mined":{"minecraft:deepslate_redstone_ore":15,"minecraft:oak_slab":12,"minecraft:deepslate_diamond_ore":17,"minecraft:clay":43,"minecraft:crafting_table":1,"minecraft:granite":35,"minecraft:grass_block":319,"minecraft:chest":1,"minecraft:copper_ore":15,"minecraft:deepslate_coal_ore":12,"minecraft:spruce_leaves":124,"minecraft:deepslate_gold_ore":15,"minecraft:lapis_ore":20,"minecraft:oak_planks":2,"minecraft:moss_block":214,"minecraft:diorite":36,"minecraft:deepslate_copper_ore":18,"minecraft:redstone_ore":14,"minecraft:furnace":1,"minecraft:carrots":17,"minecraft:mud":99,"minecraft:iron_ore":73,"minecraft:andesite":44,"minecraft:deepslate_lapis_ore":17,"minecraft:coal_ore":56,"minecraft:oak_log":117,"minecraft:deepslate_iron_ore":14,"minecraft:cherry_leaves":7,"minecraft:dirt":26,"minecraft:gravel":6,"minecraft:dripstone_block":69,"minecraft:stone":298,"minecraft:gold_ore":11,"minecraft:deepslate_emerald_ore":27,"minecraft:oak_leaves":149,"minecraft:deepslate":14}},"DataVersion":3953}