{"stats":{"minecraft:mined":{"minecraft:oak_slab":3,"minecraft:grass_block":21,"minecraft:oak_log":13,"minecraft:mud":1,"minecraft:dirt":25,"minecraft:spruce_leaves":4,"minecraft:moss_block":26,"minecraft:oak_leaves":5},"minecraft:custom":{"minecraft:time_since_rest":8415,"minecraft:play_time":8415,"minecraft:crouch_one_cm":7510,"minecraft:sprint_one_cm":634,"minecraft:walk_one_cm":19578,"minecraft:sneak_time":2853,"minecraft:drop":11,"minecraft:boat_one_cm":1140,"minecraft:jump":9,"minecraft:time_since_death":8415,"minecraft:total_world_time":8415,"minecraft:talked_to_villager":2,"minecraft:interact_with_crafting_table":4,"minecraft:fall_one_cm":269,"minecraft:fly_one_cm":225},"minecraft:used":{"minecraft:moss_block":10,"minecraft:wooden_axe":13,"minecraft:dirt":8,"minecraft:oak_slab":15,"minecraft:oak_boat":1},"minecraft:dropped":{"minecraft:dirt":23},"minecraft:picked_up":{"minecraft:wooden_axe":1,"minecraft:oak_slab":2,"minecraft:oak_log":10,"minecraft:moss_block":16,"minecraft:dirt":34,"minecraft:mud":1},"minecraft:crafted":{"minecraft:oak_slab":18,"minecraft:oak_boat":1,"minecraft:oak_planks":24}},"DataVersion":3953}