{"stats":{"minecraft:crafted":{"minecraft:oak_slab":48,"minecraft:oak_planks":56,"minecraft:wooden_pickaxe":2,"minecraft:furnace":1,"minecraft:pufferfish_bucket":5,"minecraft:bone":36,"minecraft:potato":5,"minecraft:air":0,"minecraft:terracotta":7,"minecraft:oak_boat":1,"minecraft:stick":28,"minecraft:iron_ingot":42,"minecraft:iron_pickaxe":3,"minecraft:stone_pickaxe":3,"minecraft:gold_ingot":3},"minecraft:used":{"minecraft:moss_block":34,"minecraft:cherry_sapling":1,"minecraft:stone_pickaxe":278,"minecraft:oak_planks":1,"minecraft:wooden_pickaxe":118,"minecraft:dirt":39,"minecraft:oak_slab":67,"minecraft:crafting_table":1,"minecraft:oak_log":1,"minecraft:wooden_axe":32,"minecraft:iron_pickaxe":614,"minecraft:gravel":6,"minecraft:furnace":2,"minecraft:oak_boat":3},"minecraft:custom":{"minecraft:interact_with_furnace":30,"minecraft:traded_with_villager":9,"minecraft:interact_with_crafting_table":27,"minecraft:leave_game":2,"minecraft:time_since_death":18148,"minecraft:time_since_rest":18178,"minecraft:sprint_one_cm":42106,"minecraft:damage_taken":835,"minecraft:walk_one_cm":121449,"minecraft:drop":12,"minecraft:damage_dealt":407,"minecraft:player_kills":1,"minecraft:talked_to_villager":28,"minecraft:fly_one_cm":29939,"minecraft:open_chest":124,"minecraft:crouch_one_cm":15489,"minecraft:play_time":87085,"minecraft:deaths":3,"minecraft:sneak_time":5593,"minecraft:boat_one_cm":4731,"minecraft:jump":223,"minecraft:total_world_time":87085,"minecraft:fall_one_cm":2208},"minecraft:broken":{"minecraft:stone_pickaxe":1,"minecraft:iron_pickaxe":2,"minecraft:wooden_pickaxe":2},"minecraft:dropped":{"minecraft:dirt":23,"minecraft:potato":5},"minecraft:killed_by":{"minecraft:player":1},"minecraft:picked_up":{"minecraft:wooden_axe":1,"minecraft:mud":43,"minecraft:crafting_table":1,"minecraft:clay_ball":44,"minecraft:andesite":16,"minecraft:oak_log":70,"minecraft:lapis_lazuli":49,"minecraft:dirt":199,"minecraft:raw_copper":27,"minecraft:raw_gold":5,"minecraft:iron_ingot":2,"minecraft:oak_boat":2,"minecraft:moss_block":130,"minecraft:oak_planks":1,"minecraft:furnace":1,"minecraft:oak_slab":32,"minecraft:stick":7,"minecraft:raw_iron":36,"minecraft:dripstone_block":21,"minecraft:gravel":6,"minecraft:spruce_sapling":2,"minecraft:diorite":11,"minecraft:redstone":15,"minecraft:granite":12,"minecraft:cherry_sapling":1,"minecraft:oak_sapling":4,"minecraft:coal":45,"minecraft:cobblestone":138},"minecraft:mined":{"minecraft:oak_slab":12,"minecraft:clay":17,"minecraft:crafting_table":1,"minecraft:granite":18,"minecraft:grass_block":238,"minecraft:copper_ore":9,"minecraft:spruce_leaves":89,"minecraft:lapis_ore":10,"minecraft:oak_planks":1,"minecraft:moss_block":176,"minecraft:diorite":14,"minecraft:redstone_ore":3,"minecraft:furnace":1,"minecraft:mud":71,"minecraft:iron_ore":59,"minecraft:andesite":21,"minecraft:coal_ore":49,"minecraft:oak_log":82,"minecraft:dirt":26,"minecraft:gravel":6,"minecraft:dripstone_block":42,"minecraft:stone":218,"minecraft:gold_ore":5,"minecraft:oak_leaves":117}},"DataVersion":3953}