{"stats":{"minecraft:crafted":{"minecraft:oak_door":3,"minecraft:oak_planks":116,"minecraft:furnace":1,"minecraft:pufferfish_bucket":5,"minecraft:raw_copper_block":18,"minecraft:potato":5,"minecraft:terracotta":7,"minecraft:diamond_leggings":1,"minecraft:iron_axe":1,"minecraft:stone_pickaxe":3,"minecraft:chest":5,"minecraft:redstone_block":21,"minecraft:wolf_spawn_egg":2,"minecraft:oak_slab":60,"minecraft:wooden_pickaxe":2,"minecraft:iron_sword":1,"minecraft:bone":36,"minecraft:air":0,"minecraft:oak_boat":1,"minecraft:white_wool":373,"minecraft:diamond_pickaxe":2,"minecraft:stick":32,"minecraft:iron_pickaxe":4,"minecraft:iron_ingot":49,"minecraft:gold_ingot":25,"minecraft:white_bed":3,"minecraft:lapis_block":59,"minecraft:diamond_chestplate":1},"minecraft:used":{"minecraft:moss_block":36,"minecraft:cherry_sapling":7,"minecraft:chest":7,"minecraft:iron_sword":72,"minecraft:oak_door":2,"minecraft:torch":1,"minecraft:dirt":39,"minecraft:carrot":23,"minecraft:wooden_axe":32,"minecraft:iron_axe":39,"minecraft:furnace":2,"minecraft:cobbled_deepslate":3,"minecraft:stone_pickaxe":278,"minecraft:oak_planks":21,"minecraft:wooden_pickaxe":118,"minecraft:white_wool":79,"minecraft:oak_slab":92,"minecraft:crafting_table":1,"minecraft:white_bed":3,"minecraft:oak_log":1,"minecraft:diamond_pickaxe":2138,"minecraft:string":16,"minecraft:iron_pickaxe":1110,"minecraft:gravel":6,"minecraft:oak_boat":3},"minecraft:custom":{"minecraft:mob_kills":77,"minecraft:interact_with_crafting_table":51,"minecraft:leave_game":3,"minecraft:time_since_death":19864,"minecraft:sprint_one_cm":204088,"minecraft:walk_one_cm":370637,"minecraft:drop":14,"minecraft:talked_to_villager":63,"minecraft:play_time":229152,"minecraft:deaths":9,"minecraft:sneak_time":6255,"minecraft:walk_under_water_one_cm":1201,"minecraft:boat_one_cm":4731,"minecraft:jump":795,"minecraft:interact_with_blast_furnace":13,"minecraft:walk_on_water_one_cm":13727,"minecraft:total_world_time":229152,"minecraft:interact_with_furnace":63,"minecraft:traded_with_villager":11,"minecraft:sleep_in_bed":2,"minecraft:time_since_rest":20193,"minecraft:damage_taken":2640,"minecraft:damage_dealt":3099,"minecraft:fly_one_cm":116083,"minecraft:player_kills":1,"minecraft:open_chest":407,"minecraft:crouch_one_cm":15813,"minecraft:interact_with_smoker":2,"minecraft:fall_one_cm":6793},"minecraft:broken":{"minecraft:wooden_pickaxe":2,"minecraft:stone_pickaxe":1,"minecraft:iron_pickaxe":5},"minecraft:dropped":{"minecraft:dirt":23,"minecraft:iron_axe":1,"minecraft:oak_planks":1,"minecraft:potato":5},"minecraft:killed":{"minecraft:spider":1,"minecraft:skeleton":21,"minecraft:creeper":30,"minecraft:trader_llama":1,"minecraft:zombie":22},"minecraft:killed_by":{"minecraft:player":2,"minecraft:enderman":1,"minecraft:zombie":2},"minecraft:picked_up":{"minecraft:wooden_axe":1,"minecraft:mud":144,"minecraft:crafting_table":1,"minecraft:clay_ball":396,"minecraft:amethyst_block":2,"minecraft:string":2003,"minecraft:raw_copper":316,"minecraft:iron_axe":2,"minecraft:pufferfish":2,"minecraft:blackstone":6,"minecraft:gold_nugget":128,"minecraft:cobbled_deepslate":73,"minecraft:oak_boat":3,"minecraft:iron_pickaxe":2,"minecraft:chest":3,"minecraft:furnace":1,"minecraft:raw_iron":143,"minecraft:stick":26,"minecraft:torch":1,"minecraft:cherry_log":4,"minecraft:diorite":86,"minecraft:carrot":71,"minecraft:redstone":293,"minecraft:arrow":3,"minecraft:rotten_flesh":7,"minecraft:obsidian":11,"minecraft:white_wool":20,"minecraft:cobblestone":385,"minecraft:andesite":90,"minecraft:leather":2,"minecraft:oak_log":216,"minecraft:ancient_debris":25,"minecraft:gunpowder":5,"minecraft:lapis_lazuli":570,"minecraft:dirt":437,"minecraft:bone":18,"minecraft:apple":2,"minecraft:raw_gold":68,"minecraft:iron_ingot":2,"minecraft:glowstone_dust":83,"minecraft:moss_block":252,"minecraft:oak_planks":85,"minecraft:soul_sand":25,"minecraft:oak_slab":50,"minecraft:quartz":25,"minecraft:dripstone_block":112,"minecraft:gravel":6,"minecraft:spruce_sapling":6,"minecraft:spider_eye":2,"minecraft:diamond":135,"minecraft:granite":68,"minecraft:cherry_sapling":16,"minecraft:emerald":89,"minecraft:oak_sapling":6,"minecraft:netherrack":31,"minecraft:coal":125,"minecraft:diamond_pickaxe":2},"minecraft:mined":{"minecraft:nether_gold_ore":33,"minecraft:deepslate_diamond_ore":112,"minecraft:cherry_log":2,"minecraft:obsidian":13,"minecraft:granite":86,"minecraft:grass_block":527,"minecraft:spruce_leaves":191,"minecraft:moss_block":325,"minecraft:redstone_ore":14,"minecraft:glowstone":28,"minecraft:furnace":1,"minecraft:carrots":17,"minecraft:iron_ore":73,"minecraft:andesite":103,"minecraft:deepslate_lapis_ore":72,"minecraft:deepslate_iron_ore":108,"minecraft:stone":488,"minecraft:tripwire":1,"minecraft:deepslate_redstone_ore":62,"minecraft:oak_slab":20,"minecraft:blackstone":7,"minecraft:soul_sand":21,"minecraft:clay":105,"minecraft:crafting_table":1,"minecraft:torch":1,"minecraft:chest":3,"minecraft:nether_quartz_ore":33,"minecraft:copper_ore":15,"minecraft:deepslate_coal_ore":85,"minecraft:lapis_ore":20,"minecraft:deepslate_gold_ore":72,"minecraft:oak_planks":9,"minecraft:sculk":6,"minecraft:diorite":99,"minecraft:amethyst_block":2,"minecraft:deepslate_copper_ore":79,"minecraft:mud":176,"minecraft:oak_log":226,"minecraft:coal_ore":56,"minecraft:cherry_leaves":8,"minecraft:gravel":6,"minecraft:dripstone_block":144,"minecraft:dirt":26,"minecraft:netherrack":30,"minecraft:ancient_debris":23,"minecraft:oak_leaves":228,"minecraft:gold_ore":11,"minecraft:deepslate_emerald_ore":103,"minecraft:deepslate":80}},"DataVersion":3953}