{"stats":{"minecraft:crafted":{"minecraft:oak_door":3,"minecraft:wolf_spawn_egg":2,"minecraft:oak_slab":60,"minecraft:oak_planks":72,"minecraft:wooden_pickaxe":2,"minecraft:furnace":1,"minecraft:pufferfish_bucket":5,"minecraft:bone":36,"minecraft:raw_copper_block":18,"minecraft:potato":5,"minecraft:air":0,"minecraft:terracotta":7,"minecraft:oak_boat":1,"minecraft:white_wool":18,"minecraft:diamond_pickaxe":1,"minecraft:iron_axe":1,"minecraft:stick":28,"minecraft:iron_ingot":45,"minecraft:iron_pickaxe":3,"minecraft:stone_pickaxe":3,"minecraft:chest":2,"minecraft:gold_ingot":25,"minecraft:white_bed":3,"minecraft:redstone_block":21,"minecraft:lapis_block":33},"minecraft:used":{"minecraft:moss_block":34,"minecraft:cherry_sapling":7,"minecraft:stone_pickaxe":278,"minecraft:oak_planks":21,"minecraft:chest":3,"minecraft:wooden_pickaxe":118,"minecraft:oak_door":2,"minecraft:torch":1,"minecraft:dirt":39,"minecraft:oak_slab":83,"minecraft:crafting_table":1,"minecraft:carrot":18,"minecraft:white_bed":3,"minecraft:oak_log":1,"minecraft:wooden_axe":32,"minecraft:diamond_pickaxe":478,"minecraft:iron_axe":29,"minecraft:iron_pickaxe":1013,"minecraft:gravel":6,"minecraft:furnace":2,"minecraft:oak_boat":3},"minecraft:custom":{"minecraft:interact_with_furnace":56,"minecraft:mob_kills":5,"minecraft:traded_with_villager":11,"minecraft:interact_with_crafting_table":39,"minecraft:leave_game":2,"minecraft:time_since_death":27740,"minecraft:sleep_in_bed":2,"minecraft:time_since_rest":5500,"minecraft:sprint_one_cm":133280,"minecraft:damage_taken":1435,"minecraft:walk_one_cm":228805,"minecraft:drop":14,"minecraft:damage_dealt":1252,"minecraft:player_kills":1,"minecraft:talked_to_villager":51,"minecraft:fly_one_cm":60901,"minecraft:open_chest":288,"minecraft:crouch_one_cm":15555,"minecraft:play_time":147085,"minecraft:deaths":5,"minecraft:sneak_time":5801,"minecraft:boat_one_cm":4731,"minecraft:jump":435,"minecraft:interact_with_blast_furnace":6,"minecraft:walk_on_water_one_cm":1163,"minecraft:total_world_time":147085,"minecraft:fall_one_cm":2835},"minecraft:broken":{"minecraft:stone_pickaxe":1,"minecraft:iron_pickaxe":5,"minecraft:wooden_pickaxe":2},"minecraft:dropped":{"minecraft:oak_planks":1,"minecraft:dirt":23,"minecraft:potato":5,"minecraft:iron_axe":1},"minecraft:killed":{"minecraft:skeleton":1,"minecraft:zombie":4},"minecraft:killed_by":{"minecraft:player":1,"minecraft:zombie":1},"minecraft:picked_up":{"minecraft:wooden_axe":1,"minecraft:mud":74,"minecraft:crafting_table":1,"minecraft:clay_ball":160,"minecraft:andesite":36,"minecraft:oak_log":115,"minecraft:lapis_lazuli":240,"minecraft:string":72,"minecraft:dirt":274,"minecraft:raw_copper":129,"minecraft:iron_axe":1,"minecraft:bone":16,"minecraft:apple":2,"minecraft:cobbled_deepslate":18,"minecraft:raw_gold":26,"minecraft:iron_ingot":2,"minecraft:oak_boat":2,"minecraft:iron_pickaxe":1,"minecraft:moss_block":167,"minecraft:chest":1,"minecraft:oak_planks":84,"minecraft:furnace":1,"minecraft:oak_slab":41,"minecraft:stick":24,"minecraft:raw_iron":66,"minecraft:torch":1,"minecraft:dripstone_block":46,"minecraft:gravel":6,"minecraft:cherry_log":4,"minecraft:spruce_sapling":5,"minecraft:diorite":34,"minecraft:carrot":47,"minecraft:redstone":136,"minecraft:arrow":1,"minecraft:rotten_flesh":3,"minecraft:diamond":27,"minecraft:granite":30,"minecraft:cherry_sapling":15,"minecraft:emerald":36,"minecraft:oak_sapling":6,"minecraft:coal":67,"minecraft:cobblestone":222},"minecraft:mined":{"minecraft:deepslate_redstone_ore":20,"minecraft:oak_slab":18,"minecraft:deepslate_diamond_ore":33,"minecraft:cherry_log":2,"minecraft:clay":49,"minecraft:crafting_table":1,"minecraft:torch":1,"minecraft:granite":39,"minecraft:grass_block":339,"minecraft:chest":1,"minecraft:copper_ore":15,"minecraft:deepslate_coal_ore":24,"minecraft:spruce_leaves":131,"minecraft:deepslate_gold_ore":20,"minecraft:lapis_ore":20,"minecraft:oak_planks":9,"minecraft:moss_block":222,"minecraft:diorite":46,"minecraft:deepslate_copper_ore":28,"minecraft:redstone_ore":14,"minecraft:furnace":1,"minecraft:carrots":17,"minecraft:mud":106,"minecraft:iron_ore":73,"minecraft:andesite":50,"minecraft:deepslate_lapis_ore":22,"minecraft:coal_ore":56,"minecraft:oak_log":137,"minecraft:deepslate_iron_ore":22,"minecraft:cherry_leaves":8,"minecraft:dirt":26,"minecraft:gravel":6,"minecraft:dripstone_block":74,"minecraft:stone":324,"minecraft:gold_ore":11,"minecraft:deepslate_emerald_ore":40,"minecraft:oak_leaves":158,"minecraft:deepslate":21}},"DataVersion":3953}