{"stats":{"minecraft:mined":{"minecraft:oak_slab":12,"minecraft:mud":30,"minecraft:grass_block":107,"minecraft:oak_log":42,"minecraft:gravel":6,"minecraft:dirt":26,"minecraft:spruce_leaves":45,"minecraft:stone":91,"minecraft:moss_block":108,"minecraft:oak_planks":1,"minecraft:oak_leaves":38},"minecraft:broken":{"minecraft:wooden_pickaxe":2},"minecraft:custom":{"minecraft:time_since_rest":16959,"minecraft:sprint_one_cm":21374,"minecraft:damage_taken":240,"minecraft:walk_one_cm":74614,"minecraft:drop":12,"minecraft:damage_dealt":10,"minecraft:traded_with_villager":1,"minecraft:interact_with_crafting_table":14,"minecraft:talked_to_villager":9,"minecraft:fly_one_cm":10388,"minecraft:open_chest":29,"minecraft:crouch_one_cm":15486,"minecraft:play_time":38415,"minecraft:deaths":1,"minecraft:sneak_time":5490,"minecraft:boat_one_cm":3411,"minecraft:jump":112,"minecraft:time_since_death":16922,"minecraft:total_world_time":38415,"minecraft:fall_one_cm":2208,"minecraft:interact_with_furnace":3},"minecraft:used":{"minecraft:oak_log":1,"minecraft:moss_block":34,"minecraft:wooden_axe":32,"minecraft:stone_pickaxe":149,"minecraft:oak_planks":1,"minecraft:wooden_pickaxe":118,"minecraft:gravel":6,"minecraft:dirt":39,"minecraft:oak_slab":67,"minecraft:furnace":1,"minecraft:oak_boat":1},"minecraft:dropped":{"minecraft:dirt":23,"minecraft:potato":5},"minecraft:picked_up":{"minecraft:wooden_axe":1,"minecraft:mud":21,"minecraft:oak_slab":32,"minecraft:stick":5,"minecraft:gravel":6,"minecraft:oak_log":32,"minecraft:dirt":101,"minecraft:oak_sapling":2,"minecraft:moss_block":76,"minecraft:oak_planks":1,"minecraft:cobblestone":53},"minecraft:crafted":{"minecraft:oak_boat":1,"minecraft:oak_slab":48,"minecraft:oak_planks":32,"minecraft:stick":12,"minecraft:wooden_pickaxe":2,"minecraft:stone_pickaxe":2,"minecraft:furnace":1,"minecraft:potato":5}},"DataVersion":3953}