{"stats":{"minecraft:crafted":{"minecraft:oak_door":3,"minecraft:wolf_spawn_egg":2,"minecraft:oak_slab":60,"minecraft:oak_planks":72,"minecraft:wooden_pickaxe":2,"minecraft:furnace":1,"minecraft:pufferfish_bucket":5,"minecraft:bone":36,"minecraft:raw_copper_block":18,"minecraft:potato":5,"minecraft:air":0,"minecraft:terracotta":7,"minecraft:oak_boat":1,"minecraft:white_wool":373,"minecraft:diamond_pickaxe":2,"minecraft:iron_axe":1,"minecraft:stick":32,"minecraft:iron_ingot":49,"minecraft:iron_pickaxe":4,"minecraft:stone_pickaxe":3,"minecraft:chest":2,"minecraft:gold_ingot":25,"minecraft:white_bed":3,"minecraft:redstone_block":21,"minecraft:lapis_block":33},"minecraft:used":{"minecraft:moss_block":36,"minecraft:cherry_sapling":7,"minecraft:stone_pickaxe":278,"minecraft:oak_planks":21,"minecraft:chest":3,"minecraft:wooden_pickaxe":118,"minecraft:oak_door":2,"minecraft:white_wool":79,"minecraft:torch":1,"minecraft:dirt":39,"minecraft:oak_slab":92,"minecraft:crafting_table":1,"minecraft:carrot":23,"minecraft:white_bed":3,"minecraft:oak_log":1,"minecraft:wooden_axe":32,"minecraft:diamond_pickaxe":903,"minecraft:iron_axe":39,"minecraft:string":16,"minecraft:iron_pickaxe":1110,"minecraft:gravel":6,"minecraft:furnace":2,"minecraft:cobbled_deepslate":3,"minecraft:oak_boat":3},"minecraft:custom":{"minecraft:interact_with_furnace":61,"minecraft:mob_kills":11,"minecraft:traded_with_villager":11,"minecraft:interact_with_crafting_table":46,"minecraft:leave_game":2,"minecraft:time_since_death":11836,"minecraft:sleep_in_bed":2,"minecraft:time_since_rest":11870,"minecraft:sprint_one_cm":189539,"minecraft:damage_taken":2395,"minecraft:walk_one_cm":327328,"minecraft:drop":14,"minecraft:damage_dealt":1844,"minecraft:player_kills":1,"minecraft:talked_to_villager":61,"minecraft:fly_one_cm":103725,"minecraft:open_chest":354,"minecraft:crouch_one_cm":15556,"minecraft:play_time":183085,"minecraft:deaths":8,"minecraft:sneak_time":5900,"minecraft:walk_under_water_one_cm":1201,"minecraft:boat_one_cm":4731,"minecraft:jump":718,"minecraft:interact_with_blast_furnace":10,"minecraft:walk_on_water_one_cm":13727,"minecraft:total_world_time":183085,"minecraft:fall_one_cm":6375},"minecraft:broken":{"minecraft:stone_pickaxe":1,"minecraft:iron_pickaxe":5,"minecraft:wooden_pickaxe":2},"minecraft:dropped":{"minecraft:oak_planks":1,"minecraft:dirt":23,"minecraft:potato":5,"minecraft:iron_axe":1},"minecraft:killed":{"minecraft:spider":1,"minecraft:creeper":1,"minecraft:skeleton":2,"minecraft:trader_llama":1,"minecraft:zombie":4},"minecraft:killed_by":{"minecraft:player":1,"minecraft:zombie":2,"minecraft:enderman":1},"minecraft:picked_up":{"minecraft:wooden_axe":1,"minecraft:mud":94,"minecraft:crafting_table":1,"minecraft:clay_ball":220,"minecraft:andesite":55,"minecraft:leather":2,"minecraft:oak_log":139,"minecraft:ancient_debris":5,"minecraft:gunpowder":1,"minecraft:lapis_lazuli":367,"minecraft:string":2003,"minecraft:dirt":325,"minecraft:raw_copper":182,"minecraft:iron_axe":2,"minecraft:pufferfish":2,"minecraft:bone":17,"minecraft:apple":2,"minecraft:gold_nugget":21,"minecraft:cobbled_deepslate":39,"minecraft:raw_gold":38,"minecraft:iron_ingot":2,"minecraft:oak_boat":3,"minecraft:iron_pickaxe":2,"minecraft:glowstone_dust":16,"minecraft:moss_block":193,"minecraft:chest":1,"minecraft:oak_planks":84,"minecraft:soul_sand":3,"minecraft:furnace":1,"minecraft:oak_slab":50,"minecraft:stick":24,"minecraft:raw_iron":94,"minecraft:quartz":8,"minecraft:torch":1,"minecraft:dripstone_block":61,"minecraft:gravel":6,"minecraft:cherry_log":4,"minecraft:spruce_sapling":6,"minecraft:diorite":53,"minecraft:carrot":71,"minecraft:redstone":185,"minecraft:spider_eye":2,"minecraft:arrow":2,"minecraft:rotten_flesh":7,"minecraft:diamond":86,"minecraft:granite":42,"minecraft:cherry_sapling":16,"minecraft:emerald":52,"minecraft:netherrack":8,"minecraft:oak_sapling":6,"minecraft:coal":87,"minecraft:white_wool":20,"minecraft:cobblestone":275,"minecraft:diamond_pickaxe":1},"minecraft:mined":{"minecraft:nether_gold_ore":5,"minecraft:deepslate_redstone_ore":30,"minecraft:oak_slab":20,"minecraft:soul_sand":3,"minecraft:deepslate_diamond_ore":60,"minecraft:cherry_log":2,"minecraft:clay":65,"minecraft:crafting_table":1,"minecraft:torch":1,"minecraft:granite":52,"minecraft:grass_block":396,"minecraft:chest":1,"minecraft:nether_quartz_ore":9,"minecraft:copper_ore":15,"minecraft:deepslate_coal_ore":45,"minecraft:spruce_leaves":150,"minecraft:deepslate_gold_ore":33,"minecraft:lapis_ore":20,"minecraft:oak_planks":9,"minecraft:moss_block":251,"minecraft:diorite":67,"minecraft:deepslate_copper_ore":43,"minecraft:redstone_ore":14,"minecraft:glowstone":6,"minecraft:furnace":1,"minecraft:carrots":17,"minecraft:mud":127,"minecraft:iron_ore":73,"minecraft:andesite":70,"minecraft:deepslate_lapis_ore":43,"minecraft:coal_ore":56,"minecraft:oak_log":161,"minecraft:deepslate_iron_ore":51,"minecraft:cherry_leaves":8,"minecraft:dirt":26,"minecraft:gravel":6,"minecraft:dripstone_block":93,"minecraft:tripwire":1,"minecraft:stone":380,"minecraft:netherrack":9,"minecraft:ancient_debris":6,"minecraft:gold_ore":11,"minecraft:deepslate_emerald_ore":58,"minecraft:oak_leaves":179,"minecraft:deepslate":39}},"DataVersion":3953}