{"stats":{"minecraft:crafted":{"minecraft:oak_door":3,"minecraft:wolf_spawn_egg":2,"minecraft:oak_slab":60,"minecraft:oak_planks":72,"minecraft:wooden_pickaxe":2,"minecraft:furnace":1,"minecraft:pufferfish_bucket":5,"minecraft:bone":36,"minecraft:raw_copper_block":18,"minecraft:potato":5,"minecraft:air":0,"minecraft:terracotta":7,"minecraft:oak_boat":1,"minecraft:white_wool":373,"minecraft:diamond_pickaxe":1,"minecraft:iron_axe":1,"minecraft:stick":28,"minecraft:iron_ingot":49,"minecraft:iron_pickaxe":4,"minecraft:stone_pickaxe":3,"minecraft:chest":2,"minecraft:gold_ingot":25,"minecraft:white_bed":3,"minecraft:redstone_block":21,"minecraft:lapis_block":33},"minecraft:used":{"minecraft:moss_block":34,"minecraft:cherry_sapling":7,"minecraft:stone_pickaxe":278,"minecraft:oak_planks":21,"minecraft:chest":3,"minecraft:wooden_pickaxe":118,"minecraft:oak_door":2,"minecraft:white_wool":79,"minecraft:torch":1,"minecraft:dirt":39,"minecraft:oak_slab":83,"minecraft:crafting_table":1,"minecraft:carrot":23,"minecraft:white_bed":3,"minecraft:oak_log":1,"minecraft:wooden_axe":32,"minecraft:diamond_pickaxe":745,"minecraft:iron_axe":39,"minecraft:string":16,"minecraft:iron_pickaxe":1044,"minecraft:gravel":6,"minecraft:furnace":2,"minecraft:oak_boat":3},"minecraft:custom":{"minecraft:interact_with_furnace":61,"minecraft:mob_kills":10,"minecraft:traded_with_villager":11,"minecraft:interact_with_crafting_table":44,"minecraft:leave_game":2,"minecraft:time_since_death":2852,"minecraft:sleep_in_bed":2,"minecraft:time_since_rest":2884,"minecraft:sprint_one_cm":171293,"minecraft:damage_taken":2350,"minecraft:walk_one_cm":297007,"minecraft:drop":14,"minecraft:damage_dealt":1796,"minecraft:player_kills":1,"minecraft:talked_to_villager":57,"minecraft:fly_one_cm":90348,"minecraft:open_chest":331,"minecraft:crouch_one_cm":15556,"minecraft:play_time":171085,"minecraft:deaths":7,"minecraft:sneak_time":5886,"minecraft:walk_under_water_one_cm":351,"minecraft:boat_one_cm":4731,"minecraft:jump":651,"minecraft:interact_with_blast_furnace":10,"minecraft:walk_on_water_one_cm":11846,"minecraft:total_world_time":171085,"minecraft:fall_one_cm":5272},"minecraft:broken":{"minecraft:stone_pickaxe":1,"minecraft:iron_pickaxe":5,"minecraft:wooden_pickaxe":2},"minecraft:dropped":{"minecraft:oak_planks":1,"minecraft:dirt":23,"minecraft:potato":5,"minecraft:iron_axe":1},"minecraft:killed":{"minecraft:spider":1,"minecraft:skeleton":2,"minecraft:trader_llama":1,"minecraft:zombie":4},"minecraft:killed_by":{"minecraft:player":1,"minecraft:zombie":1,"minecraft:enderman":1},"minecraft:picked_up":{"minecraft:wooden_axe":1,"minecraft:mud":87,"minecraft:crafting_table":1,"minecraft:clay_ball":200,"minecraft:andesite":46,"minecraft:leather":2,"minecraft:oak_log":130,"minecraft:ancient_debris":2,"minecraft:lapis_lazuli":313,"minecraft:string":1577,"minecraft:dirt":302,"minecraft:raw_copper":171,"minecraft:iron_axe":2,"minecraft:pufferfish":2,"minecraft:bone":17,"minecraft:apple":2,"minecraft:gold_nugget":13,"minecraft:cobbled_deepslate":23,"minecraft:raw_gold":33,"minecraft:iron_ingot":2,"minecraft:oak_boat":2,"minecraft:iron_pickaxe":1,"minecraft:moss_block":179,"minecraft:chest":1,"minecraft:oak_planks":84,"minecraft:furnace":1,"minecraft:oak_slab":41,"minecraft:stick":24,"minecraft:raw_iron":84,"minecraft:quartz":1,"minecraft:torch":1,"minecraft:dripstone_block":51,"minecraft:gravel":6,"minecraft:cherry_log":4,"minecraft:spruce_sapling":5,"minecraft:diorite":42,"minecraft:carrot":71,"minecraft:redstone":158,"minecraft:spider_eye":1,"minecraft:arrow":2,"minecraft:rotten_flesh":5,"minecraft:diamond":76,"minecraft:granite":38,"minecraft:cherry_sapling":16,"minecraft:emerald":51,"minecraft:netherrack":1,"minecraft:oak_sapling":6,"minecraft:coal":76,"minecraft:white_wool":20,"minecraft:cobblestone":255,"minecraft:diamond_pickaxe":1},"minecraft:mined":{"minecraft:nether_gold_ore":4,"minecraft:deepslate_redstone_ore":25,"minecraft:oak_slab":18,"minecraft:deepslate_diamond_ore":49,"minecraft:cherry_log":2,"minecraft:clay":60,"minecraft:crafting_table":1,"minecraft:torch":1,"minecraft:granite":48,"minecraft:grass_block":375,"minecraft:chest":1,"minecraft:nether_quartz_ore":1,"minecraft:copper_ore":15,"minecraft:deepslate_coal_ore":34,"minecraft:spruce_leaves":141,"minecraft:deepslate_gold_ore":28,"minecraft:lapis_ore":20,"minecraft:oak_planks":9,"minecraft:moss_block":238,"minecraft:diorite":57,"minecraft:deepslate_copper_ore":39,"minecraft:redstone_ore":14,"minecraft:glowstone":1,"minecraft:furnace":1,"minecraft:carrots":17,"minecraft:mud":121,"minecraft:iron_ore":73,"minecraft:andesite":61,"minecraft:deepslate_lapis_ore":35,"minecraft:coal_ore":56,"minecraft:oak_log":153,"minecraft:deepslate_iron_ore":40,"minecraft:cherry_leaves":8,"minecraft:dirt":26,"minecraft:gravel":6,"minecraft:dripstone_block":83,"minecraft:stone":360,"minecraft:netherrack":2,"minecraft:ancient_debris":3,"minecraft:gold_ore":11,"minecraft:deepslate_emerald_ore":55,"minecraft:oak_leaves":167,"minecraft:deepslate":26}},"DataVersion":3953}