{"stats":{"minecraft:crafted":{"minecraft:oak_door":3,"minecraft:wolf_spawn_egg":2,"minecraft:oak_slab":60,"minecraft:oak_planks":72,"minecraft:wooden_pickaxe":2,"minecraft:furnace":1,"minecraft:pufferfish_bucket":5,"minecraft:bone":36,"minecraft:potato":5,"minecraft:air":0,"minecraft:terracotta":7,"minecraft:oak_boat":1,"minecraft:white_wool":18,"minecraft:diamond_pickaxe":1,"minecraft:iron_axe":1,"minecraft:stick":28,"minecraft:iron_ingot":43,"minecraft:iron_pickaxe":3,"minecraft:stone_pickaxe":3,"minecraft:chest":2,"minecraft:gold_ingot":24,"minecraft:white_bed":3},"minecraft:used":{"minecraft:moss_block":34,"minecraft:cherry_sapling":7,"minecraft:stone_pickaxe":278,"minecraft:oak_planks":21,"minecraft:chest":3,"minecraft:wooden_pickaxe":118,"minecraft:oak_door":2,"minecraft:torch":1,"minecraft:dirt":39,"minecraft:oak_slab":83,"minecraft:crafting_table":1,"minecraft:carrot":18,"minecraft:white_bed":3,"minecraft:oak_log":1,"minecraft:wooden_axe":32,"minecraft:diamond_pickaxe":392,"minecraft:iron_axe":17,"minecraft:iron_pickaxe":947,"minecraft:gravel":6,"minecraft:furnace":2,"minecraft:oak_boat":3},"minecraft:custom":{"minecraft:interact_with_furnace":48,"minecraft:mob_kills":5,"minecraft:traded_with_villager":11,"minecraft:interact_with_crafting_table":36,"minecraft:leave_game":2,"minecraft:time_since_death":15740,"minecraft:time_since_rest":15766,"minecraft:sprint_one_cm":117159,"minecraft:damage_taken":1435,"minecraft:walk_one_cm":212419,"minecraft:drop":14,"minecraft:damage_dealt":1252,"minecraft:player_kills":1,"minecraft:talked_to_villager":47,"minecraft:fly_one_cm":55536,"minecraft:open_chest":256,"minecraft:crouch_one_cm":15554,"minecraft:play_time":135085,"minecraft:deaths":5,"minecraft:sneak_time":5764,"minecraft:boat_one_cm":4731,"minecraft:jump":412,"minecraft:walk_on_water_one_cm":1163,"minecraft:total_world_time":135085,"minecraft:fall_one_cm":2626},"minecraft:broken":{"minecraft:stone_pickaxe":1,"minecraft:iron_pickaxe":4,"minecraft:wooden_pickaxe":2},"minecraft:dropped":{"minecraft:oak_planks":1,"minecraft:dirt":23,"minecraft:potato":5,"minecraft:iron_axe":1},"minecraft:killed":{"minecraft:skeleton":1,"minecraft:zombie":4},"minecraft:killed_by":{"minecraft:player":1,"minecraft:zombie":1},"minecraft:picked_up":{"minecraft:wooden_axe":1,"minecraft:mud":68,"minecraft:crafting_table":1,"minecraft:clay_ball":152,"minecraft:andesite":33,"minecraft:oak_log":102,"minecraft:lapis_lazuli":235,"minecraft:string":72,"minecraft:dirt":257,"minecraft:raw_copper":113,"minecraft:iron_axe":1,"minecraft:bone":16,"minecraft:apple":2,"minecraft:cobbled_deepslate":12,"minecraft:raw_gold":23,"minecraft:iron_ingot":2,"minecraft:oak_boat":2,"minecraft:iron_pickaxe":1,"minecraft:moss_block":162,"minecraft:chest":1,"minecraft:oak_planks":84,"minecraft:furnace":1,"minecraft:oak_slab":41,"minecraft:stick":22,"minecraft:raw_iron":60,"minecraft:torch":1,"minecraft:dripstone_block":44,"minecraft:gravel":6,"minecraft:cherry_log":2,"minecraft:spruce_sapling":5,"minecraft:diorite":28,"minecraft:carrot":47,"minecraft:redstone":126,"minecraft:arrow":1,"minecraft:rotten_flesh":3,"minecraft:diamond":17,"minecraft:granite":25,"minecraft:cherry_sapling":9,"minecraft:emerald":28,"minecraft:oak_sapling":5,"minecraft:coal":62,"minecraft:cobblestone":208},"minecraft:mined":{"minecraft:deepslate_redstone_ore":16,"minecraft:oak_slab":18,"minecraft:deepslate_diamond_ore":20,"minecraft:clay":45,"minecraft:crafting_table":1,"minecraft:torch":1,"minecraft:granite":35,"minecraft:grass_block":320,"minecraft:chest":1,"minecraft:copper_ore":15,"minecraft:deepslate_coal_ore":16,"minecraft:spruce_leaves":128,"minecraft:deepslate_gold_ore":16,"minecraft:lapis_ore":20,"minecraft:oak_planks":9,"minecraft:moss_block":215,"minecraft:diorite":37,"minecraft:deepslate_copper_ore":22,"minecraft:redstone_ore":14,"minecraft:furnace":1,"minecraft:carrots":17,"minecraft:mud":99,"minecraft:iron_ore":73,"minecraft:andesite":45,"minecraft:deepslate_lapis_ore":19,"minecraft:coal_ore":56,"minecraft:oak_log":118,"minecraft:deepslate_iron_ore":16,"minecraft:cherry_leaves":7,"minecraft:dirt":26,"minecraft:gravel":6,"minecraft:dripstone_block":72,"minecraft:stone":306,"minecraft:gold_ore":11,"minecraft:deepslate_emerald_ore":29,"minecraft:oak_leaves":154,"minecraft:deepslate":16}},"DataVersion":3953}